opportunity_id,vendedor,manager,regiao,produto,conta,setor,stage,engage_date,idade_dias,valor_produto,categoria,ordem_categoria,score,base_historico,n_celula,F1,F2,F3,frase_F1,frase_F2,frase_F3,marcadores
NGTVHTFH,Boris Faz,Rocco Neubert,East,GTX Pro,,,Engaging,2017-12-19,12.0,4821.0,Agir,1,86.2,média,23,66.2,100.0,72.0,Você fecha GTX Pro em 17 de 23 deals (74%) — bem acima da média geral (63%).,Há 12 dias em Engaging. 56% das perdas acontecem até o dia 14 — é agora que o seu esforço evita a perda.,GTX Pro: USD 4.821 em jogo — 3º produto mais caro dos 7.,janela crítica
RTWE19SU,Kary Hendrixson,Summer Sewald,West,GTX Pro,Conecom,technology,Engaging,2017-12-17,14.0,4821.0,Agir,1,83.5,ampla,77,52.7,100.0,72.0,Você fecha GTX Pro em 50 de 77 deals (65%) — acima da média geral (63%).,Há 14 dias em Engaging. 56% das perdas acontecem até o dia 14 — é agora que o seu esforço evita a perda.,GTX Pro: USD 4.821 em jogo — 3º produto mais caro dos 7.,janela crítica
RDHTQLNI,Cassey Cress,Rocco Neubert,East,GTX Plus Pro,,,Engaging,2017-12-21,10.0,5482.0,Agir,1,81.5,média,32,39.8,100.0,74.0,Seu histórico em GTX Plus Pro é 18 de 32 (56%) — abaixo da sua média (62%) e da geral (63%).,Há 10 dias em Engaging. 56% das perdas acontecem até o dia 14 — é agora que o seu esforço evita a perda.,GTX Plus Pro: USD 5.482 em jogo — 2º produto mais caro dos 7.,janela crítica
HCQK8NQ8,Wilburn Farren,Cara Losch,East,GTX Plus Basic,,,Engaging,2017-12-20,11.0,1096.0,Agir,1,80.9,pequena,3,69.4,100.0,48.0,Seu histórico em GTX Plus Basic é 3 de 3 (100%). Base pequena: o score usa 69% (puxado para a sua média de 70%).,Há 11 dias em Engaging. 56% das perdas acontecem até o dia 14 — é agora que o seu esforço evita a perda.,GTX Plus Basic: USD 1.096 em jogo — 5º produto mais caro dos 7.,janela crítica
HB740BLB,Hayden Neloms,Celia Rouche,West,MG Special,Silis,medical,Engaging,2017-12-20,11.0,55.0,Agir,1,69.7,média,23,73.7,100.0,0.0,Você fecha MG Special em 17 de 23 deals (74%) — bem acima da média geral (63%).,Há 11 dias em Engaging. 56% das perdas acontecem até o dia 14 — é agora que o seu esforço evita a perda.,MG Special: USD 55 em jogo — o produto mais barato do catálogo.,janela crítica
T6MPH7JC,Violet Mclelland,Cara Losch,East,MG Special,,,Engaging,2017-12-17,14.0,55.0,Agir,1,66.2,ampla,108,56.0,100.0,0.0,Você fecha MG Special em 71 de 108 deals (66%) — acima da média geral (63%).,Há 14 dias em Engaging. 56% das perdas acontecem até o dia 14 — é agora que o seu esforço evita a perda.,MG Special: USD 55 em jogo — o produto mais barato do catálogo.,janela crítica
DB801ISB,Elease Gluck,Celia Rouche,West,MG Special,,,Engaging,2017-12-22,9.0,55.0,Agir,1,65.6,ampla,51,53.0,100.0,0.0,Você fecha MG Special em 33 de 51 deals (65%) — acima da média geral (63%).,Há 9 dias em Engaging. 56% das perdas acontecem até o dia 14 — é agora que o seu esforço evita a perda.,MG Special: USD 55 em jogo — o produto mais barato do catálogo.,janela crítica
2DY9U1V7,Rosie Papadopoulos,Cara Losch,East,GTX Pro,Konex,technology,Engaging,2017-10-20,72.0,4821.0,Agir,1,59.2,média,31,74.2,48.0,72.0,Você fecha GTX Pro em 25 de 31 deals (81%) — bem acima da média geral (63%).,Há 72 dias em Engaging. Segunda onda de decisões: 22% dos desfechos acontecem entre 61 e 90 dias.,GTX Pro: USD 4.821 em jogo — 3º produto mais caro dos 7.,
P5C842B5,Kami Bicknell,Summer Sewald,West,GTX Plus Pro,,,Engaging,2017-10-28,64.0,5482.0,Agir,1,58.8,pequena,18,69.5,48.0,74.0,Seu histórico em GTX Plus Pro é 15 de 18 (83%). Base pequena: o score usa 69% (puxado para a sua média de 64%).,Há 64 dias em Engaging. Segunda onda de decisões: 22% dos desfechos acontecem entre 61 e 90 dias.,GTX Plus Pro: USD 5.482 em jogo — 2º produto mais caro dos 7.,
1LY8CAXD,Rosalina Dieter,Celia Rouche,West,GTK 500,Betasoloin,medical,Engaging,2017-09-27,95.0,26768.0,Agir,1,58.3,pequena,6,61.9,38.0,100.0,Seu histórico em GTK 500 é 5 de 6 (83%). Base pequena: o score usa 67% (puxado para a sua média de 65%).,"Há 95 dias em Engaging. Perto da parede: 85% dos que fecham já fecharam aos 90 dias, nenhum do histórico fechou depois de 138, e 1291 abertos já passaram disso sem fechar. Decida antes que vire mais um.",GTK 500: USD 26.768 em jogo — o produto mais caro do catálogo.,última janela
YQJGEI71,James Ascencio,Summer Sewald,West,GTX Plus Pro,,,Engaging,2017-10-19,73.0,5482.0,Agir,1,57.6,ampla,64,63.3,48.0,74.0,Você fecha GTX Plus Pro em 44 de 64 deals (69%) — acima da média geral (63%).,Há 73 dias em Engaging. Segunda onda de decisões: 22% dos desfechos acontecem entre 61 e 90 dias.,GTX Plus Pro: USD 5.482 em jogo — 2º produto mais caro dos 7.,
1L68AC0E,Wilburn Farren,Cara Losch,East,GTX Pro,Gogozoom,telecommunications,Engaging,2017-10-04,88.0,4821.0,Agir,1,57.3,pequena,13,64.7,48.0,72.0,Seu histórico em GTX Pro é 9 de 13 (69%). Base pequena: o score usa 68% (puxado para a sua média de 70%).,Há 88 dias em Engaging. Segunda onda de decisões: 22% dos desfechos acontecem entre 61 e 90 dias.,GTX Pro: USD 4.821 em jogo — 3º produto mais caro dos 7.,
XSTGL252,Cassey Cress,Rocco Neubert,East,GTX Pro,Toughzap,retail,Engaging,2017-10-15,77.0,4821.0,Agir,1,57.1,ampla,53,63.7,48.0,72.0,Você fecha GTX Pro em 38 de 53 deals (72%) — acima da média geral (63%).,Há 77 dias em Engaging. Segunda onda de decisões: 22% dos desfechos acontecem entre 61 e 90 dias.,GTX Pro: USD 4.821 em jogo — 3º produto mais caro dos 7.,
ZEYGDEBG,Daniell Hammack,Rocco Neubert,East,GTX Pro,,,Engaging,2017-10-09,83.0,4821.0,Agir,1,56.4,ampla,57,59.8,48.0,72.0,Você fecha GTX Pro em 40 de 57 deals (70%) — acima da média geral (63%).,Há 83 dias em Engaging. Segunda onda de decisões: 22% dos desfechos acontecem entre 61 e 90 dias.,GTX Pro: USD 4.821 em jogo — 3º produto mais caro dos 7.,
NMLTE4CS,Maureen Marcano,Summer Sewald,West,GTX Plus Pro,,,Engaging,2017-09-30,92.0,5482.0,Agir,1,56.3,média,32,84.7,38.0,74.0,Você fecha GTX Plus Pro em 26 de 32 deals (81%) — bem acima da média geral (63%).,"Há 92 dias em Engaging. Perto da parede: 85% dos que fecham já fecharam aos 90 dias, nenhum do histórico fechou depois de 138, e 1291 abertos já passaram disso sem fechar. Decida antes que vire mais um.",GTX Plus Pro: USD 5.482 em jogo — 2º produto mais caro dos 7.,última janela
VRWH3YJV,Maureen Marcano,Summer Sewald,West,GTX Plus Pro,,,Engaging,2017-09-14,108.0,5482.0,Agir,1,56.3,média,32,84.7,38.0,74.0,Você fecha GTX Plus Pro em 26 de 32 deals (81%) — bem acima da média geral (63%).,"Há 108 dias em Engaging. Perto da parede: 85% dos que fecham já fecharam aos 90 dias, nenhum do histórico fechou depois de 138, e 1291 abertos já passaram disso sem fechar. Decida antes que vire mais um.",GTX Plus Pro: USD 5.482 em jogo — 2º produto mais caro dos 7.,última janela
HN6TZPAF,Wilburn Farren,Cara Losch,East,GTX Plus Pro,,,Engaging,2017-10-31,61.0,5482.0,Agir,1,56.0,pequena,11,55.7,48.0,74.0,Seu histórico em GTX Plus Pro é 6 de 11 (55%). Base pequena: o score usa 65% (puxado para a sua média de 70%).,Há 61 dias em Engaging. Segunda onda de decisões: 22% dos desfechos acontecem entre 61 e 90 dias.,GTX Plus Pro: USD 5.482 em jogo — 2º produto mais caro dos 7.,
4D0K5T7T,Zane Levy,Summer Sewald,West,GTX Pro,Gogozoom,telecommunications,Engaging,2017-10-26,66.0,4821.0,Agir,1,55.4,ampla,69,55.1,48.0,72.0,Você fecha GTX Pro em 46 de 69 deals (67%) — acima da média geral (63%).,Há 66 dias em Engaging. Segunda onda de decisões: 22% dos desfechos acontecem entre 61 e 90 dias.,GTX Pro: USD 4.821 em jogo — 3º produto mais caro dos 7.,
7GDSUY9K,Hayden Neloms,Celia Rouche,West,GTX Plus Pro,Konmatfix,marketing,Engaging,2017-09-05,117.0,5482.0,Agir,1,55.4,pequena,10,80.1,38.0,74.0,Seu histórico em GTX Plus Pro é 9 de 10 (90%). Base pequena: o score usa 72% (puxado para a sua média de 70%).,"Há 117 dias em Engaging. Perto da parede: 85% dos que fecham já fecharam aos 90 dias, nenhum do histórico fechou depois de 138, e 1291 abertos já passaram disso sem fechar. Decida antes que vire mais um.",GTX Plus Pro: USD 5.482 em jogo — 2º produto mais caro dos 7.,última janela
HXGDBNAV,Maureen Marcano,Summer Sewald,West,MG Advanced,,,Engaging,2017-10-25,67.0,3393.0,Agir,1,55.2,pequena,17,60.0,48.0,67.0,Seu histórico em MG Advanced é 10 de 17 (59%). Base pequena: o score usa 66% (puxado para a sua média de 70%).,Há 67 dias em Engaging. Segunda onda de decisões: 22% dos desfechos acontecem entre 61 e 90 dias.,MG Advanced: USD 3.393 em jogo — 4º produto mais caro dos 7.,
OHOWVHYX,Rosalina Dieter,Celia Rouche,West,MG Advanced,Zoomit,entertainment,Engaging,2017-10-11,81.0,3393.0,Agir,1,55.2,média,23,60.4,48.0,67.0,Você fecha MG Advanced em 16 de 23 deals (70%) — acima da média geral (63%).,Há 81 dias em Engaging. Segunda onda de decisões: 22% dos desfechos acontecem entre 61 e 90 dias.,MG Advanced: USD 3.393 em jogo — 4º produto mais caro dos 7.,
JJGRAQ2K,Kary Hendrixson,Summer Sewald,West,GTX Plus Pro,Rangreen,technology,Engaging,2017-10-23,69.0,5482.0,Agir,1,55.0,média,31,50.4,48.0,74.0,Você fecha GTX Plus Pro em 20 de 31 deals (65%) — acima da média geral (63%).,Há 69 dias em Engaging. Segunda onda de decisões: 22% dos desfechos acontecem entre 61 e 90 dias.,GTX Plus Pro: USD 5.482 em jogo — 2º produto mais caro dos 7.,
VVE9HGLD,Kary Hendrixson,Summer Sewald,West,GTX Pro,,,Engaging,2017-10-05,87.0,4821.0,Agir,1,54.9,ampla,77,52.7,48.0,72.0,Você fecha GTX Pro em 50 de 77 deals (65%) — acima da média geral (63%).,Há 87 dias em Engaging. Segunda onda de decisões: 22% dos desfechos acontecem entre 61 e 90 dias.,GTX Pro: USD 4.821 em jogo — 3º produto mais caro dos 7.,
A5SCVK7E,Corliss Cosme,Cara Losch,East,GTX Plus Pro,Goodsilron,marketing,Engaging,2017-09-01,121.0,5482.0,Agir,1,54.7,média,38,76.4,38.0,74.0,Você fecha GTX Plus Pro em 30 de 38 deals (79%) — bem acima da média geral (63%).,"Há 121 dias em Engaging. Perto da parede: 85% dos que fecham já fecharam aos 90 dias, nenhum do histórico fechou depois de 138, e 1291 abertos já passaram disso sem fechar. Decida antes que vire mais um.",GTX Plus Pro: USD 5.482 em jogo — 2º produto mais caro dos 7.,última janela
A7OVC1WK,Corliss Cosme,Cara Losch,East,GTX Plus Pro,,,Engaging,2017-09-19,103.0,5482.0,Agir,1,54.7,média,38,76.4,38.0,74.0,Você fecha GTX Plus Pro em 30 de 38 deals (79%) — bem acima da média geral (63%).,"Há 103 dias em Engaging. Perto da parede: 85% dos que fecham já fecharam aos 90 dias, nenhum do histórico fechou depois de 138, e 1291 abertos já passaram disso sem fechar. Decida antes que vire mais um.",GTX Plus Pro: USD 5.482 em jogo — 2º produto mais caro dos 7.,última janela
T7N0RX05,Maureen Marcano,Summer Sewald,West,GTX Plus Pro,,,Engaging,2017-11-04,57.0,5482.0,Agir,1,54.7,média,32,84.7,35.0,74.0,Você fecha GTX Plus Pro em 26 de 32 deals (81%) — bem acima da média geral (63%).,Há 57 dias em Engaging. Zona de follow-up: só 14% dos desfechos acontecem entre os dias 15 e 60. Mantenha a cadência.,GTX Plus Pro: USD 5.482 em jogo — 2º produto mais caro dos 7.,
WZN26QZQ,Corliss Cosme,Cara Losch,East,GTX Plus Pro,Lexiqvolax,medical,Engaging,2017-08-27,126.0,5482.0,Agir,1,54.7,média,38,76.4,38.0,74.0,Você fecha GTX Plus Pro em 30 de 38 deals (79%) — bem acima da média geral (63%).,"Há 126 dias em Engaging. Perto da parede: 85% dos que fecham já fecharam aos 90 dias, nenhum do histórico fechou depois de 138, e 1291 abertos já passaram disso sem fechar. Decida antes que vire mais um.",GTX Plus Pro: USD 5.482 em jogo — 2º produto mais caro dos 7.,última janela
Y0M8X7BV,Corliss Cosme,Cara Losch,East,GTX Plus Pro,,,Engaging,2017-08-25,128.0,5482.0,Agir,1,54.7,média,38,76.4,38.0,74.0,Você fecha GTX Plus Pro em 30 de 38 deals (79%) — bem acima da média geral (63%).,"Há 128 dias em Engaging. Perto da parede: 85% dos que fecham já fecharam aos 90 dias, nenhum do histórico fechou depois de 138, e 1291 abertos já passaram disso sem fechar. Decida antes que vire mais um.",GTX Plus Pro: USD 5.482 em jogo — 2º produto mais caro dos 7.,última janela
TUKHDOGS,Maureen Marcano,Summer Sewald,West,GTX Pro,,,Engaging,2017-08-20,133.0,4821.0,Agir,1,54.6,média,30,78.4,38.0,72.0,Você fecha GTX Pro em 23 de 30 deals (77%) — bem acima da média geral (63%).,"Há 133 dias em Engaging. Perto da parede: 85% dos que fecham já fecharam aos 90 dias, nenhum do histórico fechou depois de 138, e 1291 abertos já passaram disso sem fechar. Decida antes que vire mais um.",GTX Pro: USD 4.821 em jogo — 3º produto mais caro dos 7.,última janela
OMCFUDOU,James Ascencio,Summer Sewald,West,GTX Pro,,,Engaging,2017-10-31,61.0,4821.0,Agir,1,54.5,média,33,50.5,48.0,72.0,Você fecha GTX Pro em 20 de 33 deals (61%) — acima da média geral (63%).,Há 61 dias em Engaging. Segunda onda de decisões: 22% dos desfechos acontecem entre 61 e 90 dias.,GTX Pro: USD 4.821 em jogo — 3º produto mais caro dos 7.,
ZGW9SCQ0,Hayden Neloms,Celia Rouche,West,MG Advanced,,,Engaging,2017-09-10,112.0,3393.0,Agir,1,54.5,ampla,77,84.4,38.0,67.0,Você fecha MG Advanced em 59 de 77 deals (77%) — bem acima da média geral (63%).,"Há 112 dias em Engaging. Perto da parede: 85% dos que fecham já fecharam aos 90 dias, nenhum do histórico fechou depois de 138, e 1291 abertos já passaram disso sem fechar. Decida antes que vire mais um.",MG Advanced: USD 3.393 em jogo — 4º produto mais caro dos 7.,última janela
SLILSQJV,Maureen Marcano,Summer Sewald,West,GTX Plus Basic,,,Engaging,2017-10-19,73.0,1096.0,Agir,1,54.3,ampla,70,79.3,48.0,48.0,Você fecha GTX Plus Basic em 52 de 70 deals (74%) — bem acima da média geral (63%).,Há 73 dias em Engaging. Segunda onda de decisões: 22% dos desfechos acontecem entre 61 e 90 dias.,GTX Plus Basic: USD 1.096 em jogo — 5º produto mais caro dos 7.,
DYYJW46L,Vicki Laflamme,Celia Rouche,West,GTX Plus Pro,,,Engaging,2017-10-14,78.0,5482.0,Agir,1,54.2,média,27,46.5,48.0,74.0,Seu histórico em GTX Plus Pro é 16 de 27 (59%) — abaixo da sua média (64%) e da geral (63%).,Há 78 dias em Engaging. Segunda onda de decisões: 22% dos desfechos acontecem entre 61 e 90 dias.,GTX Plus Pro: USD 5.482 em jogo — 2º produto mais caro dos 7.,
E2CJIO85,Vicki Laflamme,Celia Rouche,West,GTX Plus Pro,,,Engaging,2017-10-03,89.0,5482.0,Agir,1,54.2,média,27,46.5,48.0,74.0,Seu histórico em GTX Plus Pro é 16 de 27 (59%) — abaixo da sua média (64%) e da geral (63%).,Há 89 dias em Engaging. Segunda onda de decisões: 22% dos desfechos acontecem entre 61 e 90 dias.,GTX Plus Pro: USD 5.482 em jogo — 2º produto mais caro dos 7.,
EP5QRHID,Boris Faz,Rocco Neubert,East,MG Advanced,,,Engaging,2017-10-04,88.0,3393.0,Agir,1,54.2,pequena,19,55.2,48.0,67.0,Seu histórico em MG Advanced é 12 de 19 (63%). Base pequena: o score usa 65% (puxado para a sua média de 66%).,Há 88 dias em Engaging. Segunda onda de decisões: 22% dos desfechos acontecem entre 61 e 90 dias.,MG Advanced: USD 3.393 em jogo — 4º produto mais caro dos 7.,
X7MN9ROG,Vicki Laflamme,Celia Rouche,West,GTX Plus Pro,,,Engaging,2017-10-23,69.0,5482.0,Agir,1,54.2,média,27,46.5,48.0,74.0,Seu histórico em GTX Plus Pro é 16 de 27 (59%) — abaixo da sua média (64%) e da geral (63%).,Há 69 dias em Engaging. Segunda onda de decisões: 22% dos desfechos acontecem entre 61 e 90 dias.,GTX Plus Pro: USD 5.482 em jogo — 2º produto mais caro dos 7.,
8XY5IA68,Rosie Papadopoulos,Cara Losch,East,GTX Pro,Sonron,telecommunications,Engaging,2017-09-11,111.0,4821.0,Agir,1,53.7,média,31,74.2,38.0,72.0,Você fecha GTX Pro em 25 de 31 deals (81%) — bem acima da média geral (63%).,"Há 111 dias em Engaging. Perto da parede: 85% dos que fecham já fecharam aos 90 dias, nenhum do histórico fechou depois de 138, e 1291 abertos já passaram disso sem fechar. Decida antes que vire mais um.",GTX Pro: USD 4.821 em jogo — 3º produto mais caro dos 7.,última janela
NS6JLCZ2,Rosie Papadopoulos,Cara Losch,East,GTX Pro,,,Engaging,2017-09-29,93.0,4821.0,Agir,1,53.7,média,31,74.2,38.0,72.0,Você fecha GTX Pro em 25 de 31 deals (81%) — bem acima da média geral (63%).,"Há 93 dias em Engaging. Perto da parede: 85% dos que fecham já fecharam aos 90 dias, nenhum do histórico fechou depois de 138, e 1291 abertos já passaram disso sem fechar. Decida antes que vire mais um.",GTX Pro: USD 4.821 em jogo — 3º produto mais caro dos 7.,última janela
059K86LU,Kami Bicknell,Summer Sewald,West,GTX Plus Pro,Labdrill,medical,Engaging,2017-08-26,127.0,5482.0,Agir,1,53.3,pequena,18,69.5,38.0,74.0,Seu histórico em GTX Plus Pro é 15 de 18 (83%). Base pequena: o score usa 69% (puxado para a sua média de 64%).,"Há 127 dias em Engaging. Perto da parede: 85% dos que fecham já fecharam aos 90 dias, nenhum do histórico fechou depois de 138, e 1291 abertos já passaram disso sem fechar. Decida antes que vire mais um.",GTX Plus Pro: USD 5.482 em jogo — 2º produto mais caro dos 7.,última janela
GQDS81G1,Corliss Cosme,Cara Losch,East,GTX Plus Pro,,,Engaging,2017-11-30,31.0,5482.0,Agir,1,53.0,média,38,76.4,35.0,74.0,Você fecha GTX Plus Pro em 30 de 38 deals (79%) — bem acima da média geral (63%).,Há 31 dias em Engaging. Zona de follow-up: só 14% dos desfechos acontecem entre os dias 15 e 60. Mantenha a cadência.,GTX Plus Pro: USD 5.482 em jogo — 2º produto mais caro dos 7.,
5E274CQS,Boris Faz,Rocco Neubert,East,GTX Pro,,,Engaging,2017-09-05,117.0,4821.0,Agir,1,52.1,média,23,66.2,38.0,72.0,Você fecha GTX Pro em 17 de 23 deals (74%) — bem acima da média geral (63%).,"Há 117 dias em Engaging. Perto da parede: 85% dos que fecham já fecharam aos 90 dias, nenhum do histórico fechou depois de 138, e 1291 abertos já passaram disso sem fechar. Decida antes que vire mais um.",GTX Pro: USD 4.821 em jogo — 3º produto mais caro dos 7.,última janela
77IBMLTB,James Ascencio,Summer Sewald,West,GTX Plus Pro,,,Engaging,2017-09-11,111.0,5482.0,Agir,1,52.1,ampla,64,63.3,38.0,74.0,Você fecha GTX Plus Pro em 44 de 64 deals (69%) — acima da média geral (63%).,"Há 111 dias em Engaging. Perto da parede: 85% dos que fecham já fecharam aos 90 dias, nenhum do histórico fechou depois de 138, e 1291 abertos já passaram disso sem fechar. Decida antes que vire mais um.",GTX Plus Pro: USD 5.482 em jogo — 2º produto mais caro dos 7.,última janela
BZGJ44FH,Kami Bicknell,Summer Sewald,West,GTX Pro,,,Engaging,2017-10-19,73.0,4821.0,Agir,1,52.1,média,42,38.5,48.0,72.0,Seu histórico em GTX Pro é 23 de 42 (55%) — abaixo da sua média (64%) e da geral (63%).,Há 73 dias em Engaging. Segunda onda de decisões: 22% dos desfechos acontecem entre 61 e 90 dias.,GTX Pro: USD 4.821 em jogo — 3º produto mais caro dos 7.,
KAGK2GQJ,James Ascencio,Summer Sewald,West,GTX Plus Pro,,,Engaging,2017-09-01,121.0,5482.0,Agir,1,52.1,ampla,64,63.3,38.0,74.0,Você fecha GTX Plus Pro em 44 de 64 deals (69%) — acima da média geral (63%).,"Há 121 dias em Engaging. Perto da parede: 85% dos que fecham já fecharam aos 90 dias, nenhum do histórico fechou depois de 138, e 1291 abertos já passaram disso sem fechar. Decida antes que vire mais um.",GTX Plus Pro: USD 5.482 em jogo — 2º produto mais caro dos 7.,última janela
NX28C8EI,James Ascencio,Summer Sewald,West,GTX Plus Pro,,,Engaging,2017-09-30,92.0,5482.0,Agir,1,52.1,ampla,64,63.3,38.0,74.0,Você fecha GTX Plus Pro em 44 de 64 deals (69%) — acima da média geral (63%).,"Há 92 dias em Engaging. Perto da parede: 85% dos que fecham já fecharam aos 90 dias, nenhum do histórico fechou depois de 138, e 1291 abertos já passaram disso sem fechar. Decida antes que vire mais um.",GTX Plus Pro: USD 5.482 em jogo — 2º produto mais caro dos 7.,última janela
OFC7ZTU8,Kami Bicknell,Summer Sewald,West,GTX Pro,,,Engaging,2017-10-17,75.0,4821.0,Agir,1,52.1,média,42,38.5,48.0,72.0,Seu histórico em GTX Pro é 23 de 42 (55%) — abaixo da sua média (64%) e da geral (63%).,Há 75 dias em Engaging. Segunda onda de decisões: 22% dos desfechos acontecem entre 61 e 90 dias.,GTX Pro: USD 4.821 em jogo — 3º produto mais caro dos 7.,
QD7MU7DD,Rosie Papadopoulos,Cara Losch,East,GTX Pro,,,Engaging,2017-11-05,56.0,4821.0,Agir,1,52.1,média,31,74.2,35.0,72.0,Você fecha GTX Pro em 25 de 31 deals (81%) — bem acima da média geral (63%).,Há 56 dias em Engaging. Zona de follow-up: só 14% dos desfechos acontecem entre os dias 15 e 60. Mantenha a cadência.,GTX Pro: USD 4.821 em jogo — 3º produto mais caro dos 7.,
P8QXRXMR,Rosalina Dieter,Celia Rouche,West,GTX Pro,,,Engaging,2017-09-25,97.0,4821.0,Agir,1,51.7,pequena,7,63.9,38.0,72.0,Seu histórico em GTX Pro é 6 de 7 (86%). Base pequena: o score usa 67% (puxado para a sua média de 65%).,"Há 97 dias em Engaging. Perto da parede: 85% dos que fecham já fecharam aos 90 dias, nenhum do histórico fechou depois de 138, e 1291 abertos já passaram disso sem fechar. Decida antes que vire mais um.",GTX Pro: USD 4.821 em jogo — 3º produto mais caro dos 7.,última janela
102XKYAC,Cassey Cress,Rocco Neubert,East,GTX Pro,Zotware,software,Engaging,2017-09-01,121.0,4821.0,Agir,1,51.6,ampla,53,63.7,38.0,72.0,Você fecha GTX Pro em 38 de 53 deals (72%) — acima da média geral (63%).,"Há 121 dias em Engaging. Perto da parede: 85% dos que fecham já fecharam aos 90 dias, nenhum do histórico fechou depois de 138, e 1291 abertos já passaram disso sem fechar. Decida antes que vire mais um.",GTX Pro: USD 4.821 em jogo — 3º produto mais caro dos 7.,última janela
NBBIFIKB,Wilburn Farren,Cara Losch,East,MG Advanced,,,Engaging,2017-09-15,107.0,3393.0,Agir,1,51.6,média,29,69.7,38.0,67.0,Você fecha MG Advanced em 21 de 29 deals (72%) — acima da média geral (63%).,"Há 107 dias em Engaging. Perto da parede: 85% dos que fecham já fecharam aos 90 dias, nenhum do histórico fechou depois de 138, e 1291 abertos já passaram disso sem fechar. Decida antes que vire mais um.",MG Advanced: USD 3.393 em jogo — 4º produto mais caro dos 7.,última janela
TZPE6M07,Wilburn Farren,Cara Losch,East,MG Advanced,,,Engaging,2017-08-22,131.0,3393.0,Agir,1,51.6,média,29,69.7,38.0,67.0,Você fecha MG Advanced em 21 de 29 deals (72%) — acima da média geral (63%).,"Há 131 dias em Engaging. Perto da parede: 85% dos que fecham já fecharam aos 90 dias, nenhum do histórico fechou depois de 138, e 1291 abertos já passaram disso sem fechar. Decida antes que vire mais um.",MG Advanced: USD 3.393 em jogo — 4º produto mais caro dos 7.,última janela
UIOJX7O0,Cassey Cress,Rocco Neubert,East,GTX Pro,,,Engaging,2017-08-24,129.0,4821.0,Agir,1,51.6,ampla,53,63.7,38.0,72.0,Você fecha GTX Pro em 38 de 53 deals (72%) — acima da média geral (63%).,"Há 129 dias em Engaging. Perto da parede: 85% dos que fecham já fecharam aos 90 dias, nenhum do histórico fechou depois de 138, e 1291 abertos já passaram disso sem fechar. Decida antes que vire mais um.",GTX Pro: USD 4.821 em jogo — 3º produto mais caro dos 7.,última janela
G7QIQDSA,Corliss Cosme,Cara Losch,East,GTX Pro,,,Engaging,2017-09-26,96.0,4821.0,Agir,1,51.0,ampla,55,60.3,38.0,72.0,Você fecha GTX Pro em 37 de 55 deals (67%) — acima da média geral (63%).,"Há 96 dias em Engaging. Perto da parede: 85% dos que fecham já fecharam aos 90 dias, nenhum do histórico fechou depois de 138, e 1291 abertos já passaram disso sem fechar. Decida antes que vire mais um.",GTX Pro: USD 4.821 em jogo — 3º produto mais caro dos 7.,última janela
JB60NPU9,Corliss Cosme,Cara Losch,East,GTX Pro,,,Engaging,2017-09-11,111.0,4821.0,Agir,1,51.0,ampla,55,60.3,38.0,72.0,Você fecha GTX Pro em 37 de 55 deals (67%) — acima da média geral (63%).,"Há 111 dias em Engaging. Perto da parede: 85% dos que fecham já fecharam aos 90 dias, nenhum do histórico fechou depois de 138, e 1291 abertos já passaram disso sem fechar. Decida antes que vire mais um.",GTX Pro: USD 4.821 em jogo — 3º produto mais caro dos 7.,última janela
KXR63BV7,Corliss Cosme,Cara Losch,East,GTX Pro,,,Engaging,2017-09-04,118.0,4821.0,Agir,1,51.0,ampla,55,60.3,38.0,72.0,Você fecha GTX Pro em 37 de 55 deals (67%) — acima da média geral (63%).,"Há 118 dias em Engaging. Perto da parede: 85% dos que fecham já fecharam aos 90 dias, nenhum do histórico fechou depois de 138, e 1291 abertos já passaram disso sem fechar. Decida antes que vire mais um.",GTX Pro: USD 4.821 em jogo — 3º produto mais caro dos 7.,última janela
3ORQ2R0R,Elease Gluck,Celia Rouche,West,GTX Pro,,,Engaging,2017-08-28,125.0,4821.0,Agir,1,50.9,pequena,10,60.0,38.0,72.0,Seu histórico em GTX Pro é 8 de 10 (80%). Base pequena: o score usa 66% (puxado para a sua média de 63%).,"Há 125 dias em Engaging. Perto da parede: 85% dos que fecham já fecharam aos 90 dias, nenhum do histórico fechou depois de 138, e 1291 abertos já passaram disso sem fechar. Decida antes que vire mais um.",GTX Pro: USD 4.821 em jogo — 3º produto mais caro dos 7.,última janela
9DY57A6F,Daniell Hammack,Rocco Neubert,East,GTX Pro,,,Engaging,2017-09-13,109.0,4821.0,Agir,1,50.9,ampla,57,59.8,38.0,72.0,Você fecha GTX Pro em 40 de 57 deals (70%) — acima da média geral (63%).,"Há 109 dias em Engaging. Perto da parede: 85% dos que fecham já fecharam aos 90 dias, nenhum do histórico fechou depois de 138, e 1291 abertos já passaram disso sem fechar. Decida antes que vire mais um.",GTX Pro: USD 4.821 em jogo — 3º produto mais caro dos 7.,última janela
FKVC924F,Daniell Hammack,Rocco Neubert,East,GTX Pro,,,Engaging,2017-08-17,136.0,4821.0,Agir,1,50.9,ampla,57,59.8,38.0,72.0,Você fecha GTX Pro em 40 de 57 deals (70%) — acima da média geral (63%).,"Há 136 dias em Engaging. Perto da parede: 85% dos que fecham já fecharam aos 90 dias, nenhum do histórico fechou depois de 138, e 1291 abertos já passaram disso sem fechar. Decida antes que vire mais um.",GTX Pro: USD 4.821 em jogo — 3º produto mais caro dos 7.,última janela
IDKBZCAF,Daniell Hammack,Rocco Neubert,East,GTX Pro,,,Engaging,2017-09-21,101.0,4821.0,Agir,1,50.9,ampla,57,59.8,38.0,72.0,Você fecha GTX Pro em 40 de 57 deals (70%) — acima da média geral (63%).,"Há 101 dias em Engaging. Perto da parede: 85% dos que fecham já fecharam aos 90 dias, nenhum do histórico fechou depois de 138, e 1291 abertos já passaram disso sem fechar. Decida antes que vire mais um.",GTX Pro: USD 4.821 em jogo — 3º produto mais caro dos 7.,última janela
LXVCMY4C,Daniell Hammack,Rocco Neubert,East,GTX Pro,,,Engaging,2017-08-17,136.0,4821.0,Agir,1,50.9,ampla,57,59.8,38.0,72.0,Você fecha GTX Pro em 40 de 57 deals (70%) — acima da média geral (63%).,"Há 136 dias em Engaging. Perto da parede: 85% dos que fecham já fecharam aos 90 dias, nenhum do histórico fechou depois de 138, e 1291 abertos já passaram disso sem fechar. Decida antes que vire mais um.",GTX Pro: USD 4.821 em jogo — 3º produto mais caro dos 7.,última janela
S53EVWFC,Daniell Hammack,Rocco Neubert,East,GTX Pro,,,Engaging,2017-08-23,130.0,4821.0,Agir,1,50.9,ampla,57,59.8,38.0,72.0,Você fecha GTX Pro em 40 de 57 deals (70%) — acima da média geral (63%).,"Há 130 dias em Engaging. Perto da parede: 85% dos que fecham já fecharam aos 90 dias, nenhum do histórico fechou depois de 138, e 1291 abertos já passaram disso sem fechar. Decida antes que vire mais um.",GTX Pro: USD 4.821 em jogo — 3º produto mais caro dos 7.,última janela
6SMB6SDY,Vicki Laflamme,Celia Rouche,West,GTX Pro,,,Engaging,2017-08-15,138.0,4821.0,Agir,1,50.7,ampla,59,59.1,38.0,72.0,Você fecha GTX Pro em 40 de 59 deals (68%) — acima da média geral (63%).,"Há 138 dias em Engaging. Perto da parede: 85% dos que fecham já fecharam aos 90 dias, nenhum do histórico fechou depois de 138, e 1291 abertos já passaram disso sem fechar. Decida antes que vire mais um.",GTX Pro: USD 4.821 em jogo — 3º produto mais caro dos 7.,última janela
8DDR4MUL,James Ascencio,Summer Sewald,West,MG Advanced,,,Engaging,2017-09-08,114.0,3393.0,Agir,1,50.5,pequena,16,64.4,38.0,67.0,Seu histórico em MG Advanced é 12 de 16 (75%). Base pequena: o score usa 67% (puxado para a sua média de 66%).,"Há 114 dias em Engaging. Perto da parede: 85% dos que fecham já fecharam aos 90 dias, nenhum do histórico fechou depois de 138, e 1291 abertos já passaram disso sem fechar. Decida antes que vire mais um.",MG Advanced: USD 3.393 em jogo — 4º produto mais caro dos 7.,última janela
9JTFD4FZ,Wilburn Farren,Cara Losch,East,GTX Plus Pro,,,Engaging,2017-09-28,94.0,5482.0,Agir,1,50.5,pequena,11,55.7,38.0,74.0,Seu histórico em GTX Plus Pro é 6 de 11 (55%). Base pequena: o score usa 65% (puxado para a sua média de 70%).,"Há 94 dias em Engaging. Perto da parede: 85% dos que fecham já fecharam aos 90 dias, nenhum do histórico fechou depois de 138, e 1291 abertos já passaram disso sem fechar. Decida antes que vire mais um.",GTX Plus Pro: USD 5.482 em jogo — 2º produto mais caro dos 7.,última janela
QNB3SCN9,Wilburn Farren,Cara Losch,East,GTX Plus Pro,,,Engaging,2017-10-01,91.0,5482.0,Agir,1,50.5,pequena,11,55.7,38.0,74.0,Seu histórico em GTX Plus Pro é 6 de 11 (55%). Base pequena: o score usa 65% (puxado para a sua média de 70%).,"Há 91 dias em Engaging. Perto da parede: 85% dos que fecham já fecharam aos 90 dias, nenhum do histórico fechou depois de 138, e 1291 abertos já passaram disso sem fechar. Decida antes que vire mais um.",GTX Plus Pro: USD 5.482 em jogo — 2º produto mais caro dos 7.,última janela
TQJJDWWH,James Ascencio,Summer Sewald,West,MG Advanced,,,Engaging,2017-08-15,138.0,3393.0,Agir,1,50.5,pequena,16,64.4,38.0,67.0,Seu histórico em MG Advanced é 12 de 16 (75%). Base pequena: o score usa 67% (puxado para a sua média de 66%).,"Há 138 dias em Engaging. Perto da parede: 85% dos que fecham já fecharam aos 90 dias, nenhum do histórico fechou depois de 138, e 1291 abertos já passaram disso sem fechar. Decida antes que vire mais um.",MG Advanced: USD 3.393 em jogo — 4º produto mais caro dos 7.,última janela
UU7N7LZK,James Ascencio,Summer Sewald,West,MG Advanced,,,Engaging,2017-09-18,104.0,3393.0,Agir,1,50.5,pequena,16,64.4,38.0,67.0,Seu histórico em MG Advanced é 12 de 16 (75%). Base pequena: o score usa 67% (puxado para a sua média de 66%).,"Há 104 dias em Engaging. Perto da parede: 85% dos que fecham já fecharam aos 90 dias, nenhum do histórico fechou depois de 138, e 1291 abertos já passaram disso sem fechar. Decida antes que vire mais um.",MG Advanced: USD 3.393 em jogo — 4º produto mais caro dos 7.,última janela
NNNEMOZ5,James Ascencio,Summer Sewald,West,GTX Plus Pro,,,Engaging,2017-11-05,56.0,5482.0,Agir,1,50.4,ampla,64,63.3,35.0,74.0,Você fecha GTX Plus Pro em 44 de 64 deals (69%) — acima da média geral (63%).,Há 56 dias em Engaging. Zona de follow-up: só 14% dos desfechos acontecem entre os dias 15 e 60. Mantenha a cadência.,GTX Plus Pro: USD 5.482 em jogo — 2º produto mais caro dos 7.,
WJO52I18,Cassey Cress,Rocco Neubert,East,GTX Pro,Inity,marketing,Engaging,2017-11-04,57.0,4821.0,Agir,1,50.0,ampla,53,63.7,35.0,72.0,Você fecha GTX Pro em 38 de 53 deals (72%) — acima da média geral (63%).,Há 57 dias em Engaging. Zona de follow-up: só 14% dos desfechos acontecem entre os dias 15 e 60. Mantenha a cadência.,GTX Pro: USD 4.821 em jogo — 3º produto mais caro dos 7.,
041Q1IZL,Zane Levy,Summer Sewald,West,GTX Pro,Green-Plus,services,Engaging,2017-08-15,138.0,4821.0,Agir,1,49.9,ampla,69,55.1,38.0,72.0,Você fecha GTX Pro em 46 de 69 deals (67%) — acima da média geral (63%).,"Há 138 dias em Engaging. Perto da parede: 85% dos que fecham já fecharam aos 90 dias, nenhum do histórico fechou depois de 138, e 1291 abertos já passaram disso sem fechar. Decida antes que vire mais um.",GTX Pro: USD 4.821 em jogo — 3º produto mais caro dos 7.,última janela
4R4QF0ZU,Zane Levy,Summer Sewald,West,GTX Pro,,,Engaging,2017-09-20,102.0,4821.0,Agir,1,49.9,ampla,69,55.1,38.0,72.0,Você fecha GTX Pro em 46 de 69 deals (67%) — acima da média geral (63%).,"Há 102 dias em Engaging. Perto da parede: 85% dos que fecham já fecharam aos 90 dias, nenhum do histórico fechou depois de 138, e 1291 abertos já passaram disso sem fechar. Decida antes que vire mais um.",GTX Pro: USD 4.821 em jogo — 3º produto mais caro dos 7.,última janela
LOHJU3OB,Zane Levy,Summer Sewald,West,GTX Pro,,,Engaging,2017-09-10,112.0,4821.0,Agir,1,49.9,ampla,69,55.1,38.0,72.0,Você fecha GTX Pro em 46 de 69 deals (67%) — acima da média geral (63%).,"Há 112 dias em Engaging. Perto da parede: 85% dos que fecham já fecharam aos 90 dias, nenhum do histórico fechou depois de 138, e 1291 abertos já passaram disso sem fechar. Decida antes que vire mais um.",GTX Pro: USD 4.821 em jogo — 3º produto mais caro dos 7.,última janela
RU5X1LZM,Zane Levy,Summer Sewald,West,GTX Pro,,,Engaging,2017-08-26,127.0,4821.0,Agir,1,49.9,ampla,69,55.1,38.0,72.0,Você fecha GTX Pro em 46 de 69 deals (67%) — acima da média geral (63%).,"Há 127 dias em Engaging. Perto da parede: 85% dos que fecham já fecharam aos 90 dias, nenhum do histórico fechou depois de 138, e 1291 abertos já passaram disso sem fechar. Decida antes que vire mais um.",GTX Pro: USD 4.821 em jogo — 3º produto mais caro dos 7.,última janela
TLLW2ZRM,Zane Levy,Summer Sewald,West,GTX Pro,Condax,medical,Engaging,2017-08-25,128.0,4821.0,Agir,1,49.9,ampla,69,55.1,38.0,72.0,Você fecha GTX Pro em 46 de 69 deals (67%) — acima da média geral (63%).,"Há 128 dias em Engaging. Perto da parede: 85% dos que fecham já fecharam aos 90 dias, nenhum do histórico fechou depois de 138, e 1291 abertos já passaram disso sem fechar. Decida antes que vire mais um.",GTX Pro: USD 4.821 em jogo — 3º produto mais caro dos 7.,última janela
TM70L0W8,Zane Levy,Summer Sewald,West,GTX Pro,,,Engaging,2017-08-22,131.0,4821.0,Agir,1,49.9,ampla,69,55.1,38.0,72.0,Você fecha GTX Pro em 46 de 69 deals (67%) — acima da média geral (63%).,"Há 131 dias em Engaging. Perto da parede: 85% dos que fecham já fecharam aos 90 dias, nenhum do histórico fechou depois de 138, e 1291 abertos já passaram disso sem fechar. Decida antes que vire mais um.",GTX Pro: USD 4.821 em jogo — 3º produto mais caro dos 7.,última janela
8LA72RM8,Maureen Marcano,Summer Sewald,West,MG Advanced,Donware,marketing,Engaging,2017-09-17,105.0,3393.0,Agir,1,49.7,pequena,17,60.0,38.0,67.0,Seu histórico em MG Advanced é 10 de 17 (59%). Base pequena: o score usa 66% (puxado para a sua média de 70%).,"Há 105 dias em Engaging. Perto da parede: 85% dos que fecham já fecharam aos 90 dias, nenhum do histórico fechou depois de 138, e 1291 abertos já passaram disso sem fechar. Decida antes que vire mais um.",MG Advanced: USD 3.393 em jogo — 4º produto mais caro dos 7.,última janela
WSO3NMK5,Maureen Marcano,Summer Sewald,West,MG Advanced,,,Engaging,2017-09-18,104.0,3393.0,Agir,1,49.7,pequena,17,60.0,38.0,67.0,Seu histórico em MG Advanced é 10 de 17 (59%). Base pequena: o score usa 66% (puxado para a sua média de 70%).,"Há 104 dias em Engaging. Perto da parede: 85% dos que fecham já fecharam aos 90 dias, nenhum do histórico fechou depois de 138, e 1291 abertos já passaram disso sem fechar. Decida antes que vire mais um.",MG Advanced: USD 3.393 em jogo — 4º produto mais caro dos 7.,última janela
01XZ9CRY,Zane Levy,Summer Sewald,West,GTX Plus Pro,Initech,telecommunications,Engaging,2017-09-18,104.0,5482.0,Agir,1,49.5,média,32,50.7,38.0,74.0,Você fecha GTX Plus Pro em 21 de 32 deals (66%) — acima da média geral (63%).,"Há 104 dias em Engaging. Perto da parede: 85% dos que fecham já fecharam aos 90 dias, nenhum do histórico fechou depois de 138, e 1291 abertos já passaram disso sem fechar. Decida antes que vire mais um.",GTX Plus Pro: USD 5.482 em jogo — 2º produto mais caro dos 7.,última janela
4S17VJ7O,Kary Hendrixson,Summer Sewald,West,MG Advanced,,,Engaging,2017-10-19,73.0,3393.0,Agir,1,49.5,pequena,18,31.9,48.0,67.0,Seu histórico em MG Advanced é 8 de 18 (44%). Base pequena: o score usa 58% (puxado para a sua média de 62%).,Há 73 dias em Engaging. Segunda onda de decisões: 22% dos desfechos acontecem entre 61 e 90 dias.,MG Advanced: USD 3.393 em jogo — 4º produto mais caro dos 7.,
H8XH5MFQ,Kary Hendrixson,Summer Sewald,West,GTX Plus Pro,,,Engaging,2017-09-03,119.0,5482.0,Agir,1,49.5,média,31,50.4,38.0,74.0,Você fecha GTX Plus Pro em 20 de 31 deals (65%) — acima da média geral (63%).,"Há 119 dias em Engaging. Perto da parede: 85% dos que fecham já fecharam aos 90 dias, nenhum do histórico fechou depois de 138, e 1291 abertos já passaram disso sem fechar. Decida antes que vire mais um.",GTX Plus Pro: USD 5.482 em jogo — 2º produto mais caro dos 7.,última janela
HF1GSBT4,Daniell Hammack,Rocco Neubert,East,GTX Plus Pro,,,Engaging,2017-08-24,129.0,5482.0,Agir,1,49.5,média,27,50.4,38.0,74.0,Você fecha GTX Plus Pro em 18 de 27 deals (67%) — acima da média geral (63%).,"Há 129 dias em Engaging. Perto da parede: 85% dos que fecham já fecharam aos 90 dias, nenhum do histórico fechou depois de 138, e 1291 abertos já passaram disso sem fechar. Decida antes que vire mais um.",GTX Plus Pro: USD 5.482 em jogo — 2º produto mais caro dos 7.,última janela
J0G6ZLYZ,Zane Levy,Summer Sewald,West,GTX Plus Pro,,,Engaging,2017-09-02,120.0,5482.0,Agir,1,49.5,média,32,50.7,38.0,74.0,Você fecha GTX Plus Pro em 21 de 32 deals (66%) — acima da média geral (63%).,"Há 120 dias em Engaging. Perto da parede: 85% dos que fecham já fecharam aos 90 dias, nenhum do histórico fechou depois de 138, e 1291 abertos já passaram disso sem fechar. Decida antes que vire mais um.",GTX Plus Pro: USD 5.482 em jogo — 2º produto mais caro dos 7.,última janela
LFI3BGEE,Daniell Hammack,Rocco Neubert,East,GTX Plus Pro,,,Engaging,2017-09-22,100.0,5482.0,Agir,1,49.5,média,27,50.4,38.0,74.0,Você fecha GTX Plus Pro em 18 de 27 deals (67%) — acima da média geral (63%).,"Há 100 dias em Engaging. Perto da parede: 85% dos que fecham já fecharam aos 90 dias, nenhum do histórico fechou depois de 138, e 1291 abertos já passaram disso sem fechar. Decida antes que vire mais um.",GTX Plus Pro: USD 5.482 em jogo — 2º produto mais caro dos 7.,última janela
XRZNF1LQ,Kary Hendrixson,Summer Sewald,West,GTX Pro,,,Engaging,2017-08-31,122.0,4821.0,Agir,1,49.4,ampla,77,52.7,38.0,72.0,Você fecha GTX Pro em 50 de 77 deals (65%) — acima da média geral (63%).,"Há 122 dias em Engaging. Perto da parede: 85% dos que fecham já fecharam aos 90 dias, nenhum do histórico fechou depois de 138, e 1291 abertos já passaram disso sem fechar. Decida antes que vire mais um.",GTX Pro: USD 4.821 em jogo — 3º produto mais caro dos 7.,última janela
C2FSIMZP,Corliss Cosme,Cara Losch,East,GTX Pro,,,Engaging,2017-11-07,54.0,4821.0,Agir,1,49.3,ampla,55,60.3,35.0,72.0,Você fecha GTX Pro em 37 de 55 deals (67%) — acima da média geral (63%).,Há 54 dias em Engaging. Zona de follow-up: só 14% dos desfechos acontecem entre os dias 15 e 60. Mantenha a cadência.,GTX Pro: USD 4.821 em jogo — 3º produto mais caro dos 7.,
HWOBBZWQ,Wilburn Farren,Cara Losch,East,GTX Basic,,,Engaging,2017-10-24,68.0,550.0,Agir,1,49.3,pequena,12,68.3,48.0,37.0,Seu histórico em GTX Basic é 9 de 12 (75%). Base pequena: o score usa 69% (puxado para a sua média de 70%).,Há 68 dias em Engaging. Segunda onda de decisões: 22% dos desfechos acontecem entre 61 e 90 dias.,GTX Basic: USD 550 em jogo — 6º produto mais caro dos 7.,
6JBM1ZKO,Vicki Laflamme,Celia Rouche,West,GTX Pro,,,Engaging,2017-11-09,52.0,4821.0,Agir,1,49.1,ampla,59,59.1,35.0,72.0,Você fecha GTX Pro em 40 de 59 deals (68%) — acima da média geral (63%).,Há 52 dias em Engaging. Zona de follow-up: só 14% dos desfechos acontecem entre os dias 15 e 60. Mantenha a cadência.,GTX Pro: USD 4.821 em jogo — 3º produto mais caro dos 7.,
34XWXEQE,James Ascencio,Summer Sewald,West,GTX Pro,,,Engaging,2017-09-10,112.0,4821.0,Agir,1,49.0,média,33,50.5,38.0,72.0,Você fecha GTX Pro em 20 de 33 deals (61%) — acima da média geral (63%).,"Há 112 dias em Engaging. Perto da parede: 85% dos que fecham já fecharam aos 90 dias, nenhum do histórico fechou depois de 138, e 1291 abertos já passaram disso sem fechar. Decida antes que vire mais um.",GTX Pro: USD 4.821 em jogo — 3º produto mais caro dos 7.,última janela
EJGRLQP8,James Ascencio,Summer Sewald,West,GTX Pro,,,Engaging,2017-09-08,114.0,4821.0,Agir,1,49.0,média,33,50.5,38.0,72.0,Você fecha GTX Pro em 20 de 33 deals (61%) — acima da média geral (63%).,"Há 114 dias em Engaging. Perto da parede: 85% dos que fecham já fecharam aos 90 dias, nenhum do histórico fechou depois de 138, e 1291 abertos já passaram disso sem fechar. Decida antes que vire mais um.",GTX Pro: USD 4.821 em jogo — 3º produto mais caro dos 7.,última janela
FSYTM6YE,James Ascencio,Summer Sewald,West,GTX Pro,,,Engaging,2017-09-27,95.0,4821.0,Agir,1,49.0,média,33,50.5,38.0,72.0,Você fecha GTX Pro em 20 de 33 deals (61%) — acima da média geral (63%).,"Há 95 dias em Engaging. Perto da parede: 85% dos que fecham já fecharam aos 90 dias, nenhum do histórico fechou depois de 138, e 1291 abertos já passaram disso sem fechar. Decida antes que vire mais um.",GTX Pro: USD 4.821 em jogo — 3º produto mais caro dos 7.,última janela
24K085JJ,Maureen Marcano,Summer Sewald,West,GTX Plus Basic,,,Engaging,2017-09-15,107.0,1096.0,Agir,1,48.8,ampla,70,79.3,38.0,48.0,Você fecha GTX Plus Basic em 52 de 70 deals (74%) — bem acima da média geral (63%).,"Há 107 dias em Engaging. Perto da parede: 85% dos que fecham já fecharam aos 90 dias, nenhum do histórico fechou depois de 138, e 1291 abertos já passaram disso sem fechar. Decida antes que vire mais um.",GTX Plus Basic: USD 1.096 em jogo — 5º produto mais caro dos 7.,última janela
6CT660FF,Maureen Marcano,Summer Sewald,West,GTX Plus Basic,,,Engaging,2017-08-31,122.0,1096.0,Agir,1,48.8,ampla,70,79.3,38.0,48.0,Você fecha GTX Plus Basic em 52 de 70 deals (74%) — bem acima da média geral (63%).,"Há 122 dias em Engaging. Perto da parede: 85% dos que fecham já fecharam aos 90 dias, nenhum do histórico fechou depois de 138, e 1291 abertos já passaram disso sem fechar. Decida antes que vire mais um.",GTX Plus Basic: USD 1.096 em jogo — 5º produto mais caro dos 7.,última janela
H7GXKD3O,Maureen Marcano,Summer Sewald,West,GTX Plus Basic,Kan-code,software,Engaging,2017-08-19,134.0,1096.0,Agir,1,48.8,ampla,70,79.3,38.0,48.0,Você fecha GTX Plus Basic em 52 de 70 deals (74%) — bem acima da média geral (63%).,"Há 134 dias em Engaging. Perto da parede: 85% dos que fecham já fecharam aos 90 dias, nenhum do histórico fechou depois de 138, e 1291 abertos já passaram disso sem fechar. Decida antes que vire mais um.",GTX Plus Basic: USD 1.096 em jogo — 5º produto mais caro dos 7.,última janela
V1SX6HOD,Maureen Marcano,Summer Sewald,West,GTX Plus Basic,,,Engaging,2017-09-19,103.0,1096.0,Agir,1,48.8,ampla,70,79.3,38.0,48.0,Você fecha GTX Plus Basic em 52 de 70 deals (74%) — bem acima da média geral (63%).,"Há 103 dias em Engaging. Perto da parede: 85% dos que fecham já fecharam aos 90 dias, nenhum do histórico fechou depois de 138, e 1291 abertos já passaram disso sem fechar. Decida antes que vire mais um.",GTX Plus Basic: USD 1.096 em jogo — 5º produto mais caro dos 7.,última janela
4SOUOUKH,Vicki Laflamme,Celia Rouche,West,GTX Plus Pro,Treequote,telecommunications,Engaging,2017-09-30,92.0,5482.0,Agir,1,48.7,média,27,46.5,38.0,74.0,Seu histórico em GTX Plus Pro é 16 de 27 (59%) — abaixo da sua média (64%) e da geral (63%).,"Há 92 dias em Engaging. Perto da parede: 85% dos que fecham já fecharam aos 90 dias, nenhum do histórico fechou depois de 138, e 1291 abertos já passaram disso sem fechar. Decida antes que vire mais um.",GTX Plus Pro: USD 5.482 em jogo — 2º produto mais caro dos 7.,última janela
DY8DMZZ9,Vicki Laflamme,Celia Rouche,West,GTX Plus Pro,,,Engaging,2017-09-16,106.0,5482.0,Agir,1,48.7,média,27,46.5,38.0,74.0,Seu histórico em GTX Plus Pro é 16 de 27 (59%) — abaixo da sua média (64%) e da geral (63%).,"Há 106 dias em Engaging. Perto da parede: 85% dos que fecham já fecharam aos 90 dias, nenhum do histórico fechou depois de 138, e 1291 abertos já passaram disso sem fechar. Decida antes que vire mais um.",GTX Plus Pro: USD 5.482 em jogo — 2º produto mais caro dos 7.,última janela
PSMWYTMB,Boris Faz,Rocco Neubert,East,MG Advanced,Toughzap,retail,Engaging,2017-09-20,102.0,3393.0,Agir,1,48.7,pequena,19,55.2,38.0,67.0,Seu histórico em MG Advanced é 12 de 19 (63%). Base pequena: o score usa 65% (puxado para a sua média de 66%).,"Há 102 dias em Engaging. Perto da parede: 85% dos que fecham já fecharam aos 90 dias, nenhum do histórico fechou depois de 138, e 1291 abertos já passaram disso sem fechar. Decida antes que vire mais um.",MG Advanced: USD 3.393 em jogo — 4º produto mais caro dos 7.,última janela
WK1319MB,Boris Faz,Rocco Neubert,East,MG Advanced,,,Engaging,2017-08-23,130.0,3393.0,Agir,1,48.7,pequena,19,55.2,38.0,67.0,Seu histórico em MG Advanced é 12 de 19 (63%). Base pequena: o score usa 65% (puxado para a sua média de 66%).,"Há 130 dias em Engaging. Perto da parede: 85% dos que fecham já fecharam aos 90 dias, nenhum do histórico fechou depois de 138, e 1291 abertos já passaram disso sem fechar. Decida antes que vire mais um.",MG Advanced: USD 3.393 em jogo — 4º produto mais caro dos 7.,última janela
4O3EPWFR,Corliss Cosme,Cara Losch,East,GTX Plus Basic,,,Engaging,2017-10-12,80.0,1096.0,Agir,1,48.5,média,44,50.6,48.0,48.0,Você fecha GTX Plus Basic em 27 de 44 deals (61%) — acima da média geral (63%).,Há 80 dias em Engaging. Segunda onda de decisões: 22% dos desfechos acontecem entre 61 e 90 dias.,GTX Plus Basic: USD 1.096 em jogo — 5º produto mais caro dos 7.,
I5VHXAWW,Boris Faz,Rocco Neubert,East,GTX Plus Pro,Bluth Company,technology,Engaging,2017-11-06,55.0,5482.0,Agir,1,48.4,média,29,53.2,35.0,74.0,Você fecha GTX Plus Pro em 18 de 29 deals (62%) — acima da média geral (63%).,Há 55 dias em Engaging. Zona de follow-up: só 14% dos desfechos acontecem entre os dias 15 e 60. Mantenha a cadência.,GTX Plus Pro: USD 5.482 em jogo — 2º produto mais caro dos 7.,
3NC5XSDF,Violet Mclelland,Cara Losch,East,MG Advanced,,,Engaging,2017-09-12,110.0,3393.0,Agir,1,48.3,média,29,53.0,38.0,67.0,Você fecha MG Advanced em 19 de 29 deals (66%) — acima da média geral (63%).,"Há 110 dias em Engaging. Perto da parede: 85% dos que fecham já fecharam aos 90 dias, nenhum do histórico fechou depois de 138, e 1291 abertos já passaram disso sem fechar. Decida antes que vire mais um.",MG Advanced: USD 3.393 em jogo — 4º produto mais caro dos 7.,última janela
QKW7MDJK,Violet Mclelland,Cara Losch,East,GTX Pro,,,Engaging,2017-08-23,130.0,4821.0,Agir,1,48.2,pequena,9,46.3,38.0,72.0,Seu histórico em GTX Pro é 5 de 9 (56%). Base pequena: o score usa 62% (puxado para a sua média de 63%).,"Há 130 dias em Engaging. Perto da parede: 85% dos que fecham já fecharam aos 90 dias, nenhum do histórico fechou depois de 138, e 1291 abertos já passaram disso sem fechar. Decida antes que vire mais um.",GTX Pro: USD 4.821 em jogo — 3º produto mais caro dos 7.,última janela
FZWU2I30,Zane Levy,Summer Sewald,West,GTX Plus Pro,The New York Inquirer,medical,Engaging,2017-12-10,21.0,5482.0,Agir,1,47.9,média,32,50.7,35.0,74.0,Você fecha GTX Plus Pro em 21 de 32 deals (66%) — acima da média geral (63%).,Há 21 dias em Engaging. Zona de follow-up: só 14% dos desfechos acontecem entre os dias 15 e 60. Mantenha a cadência.,GTX Plus Pro: USD 5.482 em jogo — 2º produto mais caro dos 7.,
D55HTKRU,Kary Hendrixson,Summer Sewald,West,GTX Pro,Newex,services,Engaging,2017-11-24,37.0,4821.0,Agir,1,47.8,ampla,77,52.7,35.0,72.0,Você fecha GTX Pro em 50 de 77 deals (65%) — acima da média geral (63%).,Há 37 dias em Engaging. Zona de follow-up: só 14% dos desfechos acontecem entre os dias 15 e 60. Mantenha a cadência.,GTX Pro: USD 4.821 em jogo — 3º produto mais caro dos 7.,
SQ71BWHG,Kary Hendrixson,Summer Sewald,West,GTX Pro,Zencorporation,technology,Engaging,2017-11-04,57.0,4821.0,Agir,1,47.8,ampla,77,52.7,35.0,72.0,Você fecha GTX Pro em 50 de 77 deals (65%) — acima da média geral (63%).,Há 57 dias em Engaging. Zona de follow-up: só 14% dos desfechos acontecem entre os dias 15 e 60. Mantenha a cadência.,GTX Pro: USD 4.821 em jogo — 3º produto mais caro dos 7.,
5TCGN3GX,Violet Mclelland,Cara Losch,East,GTX Plus Basic,,,Engaging,2017-10-16,76.0,1096.0,Agir,1,47.7,pequena,17,46.5,48.0,48.0,Seu histórico em GTX Plus Basic é 10 de 17 (59%). Base pequena: o score usa 62% (puxado para a sua média de 63%).,Há 76 dias em Engaging. Segunda onda de decisões: 22% dos desfechos acontecem entre 61 e 90 dias.,GTX Plus Basic: USD 1.096 em jogo — 5º produto mais caro dos 7.,
31IV2B9O,Vicki Laflamme,Celia Rouche,West,GTX Basic,,,Engaging,2017-10-26,66.0,550.0,Agir,1,47.6,ampla,83,59.6,48.0,37.0,Você fecha GTX Basic em 56 de 83 deals (67%) — acima da média geral (63%).,Há 66 dias em Engaging. Segunda onda de decisões: 22% dos desfechos acontecem entre 61 e 90 dias.,GTX Basic: USD 550 em jogo — 6º produto mais caro dos 7.,
5WAKI1NB,Corliss Cosme,Cara Losch,East,GTX Basic,,,Engaging,2017-10-04,88.0,550.0,Agir,1,47.5,ampla,54,59.2,48.0,37.0,Você fecha GTX Basic em 36 de 54 deals (67%) — acima da média geral (63%).,Há 88 dias em Engaging. Segunda onda de decisões: 22% dos desfechos acontecem entre 61 e 90 dias.,GTX Basic: USD 550 em jogo — 6º produto mais caro dos 7.,
OYH46MQB,Corliss Cosme,Cara Losch,East,GTX Basic,,,Engaging,2017-10-25,67.0,550.0,Agir,1,47.5,ampla,54,59.2,48.0,37.0,Você fecha GTX Basic em 36 de 54 deals (67%) — acima da média geral (63%).,Há 67 dias em Engaging. Segunda onda de decisões: 22% dos desfechos acontecem entre 61 e 90 dias.,GTX Basic: USD 550 em jogo — 6º produto mais caro dos 7.,
R6Q5JOLX,Cassey Cress,Rocco Neubert,East,GTX Plus Pro,,,Engaging,2017-09-16,106.0,5482.0,Agir,1,47.4,média,32,39.8,38.0,74.0,Seu histórico em GTX Plus Pro é 18 de 32 (56%) — abaixo da sua média (62%) e da geral (63%).,"Há 106 dias em Engaging. Perto da parede: 85% dos que fecham já fecharam aos 90 dias, nenhum do histórico fechou depois de 138, e 1291 abertos já passaram disso sem fechar. Decida antes que vire mais um.",GTX Plus Pro: USD 5.482 em jogo — 2º produto mais caro dos 7.,última janela
62PCN0KS,Maureen Marcano,Summer Sewald,West,GTX Plus Basic,,,Engaging,2017-11-16,45.0,1096.0,Agir,1,47.1,ampla,70,79.3,35.0,48.0,Você fecha GTX Plus Basic em 52 de 70 deals (74%) — bem acima da média geral (63%).,Há 45 dias em Engaging. Zona de follow-up: só 14% dos desfechos acontecem entre os dias 15 e 60. Mantenha a cadência.,GTX Plus Basic: USD 1.096 em jogo — 5º produto mais caro dos 7.,
G1W97XZA,Maureen Marcano,Summer Sewald,West,GTX Plus Basic,,,Engaging,2017-11-13,48.0,1096.0,Agir,1,47.1,ampla,70,79.3,35.0,48.0,Você fecha GTX Plus Basic em 52 de 70 deals (74%) — bem acima da média geral (63%).,Há 48 dias em Engaging. Zona de follow-up: só 14% dos desfechos acontecem entre os dias 15 e 60. Mantenha a cadência.,GTX Plus Basic: USD 1.096 em jogo — 5º produto mais caro dos 7.,
BREOLQD9,Boris Faz,Rocco Neubert,East,MG Advanced,,,Engaging,2017-11-16,45.0,3393.0,Agir,1,47.0,pequena,19,55.2,35.0,67.0,Seu histórico em MG Advanced é 12 de 19 (63%). Base pequena: o score usa 65% (puxado para a sua média de 66%).,Há 45 dias em Engaging. Zona de follow-up: só 14% dos desfechos acontecem entre os dias 15 e 60. Mantenha a cadência.,MG Advanced: USD 3.393 em jogo — 4º produto mais caro dos 7.,
GL2FM1RM,Rosalina Dieter,Celia Rouche,West,GTX Basic,,,Engaging,2017-10-22,70.0,550.0,Agir,1,47.0,pequena,15,56.8,48.0,37.0,Seu histórico em GTX Basic é 10 de 15 (67%). Base pequena: o score usa 65% (puxado para a sua média de 65%).,Há 70 dias em Engaging. Segunda onda de decisões: 22% dos desfechos acontecem entre 61 e 90 dias.,GTX Basic: USD 550 em jogo — 6º produto mais caro dos 7.,
RYWETTBK,Kami Bicknell,Summer Sewald,West,GTX Basic,Fasehatice,retail,Engaging,2017-10-20,72.0,550.0,Agir,1,47.0,ampla,108,56.6,48.0,37.0,Você fecha GTX Basic em 71 de 108 deals (66%) — acima da média geral (63%).,Há 72 dias em Engaging. Segunda onda de decisões: 22% dos desfechos acontecem entre 61 e 90 dias.,GTX Basic: USD 550 em jogo — 6º produto mais caro dos 7.,
JIEO87ZV,Daniell Hammack,Rocco Neubert,East,MG Advanced,,,Engaging,2017-10-06,86.0,3393.0,Agir,1,46.9,média,22,18.7,48.0,67.0,Seu histórico em MG Advanced é 8 de 22 (36%) — abaixo da sua média (61%) e da geral (63%).,Há 86 dias em Engaging. Segunda onda de decisões: 22% dos desfechos acontecem entre 61 e 90 dias.,MG Advanced: USD 3.393 em jogo — 4º produto mais caro dos 7.,
197EQMY8,Kami Bicknell,Summer Sewald,West,GTX Pro,,,Engaging,2017-09-20,102.0,4821.0,Agir,1,46.6,média,42,38.5,38.0,72.0,Seu histórico em GTX Pro é 23 de 42 (55%) — abaixo da sua média (64%) e da geral (63%).,"Há 102 dias em Engaging. Perto da parede: 85% dos que fecham já fecharam aos 90 dias, nenhum do histórico fechou depois de 138, e 1291 abertos já passaram disso sem fechar. Decida antes que vire mais um.",GTX Pro: USD 4.821 em jogo — 3º produto mais caro dos 7.,última janela
7FLPKZN7,Kami Bicknell,Summer Sewald,West,GTX Pro,Kan-code,software,Engaging,2017-09-23,99.0,4821.0,Agir,1,46.6,média,42,38.5,38.0,72.0,Seu histórico em GTX Pro é 23 de 42 (55%) — abaixo da sua média (64%) e da geral (63%).,"Há 99 dias em Engaging. Perto da parede: 85% dos que fecham já fecharam aos 90 dias, nenhum do histórico fechou depois de 138, e 1291 abertos já passaram disso sem fechar. Decida antes que vire mais um.",GTX Pro: USD 4.821 em jogo — 3º produto mais caro dos 7.,última janela
7K1KXMBT,Kami Bicknell,Summer Sewald,West,GTX Pro,,,Engaging,2017-08-27,126.0,4821.0,Agir,1,46.6,média,42,38.5,38.0,72.0,Seu histórico em GTX Pro é 23 de 42 (55%) — abaixo da sua média (64%) e da geral (63%).,"Há 126 dias em Engaging. Perto da parede: 85% dos que fecham já fecharam aos 90 dias, nenhum do histórico fechou depois de 138, e 1291 abertos já passaram disso sem fechar. Decida antes que vire mais um.",GTX Pro: USD 4.821 em jogo — 3º produto mais caro dos 7.,última janela
8NG46N94,Kami Bicknell,Summer Sewald,West,GTX Pro,,,Engaging,2017-09-10,112.0,4821.0,Agir,1,46.6,média,42,38.5,38.0,72.0,Seu histórico em GTX Pro é 23 de 42 (55%) — abaixo da sua média (64%) e da geral (63%).,"Há 112 dias em Engaging. Perto da parede: 85% dos que fecham já fecharam aos 90 dias, nenhum do histórico fechou depois de 138, e 1291 abertos já passaram disso sem fechar. Decida antes que vire mais um.",GTX Pro: USD 4.821 em jogo — 3º produto mais caro dos 7.,última janela
EDM7CEZ6,Kami Bicknell,Summer Sewald,West,GTX Pro,Opentech,finance,Engaging,2017-08-31,122.0,4821.0,Agir,1,46.6,média,42,38.5,38.0,72.0,Seu histórico em GTX Pro é 23 de 42 (55%) — abaixo da sua média (64%) e da geral (63%).,"Há 122 dias em Engaging. Perto da parede: 85% dos que fecham já fecharam aos 90 dias, nenhum do histórico fechou depois de 138, e 1291 abertos já passaram disso sem fechar. Decida antes que vire mais um.",GTX Pro: USD 4.821 em jogo — 3º produto mais caro dos 7.,última janela
X9L0T199,Kami Bicknell,Summer Sewald,West,GTX Pro,,,Engaging,2017-08-18,135.0,4821.0,Agir,1,46.6,média,42,38.5,38.0,72.0,Seu histórico em GTX Pro é 23 de 42 (55%) — abaixo da sua média (64%) e da geral (63%).,"Há 135 dias em Engaging. Perto da parede: 85% dos que fecham já fecharam aos 90 dias, nenhum do histórico fechou depois de 138, e 1291 abertos já passaram disso sem fechar. Decida antes que vire mais um.",GTX Pro: USD 4.821 em jogo — 3º produto mais caro dos 7.,última janela
Z8Z77GN3,Kami Bicknell,Summer Sewald,West,GTX Pro,,,Engaging,2017-08-24,129.0,4821.0,Agir,1,46.6,média,42,38.5,38.0,72.0,Seu histórico em GTX Pro é 23 de 42 (55%) — abaixo da sua média (64%) e da geral (63%).,"Há 129 dias em Engaging. Perto da parede: 85% dos que fecham já fecharam aos 90 dias, nenhum do histórico fechou depois de 138, e 1291 abertos já passaram disso sem fechar. Decida antes que vire mais um.",GTX Pro: USD 4.821 em jogo — 3º produto mais caro dos 7.,última janela
5P4O1IU6,Cassey Cress,Rocco Neubert,East,MG Advanced,,,Engaging,2017-08-22,131.0,3393.0,Agir,1,46.3,ampla,60,43.4,38.0,67.0,Seu histórico em MG Advanced é 36 de 60 (60%) — abaixo da sua média (62%) e da geral (63%).,"Há 131 dias em Engaging. Perto da parede: 85% dos que fecham já fecharam aos 90 dias, nenhum do histórico fechou depois de 138, e 1291 abertos já passaram disso sem fechar. Decida antes que vire mais um.",MG Advanced: USD 3.393 em jogo — 4º produto mais caro dos 7.,última janela
ICR59VIJ,Cassey Cress,Rocco Neubert,East,MG Advanced,,,Engaging,2017-08-15,138.0,3393.0,Agir,1,46.3,ampla,60,43.4,38.0,67.0,Seu histórico em MG Advanced é 36 de 60 (60%) — abaixo da sua média (62%) e da geral (63%).,"Há 138 dias em Engaging. Perto da parede: 85% dos que fecham já fecharam aos 90 dias, nenhum do histórico fechou depois de 138, e 1291 abertos já passaram disso sem fechar. Decida antes que vire mais um.",MG Advanced: USD 3.393 em jogo — 4º produto mais caro dos 7.,última janela
0N11U6L3,Daniell Hammack,Rocco Neubert,East,GTX Plus Basic,Acme Corporation,technology,Engaging,2017-10-30,62.0,1096.0,Agir,1,46.2,ampla,53,39.2,48.0,48.0,Seu histórico em GTX Plus Basic é 31 de 53 (58%) — abaixo da sua média (61%) e da geral (63%).,Há 62 dias em Engaging. Segunda onda de decisões: 22% dos desfechos acontecem entre 61 e 90 dias.,GTX Plus Basic: USD 1.096 em jogo — 5º produto mais caro dos 7.,
6OD1J7MW,Elease Gluck,Celia Rouche,West,GTX Plus Pro,Plexzap,retail,Engaging,2017-09-02,120.0,5482.0,Agir,1,46.2,pequena,6,34.1,38.0,74.0,Seu histórico em GTX Plus Pro é 1 de 6 (17%). Base pequena: o score usa 58% (puxado para a sua média de 63%).,"Há 120 dias em Engaging. Perto da parede: 85% dos que fecham já fecharam aos 90 dias, nenhum do histórico fechou depois de 138, e 1291 abertos já passaram disso sem fechar. Decida antes que vire mais um.",GTX Plus Pro: USD 5.482 em jogo — 2º produto mais caro dos 7.,última janela
LDJ6VTNW,Daniell Hammack,Rocco Neubert,East,GTX Plus Basic,,,Engaging,2017-10-04,88.0,1096.0,Agir,1,46.2,ampla,53,39.2,48.0,48.0,Seu histórico em GTX Plus Basic é 31 de 53 (58%) — abaixo da sua média (61%) e da geral (63%).,Há 88 dias em Engaging. Segunda onda de decisões: 22% dos desfechos acontecem entre 61 e 90 dias.,GTX Plus Basic: USD 1.096 em jogo — 5º produto mais caro dos 7.,
NRK892VX,Elease Gluck,Celia Rouche,West,GTX Plus Pro,,,Engaging,2017-09-20,102.0,5482.0,Agir,1,46.2,pequena,6,34.1,38.0,74.0,Seu histórico em GTX Plus Pro é 1 de 6 (17%). Base pequena: o score usa 58% (puxado para a sua média de 63%).,"Há 102 dias em Engaging. Perto da parede: 85% dos que fecham já fecharam aos 90 dias, nenhum do histórico fechou depois de 138, e 1291 abertos já passaram disso sem fechar. Decida antes que vire mais um.",GTX Plus Pro: USD 5.482 em jogo — 2º produto mais caro dos 7.,última janela
SMP2K39G,Markita Hansen,Celia Rouche,West,GTX Pro,,,Engaging,2017-09-28,94.0,4821.0,Agir,1,46.1,média,30,36.0,38.0,72.0,Seu histórico em GTX Pro é 18 de 30 (60%) — abaixo da média geral (63%).,"Há 94 dias em Engaging. Perto da parede: 85% dos que fecham já fecharam aos 90 dias, nenhum do histórico fechou depois de 138, e 1291 abertos já passaram disso sem fechar. Decida antes que vire mais um.",GTX Pro: USD 4.821 em jogo — 3º produto mais caro dos 7.,última janela
WVKBXWA9,Rosie Papadopoulos,Cara Losch,East,MG Advanced,,,Engaging,2017-09-19,103.0,3393.0,Agir,1,46.1,média,24,42.4,38.0,67.0,Seu histórico em MG Advanced é 13 de 24 (54%) — abaixo da sua média (64%) e da geral (63%).,"Há 103 dias em Engaging. Perto da parede: 85% dos que fecham já fecharam aos 90 dias, nenhum do histórico fechou depois de 138, e 1291 abertos já passaram disso sem fechar. Decida antes que vire mais um.",MG Advanced: USD 3.393 em jogo — 4º produto mais caro dos 7.,última janela
1LHU0876,Elease Gluck,Celia Rouche,West,MG Advanced,Labdrill,medical,Engaging,2017-09-22,100.0,3393.0,Agir,1,45.8,média,24,40.8,38.0,67.0,Seu histórico em MG Advanced é 13 de 24 (54%) — abaixo da sua média (63%) e da geral (63%).,"Há 100 dias em Engaging. Perto da parede: 85% dos que fecham já fecharam aos 90 dias, nenhum do histórico fechou depois de 138, e 1291 abertos já passaram disso sem fechar. Decida antes que vire mais um.",MG Advanced: USD 3.393 em jogo — 4º produto mais caro dos 7.,última janela
7EHJYKWE,Kary Hendrixson,Summer Sewald,West,GTX Basic,Xx-holding,finance,Engaging,2017-10-28,64.0,550.0,Agir,1,45.7,ampla,129,50.4,48.0,37.0,Você fecha GTX Basic em 82 de 129 deals (64%) — acima da média geral (63%).,Há 64 dias em Engaging. Segunda onda de decisões: 22% dos desfechos acontecem entre 61 e 90 dias.,GTX Basic: USD 550 em jogo — 6º produto mais caro dos 7.,
MYD4PBM9,Kary Hendrixson,Summer Sewald,West,GTX Basic,,,Engaging,2017-10-03,89.0,550.0,Agir,1,45.7,ampla,129,50.4,48.0,37.0,Você fecha GTX Basic em 82 de 129 deals (64%) — acima da média geral (63%).,Há 89 dias em Engaging. Segunda onda de decisões: 22% dos desfechos acontecem entre 61 e 90 dias.,GTX Basic: USD 550 em jogo — 6º produto mais caro dos 7.,
ORYORRQV,Kary Hendrixson,Summer Sewald,West,GTX Basic,Hottechi,technology,Engaging,2017-10-13,79.0,550.0,Agir,1,45.7,ampla,129,50.4,48.0,37.0,Você fecha GTX Basic em 82 de 129 deals (64%) — acima da média geral (63%).,Há 79 dias em Engaging. Segunda onda de decisões: 22% dos desfechos acontecem entre 61 e 90 dias.,GTX Basic: USD 550 em jogo — 6º produto mais caro dos 7.,
RW3CJO8D,Zane Levy,Summer Sewald,West,MG Advanced,,,Engaging,2017-09-04,118.0,3393.0,Agir,1,45.7,pequena,18,40.3,38.0,67.0,Seu histórico em MG Advanced é 10 de 18 (56%). Base pequena: o score usa 60% (puxado para a sua média de 62%).,"Há 118 dias em Engaging. Perto da parede: 85% dos que fecham já fecharam aos 90 dias, nenhum do histórico fechou depois de 138, e 1291 abertos já passaram disso sem fechar. Decida antes que vire mais um.",MG Advanced: USD 3.393 em jogo — 4º produto mais caro dos 7.,última janela
2FM8HJDM,Vicki Laflamme,Celia Rouche,West,MG Advanced,,,Engaging,2017-09-20,102.0,3393.0,Agir,1,45.2,ampla,79,38.0,38.0,67.0,Seu histórico em MG Advanced é 45 de 79 (57%) — abaixo da sua média (64%) e da geral (63%).,"Há 102 dias em Engaging. Perto da parede: 85% dos que fecham já fecharam aos 90 dias, nenhum do histórico fechou depois de 138, e 1291 abertos já passaram disso sem fechar. Decida antes que vire mais um.",MG Advanced: USD 3.393 em jogo — 4º produto mais caro dos 7.,última janela
3Q15OHQB,Vicki Laflamme,Celia Rouche,West,MG Advanced,,,Engaging,2017-09-23,99.0,3393.0,Agir,1,45.2,ampla,79,38.0,38.0,67.0,Seu histórico em MG Advanced é 45 de 79 (57%) — abaixo da sua média (64%) e da geral (63%).,"Há 99 dias em Engaging. Perto da parede: 85% dos que fecham já fecharam aos 90 dias, nenhum do histórico fechou depois de 138, e 1291 abertos já passaram disso sem fechar. Decida antes que vire mais um.",MG Advanced: USD 3.393 em jogo — 4º produto mais caro dos 7.,última janela
MAH5U65E,Vicki Laflamme,Celia Rouche,West,MG Advanced,,,Engaging,2017-08-18,135.0,3393.0,Agir,1,45.2,ampla,79,38.0,38.0,67.0,Seu histórico em MG Advanced é 45 de 79 (57%) — abaixo da sua média (64%) e da geral (63%).,"Há 135 dias em Engaging. Perto da parede: 85% dos que fecham já fecharam aos 90 dias, nenhum do histórico fechou depois de 138, e 1291 abertos já passaram disso sem fechar. Decida antes que vire mais um.",MG Advanced: USD 3.393 em jogo — 4º produto mais caro dos 7.,última janela
PMK11X5L,Wilburn Farren,Cara Losch,East,GTX Plus Basic,,,Engaging,2017-11-08,53.0,1096.0,Agir,1,45.1,pequena,3,69.4,35.0,48.0,Seu histórico em GTX Plus Basic é 3 de 3 (100%). Base pequena: o score usa 69% (puxado para a sua média de 70%).,Há 53 dias em Engaging. Zona de follow-up: só 14% dos desfechos acontecem entre os dias 15 e 60. Mantenha a cadência.,GTX Plus Basic: USD 1.096 em jogo — 5º produto mais caro dos 7.,
4ZKFSG5F,Violet Mclelland,Cara Losch,East,GTX Basic,,,Engaging,2017-10-16,76.0,550.0,Agir,1,45.0,média,25,46.6,48.0,37.0,Seu histórico em GTX Basic é 15 de 25 (60%) — abaixo da sua média (63%) e da geral (63%).,Há 76 dias em Engaging. Segunda onda de decisões: 22% dos desfechos acontecem entre 61 e 90 dias.,GTX Basic: USD 550 em jogo — 6º produto mais caro dos 7.,
5378T3K3,Markita Hansen,Celia Rouche,West,GTX Plus Pro,,,Engaging,2017-08-15,138.0,5482.0,Agir,1,45.0,pequena,14,27.9,38.0,74.0,Seu histórico em GTX Plus Pro é 7 de 14 (50%). Base pequena: o score usa 57% (puxado para a sua média de 57%).,"Há 138 dias em Engaging. Perto da parede: 85% dos que fecham já fecharam aos 90 dias, nenhum do histórico fechou depois de 138, e 1291 abertos já passaram disso sem fechar. Decida antes que vire mais um.",GTX Plus Pro: USD 5.482 em jogo — 2º produto mais caro dos 7.,última janela
61IKUAZI,Rosalina Dieter,Celia Rouche,West,GTX Plus Basic,Dalttechnology,software,Engaging,2017-09-20,102.0,1096.0,Agir,1,44.9,pequena,5,59.9,38.0,48.0,Seu histórico em GTX Plus Basic é 4 de 5 (80%). Base pequena: o score usa 66% (puxado para a sua média de 65%).,"Há 102 dias em Engaging. Perto da parede: 85% dos que fecham já fecharam aos 90 dias, nenhum do histórico fechou depois de 138, e 1291 abertos já passaram disso sem fechar. Decida antes que vire mais um.",GTX Plus Basic: USD 1.096 em jogo — 5º produto mais caro dos 7.,última janela
L9EVLHSJ,Kami Bicknell,Summer Sewald,West,GTX Plus Basic,,,Engaging,2017-10-08,84.0,1096.0,Agir,1,44.9,ampla,50,32.6,48.0,48.0,Seu histórico em GTX Plus Basic é 26 de 50 (52%) — abaixo da sua média (64%) e da geral (63%).,Há 84 dias em Engaging. Segunda onda de decisões: 22% dos desfechos acontecem entre 61 e 90 dias.,GTX Plus Basic: USD 1.096 em jogo — 5º produto mais caro dos 7.,
QCBO7C6E,Kami Bicknell,Summer Sewald,West,GTX Plus Basic,,,Engaging,2017-10-13,79.0,1096.0,Agir,1,44.9,ampla,50,32.6,48.0,48.0,Seu histórico em GTX Plus Basic é 26 de 50 (52%) — abaixo da sua média (64%) e da geral (63%).,Há 79 dias em Engaging. Segunda onda de decisões: 22% dos desfechos acontecem entre 61 e 90 dias.,GTX Plus Basic: USD 1.096 em jogo — 5º produto mais caro dos 7.,
RYNZ2WOK,Markita Hansen,Celia Rouche,West,MG Advanced,Iselectrics,technology,Engaging,2017-08-29,124.0,3393.0,Agir,1,44.9,média,40,36.4,38.0,67.0,Seu histórico em MG Advanced é 24 de 40 (60%) — abaixo da média geral (63%).,"Há 124 dias em Engaging. Perto da parede: 85% dos que fecham já fecharam aos 90 dias, nenhum do histórico fechou depois de 138, e 1291 abertos já passaram disso sem fechar. Decida antes que vire mais um.",MG Advanced: USD 3.393 em jogo — 4º produto mais caro dos 7.,última janela
Y6NI5EBV,Kami Bicknell,Summer Sewald,West,GTX Plus Basic,,,Engaging,2017-10-17,75.0,1096.0,Agir,1,44.9,ampla,50,32.6,48.0,48.0,Seu histórico em GTX Plus Basic é 26 de 50 (52%) — abaixo da sua média (64%) e da geral (63%).,Há 75 dias em Engaging. Segunda onda de decisões: 22% dos desfechos acontecem entre 61 e 90 dias.,GTX Plus Basic: USD 1.096 em jogo — 5º produto mais caro dos 7.,
1VFT3UCK,Boris Faz,Rocco Neubert,East,GTX Plus Basic,Condax,medical,Engaging,2017-08-21,132.0,1096.0,Agir,1,44.8,média,42,59.3,38.0,48.0,Você fecha GTX Plus Basic em 28 de 42 deals (67%) — acima da média geral (63%).,"Há 132 dias em Engaging. Perto da parede: 85% dos que fecham já fecharam aos 90 dias, nenhum do histórico fechou depois de 138, e 1291 abertos já passaram disso sem fechar. Decida antes que vire mais um.",GTX Plus Basic: USD 1.096 em jogo — 5º produto mais caro dos 7.,última janela
IOPIJ6C6,Boris Faz,Rocco Neubert,East,GTX Plus Basic,,,Engaging,2017-09-07,115.0,1096.0,Agir,1,44.8,média,42,59.3,38.0,48.0,Você fecha GTX Plus Basic em 28 de 42 deals (67%) — acima da média geral (63%).,"Há 115 dias em Engaging. Perto da parede: 85% dos que fecham já fecharam aos 90 dias, nenhum do histórico fechou depois de 138, e 1291 abertos já passaram disso sem fechar. Decida antes que vire mais um.",GTX Plus Basic: USD 1.096 em jogo — 5º produto mais caro dos 7.,última janela
KQ83VL8T,Boris Faz,Rocco Neubert,East,GTX Plus Basic,,,Engaging,2017-09-17,105.0,1096.0,Agir,1,44.8,média,42,59.3,38.0,48.0,Você fecha GTX Plus Basic em 28 de 42 deals (67%) — acima da média geral (63%).,"Há 105 dias em Engaging. Perto da parede: 85% dos que fecham já fecharam aos 90 dias, nenhum do histórico fechou depois de 138, e 1291 abertos já passaram disso sem fechar. Decida antes que vire mais um.",GTX Plus Basic: USD 1.096 em jogo — 5º produto mais caro dos 7.,última janela
SU1NDYXR,Boris Faz,Rocco Neubert,East,GTX Plus Basic,Stanredtax,finance,Engaging,2017-08-16,137.0,1096.0,Agir,1,44.8,média,42,59.3,38.0,48.0,Você fecha GTX Plus Basic em 28 de 42 deals (67%) — acima da média geral (63%).,"Há 137 dias em Engaging. Perto da parede: 85% dos que fecham já fecharam aos 90 dias, nenhum do histórico fechou depois de 138, e 1291 abertos já passaram disso sem fechar. Decida antes que vire mais um.",GTX Plus Basic: USD 1.096 em jogo — 5º produto mais caro dos 7.,última janela
XNKIZY9J,Corliss Cosme,Cara Losch,East,MG Advanced,,,Engaging,2017-08-18,135.0,3393.0,Agir,1,44.6,média,21,34.5,38.0,67.0,Seu histórico em MG Advanced é 9 de 21 (43%) — abaixo da sua média (66%) e da geral (63%).,"Há 135 dias em Engaging. Perto da parede: 85% dos que fecham já fecharam aos 90 dias, nenhum do histórico fechou depois de 138, e 1291 abertos já passaram disso sem fechar. Decida antes que vire mais um.",MG Advanced: USD 3.393 em jogo — 4º produto mais caro dos 7.,última janela
N2249A7T,Markita Hansen,Celia Rouche,West,GTX Pro,,,Engaging,2017-11-02,59.0,4821.0,Agir,1,44.5,média,30,36.0,35.0,72.0,Seu histórico em GTX Pro é 18 de 30 (60%) — abaixo da média geral (63%).,Há 59 dias em Engaging. Zona de follow-up: só 14% dos desfechos acontecem entre os dias 15 e 60. Mantenha a cadência.,GTX Pro: USD 4.821 em jogo — 3º produto mais caro dos 7.,
ON821ADT,Markita Hansen,Celia Rouche,West,GTX Pro,,,Engaging,2017-11-04,57.0,4821.0,Agir,1,44.5,média,30,36.0,35.0,72.0,Seu histórico em GTX Pro é 18 de 30 (60%) — abaixo da média geral (63%).,Há 57 dias em Engaging. Zona de follow-up: só 14% dos desfechos acontecem entre os dias 15 e 60. Mantenha a cadência.,GTX Pro: USD 4.821 em jogo — 3º produto mais caro dos 7.,
F761DF0M,Zane Levy,Summer Sewald,West,GTX Basic,Silis,medical,Engaging,2017-10-11,81.0,550.0,Agir,1,44.4,ampla,79,43.5,48.0,37.0,Seu histórico em GTX Basic é 48 de 79 (61%) — abaixo da sua média (62%) e da geral (63%).,Há 81 dias em Engaging. Segunda onda de decisões: 22% dos desfechos acontecem entre 61 e 90 dias.,GTX Basic: USD 550 em jogo — 6º produto mais caro dos 7.,
Y3AAS62P,Vicki Laflamme,Celia Rouche,West,GTX Plus Basic,Zoomit,entertainment,Engaging,2017-09-12,110.0,1096.0,Agir,1,44.1,pequena,19,56.0,38.0,48.0,Seu histórico em GTX Plus Basic é 13 de 19 (68%). Base pequena: o score usa 65% (puxado para a sua média de 64%).,"Há 110 dias em Engaging. Perto da parede: 85% dos que fecham já fecharam aos 90 dias, nenhum do histórico fechou depois de 138, e 1291 abertos já passaram disso sem fechar. Decida antes que vire mais um.",GTX Plus Basic: USD 1.096 em jogo — 5º produto mais caro dos 7.,última janela
NGG8O0JX,Markita Hansen,Celia Rouche,West,GTX Basic,,,Engaging,2017-10-13,79.0,550.0,Agir,1,43.5,média,47,39.4,48.0,37.0,Seu histórico em GTX Basic é 29 de 47 (62%) — abaixo da média geral (63%).,Há 79 dias em Engaging. Segunda onda de decisões: 22% dos desfechos acontecem entre 61 e 90 dias.,GTX Basic: USD 550 em jogo — 6º produto mais caro dos 7.,
K9KGXL2E,Markita Hansen,Celia Rouche,West,MG Advanced,Lexiqvolax,medical,Engaging,2017-12-13,18.0,3393.0,Agir,1,43.3,média,40,36.4,35.0,67.0,Seu histórico em MG Advanced é 24 de 40 (60%) — abaixo da média geral (63%).,Há 18 dias em Engaging. Zona de follow-up: só 14% dos desfechos acontecem entre os dias 15 e 60. Mantenha a cadência.,MG Advanced: USD 3.393 em jogo — 4º produto mais caro dos 7.,
NJC4XMEN,James Ascencio,Summer Sewald,West,GTX Plus Basic,Initech,telecommunications,Engaging,2017-09-09,113.0,1096.0,Agir,1,43.3,média,23,52.0,38.0,48.0,Você fecha GTX Plus Basic em 14 de 23 deals (61%) — acima da média geral (63%).,"Há 113 dias em Engaging. Perto da parede: 85% dos que fecham já fecharam aos 90 dias, nenhum do histórico fechou depois de 138, e 1291 abertos já passaram disso sem fechar. Decida antes que vire mais um.",GTX Plus Basic: USD 1.096 em jogo — 5º produto mais caro dos 7.,última janela
0CR37ETK,Corliss Cosme,Cara Losch,East,MG Advanced,,,Engaging,2017-11-05,56.0,3393.0,Agir,1,42.9,média,21,34.5,35.0,67.0,Seu histórico em MG Advanced é 9 de 21 (43%) — abaixo da sua média (66%) e da geral (63%).,Há 56 dias em Engaging. Zona de follow-up: só 14% dos desfechos acontecem entre os dias 15 e 60. Mantenha a cadência.,MG Advanced: USD 3.393 em jogo — 4º produto mais caro dos 7.,
1MQ3015O,Niesha Huffines,Melvin Marxen,Central,GTX Plus Basic,,,Engaging,2017-08-15,138.0,1096.0,Agir,1,42.7,ampla,54,49.0,38.0,48.0,Seu histórico em GTX Plus Basic é 35 de 54 (65%) — abaixo da média geral (63%).,"Há 138 dias em Engaging. Perto da parede: 85% dos que fecham já fecharam aos 90 dias, nenhum do histórico fechou depois de 138, e 1291 abertos já passaram disso sem fechar. Decida antes que vire mais um.",GTX Plus Basic: USD 1.096 em jogo — 5º produto mais caro dos 7.,última janela
NUS67BOQ,Rosie Papadopoulos,Cara Losch,East,GTX Basic,,,Engaging,2017-08-31,122.0,550.0,Agir,1,42.2,pequena,9,60.1,38.0,37.0,Seu histórico em GTX Basic é 7 de 9 (78%). Base pequena: o score usa 66% (puxado para a sua média de 64%).,"Há 122 dias em Engaging. Perto da parede: 85% dos que fecham já fecharam aos 90 dias, nenhum do histórico fechou depois de 138, e 1291 abertos já passaram disso sem fechar. Decida antes que vire mais um.",GTX Basic: USD 550 em jogo — 6º produto mais caro dos 7.,última janela
VKIR68JX,Violet Mclelland,Cara Losch,East,GTX Plus Basic,,,Engaging,2017-09-04,118.0,1096.0,Agir,1,42.2,pequena,17,46.5,38.0,48.0,Seu histórico em GTX Plus Basic é 10 de 17 (59%). Base pequena: o score usa 62% (puxado para a sua média de 63%).,"Há 118 dias em Engaging. Perto da parede: 85% dos que fecham já fecharam aos 90 dias, nenhum do histórico fechou depois de 138, e 1291 abertos já passaram disso sem fechar. Decida antes que vire mais um.",GTX Plus Basic: USD 1.096 em jogo — 5º produto mais caro dos 7.,última janela
I35REHYN,Vicki Laflamme,Celia Rouche,West,GTX Basic,Genco Pura Olive Oil Company,retail,Engaging,2017-09-12,110.0,550.0,Agir,1,42.1,ampla,83,59.6,38.0,37.0,Você fecha GTX Basic em 56 de 83 deals (67%) — acima da média geral (63%).,"Há 110 dias em Engaging. Perto da parede: 85% dos que fecham já fecharam aos 90 dias, nenhum do histórico fechou depois de 138, e 1291 abertos já passaram disso sem fechar. Decida antes que vire mais um.",GTX Basic: USD 550 em jogo — 6º produto mais caro dos 7.,última janela
IQR162ZT,Elease Gluck,Celia Rouche,West,GTX Plus Basic,,,Engaging,2017-12-13,18.0,1096.0,Agir,1,42.1,pequena,7,54.1,35.0,48.0,Seu histórico em GTX Plus Basic é 5 de 7 (71%). Base pequena: o score usa 64% (puxado para a sua média de 63%).,Há 18 dias em Engaging. Zona de follow-up: só 14% dos desfechos acontecem entre os dias 15 e 60. Mantenha a cadência.,GTX Plus Basic: USD 1.096 em jogo — 5º produto mais caro dos 7.,
P6NQ2LZK,Vicki Laflamme,Celia Rouche,West,GTX Basic,,,Engaging,2017-08-23,130.0,550.0,Agir,1,42.1,ampla,83,59.6,38.0,37.0,Você fecha GTX Basic em 56 de 83 deals (67%) — acima da média geral (63%).,"Há 130 dias em Engaging. Perto da parede: 85% dos que fecham já fecharam aos 90 dias, nenhum do histórico fechou depois de 138, e 1291 abertos já passaram disso sem fechar. Decida antes que vire mais um.",GTX Basic: USD 550 em jogo — 6º produto mais caro dos 7.,última janela
RTX8ZJXT,Vicki Laflamme,Celia Rouche,West,GTX Basic,,,Engaging,2017-08-31,122.0,550.0,Agir,1,42.1,ampla,83,59.6,38.0,37.0,Você fecha GTX Basic em 56 de 83 deals (67%) — acima da média geral (63%).,"Há 122 dias em Engaging. Perto da parede: 85% dos que fecham já fecharam aos 90 dias, nenhum do histórico fechou depois de 138, e 1291 abertos já passaram disso sem fechar. Decida antes que vire mais um.",GTX Basic: USD 550 em jogo — 6º produto mais caro dos 7.,última janela
0558PJL2,Corliss Cosme,Cara Losch,East,GTX Basic,,,Engaging,2017-09-11,111.0,550.0,Agir,1,42.0,ampla,54,59.2,38.0,37.0,Você fecha GTX Basic em 36 de 54 deals (67%) — acima da média geral (63%).,"Há 111 dias em Engaging. Perto da parede: 85% dos que fecham já fecharam aos 90 dias, nenhum do histórico fechou depois de 138, e 1291 abertos já passaram disso sem fechar. Decida antes que vire mais um.",GTX Basic: USD 550 em jogo — 6º produto mais caro dos 7.,última janela
ER0U0TOC,Corliss Cosme,Cara Losch,East,GTX Basic,,,Engaging,2017-09-15,107.0,550.0,Agir,1,42.0,ampla,54,59.2,38.0,37.0,Você fecha GTX Basic em 36 de 54 deals (67%) — acima da média geral (63%).,"Há 107 dias em Engaging. Perto da parede: 85% dos que fecham já fecharam aos 90 dias, nenhum do histórico fechou depois de 138, e 1291 abertos já passaram disso sem fechar. Decida antes que vire mais um.",GTX Basic: USD 550 em jogo — 6º produto mais caro dos 7.,última janela
5X3TSUA9,Cassey Cress,Rocco Neubert,East,GTX Plus Basic,,,Engaging,2017-09-13,109.0,1096.0,Agir,1,41.9,média,43,44.8,38.0,48.0,Seu histórico em GTX Plus Basic é 26 de 43 (60%) — abaixo da sua média (62%) e da geral (63%).,"Há 109 dias em Engaging. Perto da parede: 85% dos que fecham já fecharam aos 90 dias, nenhum do histórico fechou depois de 138, e 1291 abertos já passaram disso sem fechar. Decida antes que vire mais um.",GTX Plus Basic: USD 1.096 em jogo — 5º produto mais caro dos 7.,última janela
7868JVH9,Cassey Cress,Rocco Neubert,East,GTX Plus Basic,Rantouch,telecommunications,Engaging,2017-08-29,124.0,1096.0,Agir,1,41.9,média,43,44.8,38.0,48.0,Seu histórico em GTX Plus Basic é 26 de 43 (60%) — abaixo da sua média (62%) e da geral (63%).,"Há 124 dias em Engaging. Perto da parede: 85% dos que fecham já fecharam aos 90 dias, nenhum do histórico fechou depois de 138, e 1291 abertos já passaram disso sem fechar. Decida antes que vire mais um.",GTX Plus Basic: USD 1.096 em jogo — 5º produto mais caro dos 7.,última janela
FH30JK3J,Cassey Cress,Rocco Neubert,East,GTX Plus Basic,Ontomedia,employment,Engaging,2017-09-06,116.0,1096.0,Agir,1,41.9,média,43,44.8,38.0,48.0,Seu histórico em GTX Plus Basic é 26 de 43 (60%) — abaixo da sua média (62%) e da geral (63%).,"Há 116 dias em Engaging. Perto da parede: 85% dos que fecham já fecharam aos 90 dias, nenhum do histórico fechou depois de 138, e 1291 abertos já passaram disso sem fechar. Decida antes que vire mais um.",GTX Plus Basic: USD 1.096 em jogo — 5º produto mais caro dos 7.,última janela
GWOOPZE8,Cassey Cress,Rocco Neubert,East,GTX Plus Basic,Cheers,entertainment,Engaging,2017-10-01,91.0,1096.0,Agir,1,41.9,média,43,44.8,38.0,48.0,Seu histórico em GTX Plus Basic é 26 de 43 (60%) — abaixo da sua média (62%) e da geral (63%).,"Há 91 dias em Engaging. Perto da parede: 85% dos que fecham já fecharam aos 90 dias, nenhum do histórico fechou depois de 138, e 1291 abertos já passaram disso sem fechar. Decida antes que vire mais um.",GTX Plus Basic: USD 1.096 em jogo — 5º produto mais caro dos 7.,última janela
OO9U4C0Y,Cassey Cress,Rocco Neubert,East,GTX Plus Basic,Y-corporation,employment,Engaging,2017-08-27,126.0,1096.0,Agir,1,41.9,média,43,44.8,38.0,48.0,Seu histórico em GTX Plus Basic é 26 de 43 (60%) — abaixo da sua média (62%) e da geral (63%).,"Há 126 dias em Engaging. Perto da parede: 85% dos que fecham já fecharam aos 90 dias, nenhum do histórico fechou depois de 138, e 1291 abertos já passaram disso sem fechar. Decida antes que vire mais um.",GTX Plus Basic: USD 1.096 em jogo — 5º produto mais caro dos 7.,última janela
SY61BAXZ,Cassey Cress,Rocco Neubert,East,GTX Plus Basic,Rantouch,telecommunications,Engaging,2017-08-17,136.0,1096.0,Agir,1,41.9,média,43,44.8,38.0,48.0,Seu histórico em GTX Plus Basic é 26 de 43 (60%) — abaixo da sua média (62%) e da geral (63%).,"Há 136 dias em Engaging. Perto da parede: 85% dos que fecham já fecharam aos 90 dias, nenhum do histórico fechou depois de 138, e 1291 abertos já passaram disso sem fechar. Decida antes que vire mais um.",GTX Plus Basic: USD 1.096 em jogo — 5º produto mais caro dos 7.,última janela
DZP41ANW,Hayden Neloms,Celia Rouche,West,GTX Plus Basic,,,Engaging,2017-09-03,119.0,1096.0,Agir,1,41.6,média,42,43.5,38.0,48.0,Seu histórico em GTX Plus Basic é 22 de 42 (52%) — abaixo da sua média (70%) e da geral (63%).,"Há 119 dias em Engaging. Perto da parede: 85% dos que fecham já fecharam aos 90 dias, nenhum do histórico fechou depois de 138, e 1291 abertos já passaram disso sem fechar. Decida antes que vire mais um.",GTX Plus Basic: USD 1.096 em jogo — 5º produto mais caro dos 7.,última janela
G03J67Z1,Zane Levy,Summer Sewald,West,GTX Plus Basic,,,Engaging,2017-08-22,131.0,1096.0,Agir,1,41.6,média,43,43.7,38.0,48.0,Seu histórico em GTX Plus Basic é 26 de 43 (60%) — abaixo da sua média (62%) e da geral (63%).,"Há 131 dias em Engaging. Perto da parede: 85% dos que fecham já fecharam aos 90 dias, nenhum do histórico fechou depois de 138, e 1291 abertos já passaram disso sem fechar. Decida antes que vire mais um.",GTX Plus Basic: USD 1.096 em jogo — 5º produto mais caro dos 7.,última janela
RKOQZJZR,Zane Levy,Summer Sewald,West,GTX Plus Basic,J-Texon,retail,Engaging,2017-09-11,111.0,1096.0,Agir,1,41.6,média,43,43.7,38.0,48.0,Seu histórico em GTX Plus Basic é 26 de 43 (60%) — abaixo da sua média (62%) e da geral (63%).,"Há 111 dias em Engaging. Perto da parede: 85% dos que fecham já fecharam aos 90 dias, nenhum do histórico fechou depois de 138, e 1291 abertos já passaram disso sem fechar. Decida antes que vire mais um.",GTX Plus Basic: USD 1.096 em jogo — 5º produto mais caro dos 7.,última janela
WNTAT1OT,Boris Faz,Rocco Neubert,East,GTX Basic,,,Engaging,2017-08-31,122.0,550.0,Agir,1,41.6,média,26,57.3,38.0,37.0,Você fecha GTX Basic em 17 de 26 deals (65%) — acima da média geral (63%).,"Há 122 dias em Engaging. Perto da parede: 85% dos que fecham já fecharam aos 90 dias, nenhum do histórico fechou depois de 138, e 1291 abertos já passaram disso sem fechar. Decida antes que vire mais um.",GTX Basic: USD 550 em jogo — 6º produto mais caro dos 7.,última janela
WZ3FJA3V,Zane Levy,Summer Sewald,West,GTX Plus Basic,Labdrill,medical,Engaging,2017-08-25,128.0,1096.0,Agir,1,41.6,média,43,43.7,38.0,48.0,Seu histórico em GTX Plus Basic é 26 de 43 (60%) — abaixo da sua média (62%) e da geral (63%).,"Há 128 dias em Engaging. Perto da parede: 85% dos que fecham já fecharam aos 90 dias, nenhum do histórico fechou depois de 138, e 1291 abertos já passaram disso sem fechar. Decida antes que vire mais um.",GTX Plus Basic: USD 1.096 em jogo — 5º produto mais caro dos 7.,última janela
H5J7C2FE,Kami Bicknell,Summer Sewald,West,GTX Basic,,,Engaging,2017-09-05,117.0,550.0,Agir,1,41.5,ampla,108,56.6,38.0,37.0,Você fecha GTX Basic em 71 de 108 deals (66%) — acima da média geral (63%).,"Há 117 dias em Engaging. Perto da parede: 85% dos que fecham já fecharam aos 90 dias, nenhum do histórico fechou depois de 138, e 1291 abertos já passaram disso sem fechar. Decida antes que vire mais um.",GTX Basic: USD 550 em jogo — 6º produto mais caro dos 7.,última janela
K2NPVZL8,Kami Bicknell,Summer Sewald,West,GTX Basic,,,Engaging,2017-09-23,99.0,550.0,Agir,1,41.5,ampla,108,56.6,38.0,37.0,Você fecha GTX Basic em 71 de 108 deals (66%) — acima da média geral (63%).,"Há 99 dias em Engaging. Perto da parede: 85% dos que fecham já fecharam aos 90 dias, nenhum do histórico fechou depois de 138, e 1291 abertos já passaram disso sem fechar. Decida antes que vire mais um.",GTX Basic: USD 550 em jogo — 6º produto mais caro dos 7.,última janela
PAQ6EKHB,Kami Bicknell,Summer Sewald,West,GTX Basic,,,Engaging,2017-09-17,105.0,550.0,Agir,1,41.5,ampla,108,56.6,38.0,37.0,Você fecha GTX Basic em 71 de 108 deals (66%) — acima da média geral (63%).,"Há 105 dias em Engaging. Perto da parede: 85% dos que fecham já fecharam aos 90 dias, nenhum do histórico fechou depois de 138, e 1291 abertos já passaram disso sem fechar. Decida antes que vire mais um.",GTX Basic: USD 550 em jogo — 6º produto mais caro dos 7.,última janela
U1XSUD1P,Kami Bicknell,Summer Sewald,West,GTX Basic,,,Engaging,2017-09-06,116.0,550.0,Agir,1,41.5,ampla,108,56.6,38.0,37.0,Você fecha GTX Basic em 71 de 108 deals (66%) — acima da média geral (63%).,"Há 116 dias em Engaging. Perto da parede: 85% dos que fecham já fecharam aos 90 dias, nenhum do histórico fechou depois de 138, e 1291 abertos já passaram disso sem fechar. Decida antes que vire mais um.",GTX Basic: USD 550 em jogo — 6º produto mais caro dos 7.,última janela
YB4YJTK4,Kami Bicknell,Summer Sewald,West,GTX Basic,Lexiqvolax,medical,Engaging,2017-08-23,130.0,550.0,Agir,1,41.5,ampla,108,56.6,38.0,37.0,Você fecha GTX Basic em 71 de 108 deals (66%) — acima da média geral (63%).,"Há 130 dias em Engaging. Perto da parede: 85% dos que fecham já fecharam aos 90 dias, nenhum do histórico fechou depois de 138, e 1291 abertos já passaram disso sem fechar. Decida antes que vire mais um.",GTX Basic: USD 550 em jogo — 6º produto mais caro dos 7.,última janela
7P069DNF,Kary Hendrixson,Summer Sewald,West,GTX Plus Basic,Labdrill,medical,Engaging,2017-08-20,133.0,1096.0,Agir,1,41.2,ampla,51,41.6,38.0,48.0,Seu histórico em GTX Plus Basic é 30 de 51 (59%) — abaixo da sua média (62%) e da geral (63%).,"Há 133 dias em Engaging. Perto da parede: 85% dos que fecham já fecharam aos 90 dias, nenhum do histórico fechou depois de 138, e 1291 abertos já passaram disso sem fechar. Decida antes que vire mais um.",GTX Plus Basic: USD 1.096 em jogo — 5º produto mais caro dos 7.,última janela
W5FH95XO,Hayden Neloms,Celia Rouche,West,MG Special,,,Engaging,2017-10-30,62.0,55.0,Agir,1,41.1,média,23,73.7,48.0,0.0,Você fecha MG Special em 17 de 23 deals (74%) — bem acima da média geral (63%).,Há 62 dias em Engaging. Segunda onda de decisões: 22% dos desfechos acontecem entre 61 e 90 dias.,MG Special: USD 55 em jogo — o produto mais barato do catálogo.,
2F41W100,Daniell Hammack,Rocco Neubert,East,GTX Plus Basic,,,Engaging,2017-08-26,127.0,1096.0,Agir,1,40.7,ampla,53,39.2,38.0,48.0,Seu histórico em GTX Plus Basic é 31 de 53 (58%) — abaixo da sua média (61%) e da geral (63%).,"Há 127 dias em Engaging. Perto da parede: 85% dos que fecham já fecharam aos 90 dias, nenhum do histórico fechou depois de 138, e 1291 abertos já passaram disso sem fechar. Decida antes que vire mais um.",GTX Plus Basic: USD 1.096 em jogo — 5º produto mais caro dos 7.,última janela
C51GWGUE,Daniell Hammack,Rocco Neubert,East,GTX Plus Basic,,,Engaging,2017-09-29,93.0,1096.0,Agir,1,40.7,ampla,53,39.2,38.0,48.0,Seu histórico em GTX Plus Basic é 31 de 53 (58%) — abaixo da sua média (61%) e da geral (63%).,"Há 93 dias em Engaging. Perto da parede: 85% dos que fecham já fecharam aos 90 dias, nenhum do histórico fechou depois de 138, e 1291 abertos já passaram disso sem fechar. Decida antes que vire mais um.",GTX Plus Basic: USD 1.096 em jogo — 5º produto mais caro dos 7.,última janela
CN8X0DLA,Daniell Hammack,Rocco Neubert,East,GTX Plus Basic,Stanredtax,finance,Engaging,2017-08-24,129.0,1096.0,Agir,1,40.7,ampla,53,39.2,38.0,48.0,Seu histórico em GTX Plus Basic é 31 de 53 (58%) — abaixo da sua média (61%) e da geral (63%).,"Há 129 dias em Engaging. Perto da parede: 85% dos que fecham já fecharam aos 90 dias, nenhum do histórico fechou depois de 138, e 1291 abertos já passaram disso sem fechar. Decida antes que vire mais um.",GTX Plus Basic: USD 1.096 em jogo — 5º produto mais caro dos 7.,última janela
GXIVJQPG,Daniell Hammack,Rocco Neubert,East,GTX Plus Basic,Xx-zobam,entertainment,Engaging,2017-10-01,91.0,1096.0,Agir,1,40.7,ampla,53,39.2,38.0,48.0,Seu histórico em GTX Plus Basic é 31 de 53 (58%) — abaixo da sua média (61%) e da geral (63%).,"Há 91 dias em Engaging. Perto da parede: 85% dos que fecham já fecharam aos 90 dias, nenhum do histórico fechou depois de 138, e 1291 abertos já passaram disso sem fechar. Decida antes que vire mais um.",GTX Plus Basic: USD 1.096 em jogo — 5º produto mais caro dos 7.,última janela
TWEVVI99,Daniell Hammack,Rocco Neubert,East,GTX Plus Basic,Scottech,marketing,Engaging,2017-08-25,128.0,1096.0,Agir,1,40.7,ampla,53,39.2,38.0,48.0,Seu histórico em GTX Plus Basic é 31 de 53 (58%) — abaixo da sua média (61%) e da geral (63%).,"Há 128 dias em Engaging. Perto da parede: 85% dos que fecham já fecharam aos 90 dias, nenhum do histórico fechou depois de 138, e 1291 abertos já passaram disso sem fechar. Decida antes que vire mais um.",GTX Plus Basic: USD 1.096 em jogo — 5º produto mais caro dos 7.,última janela
PYQ3VX08,Niesha Huffines,Melvin Marxen,Central,GTX Pro,,,Engaging,2017-08-15,138.0,4821.0,Agir,1,40.5,pequena,14,8.0,38.0,72.0,Seu histórico em GTX Pro é 2 de 14 (14%). Base pequena: o score usa 51% (puxado para a sua média de 60%).,"Há 138 dias em Engaging. Perto da parede: 85% dos que fecham já fecharam aos 90 dias, nenhum do histórico fechou depois de 138, e 1291 abertos já passaram disso sem fechar. Decida antes que vire mais um.",GTX Pro: USD 4.821 em jogo — 3º produto mais caro dos 7.,última janela
J962I0KG,Cassey Cress,Rocco Neubert,East,GTX Plus Basic,,,Engaging,2017-11-20,41.0,1096.0,Agir,1,40.2,média,43,44.8,35.0,48.0,Seu histórico em GTX Plus Basic é 26 de 43 (60%) — abaixo da sua média (62%) e da geral (63%).,Há 41 dias em Engaging. Zona de follow-up: só 14% dos desfechos acontecem entre os dias 15 e 60. Mantenha a cadência.,GTX Plus Basic: USD 1.096 em jogo — 5º produto mais caro dos 7.,
OM8LELJW,Kary Hendrixson,Summer Sewald,West,GTX Basic,Iselectrics,technology,Engaging,2017-09-06,116.0,550.0,Agir,1,40.2,ampla,129,50.4,38.0,37.0,Você fecha GTX Basic em 82 de 129 deals (64%) — acima da média geral (63%).,"Há 116 dias em Engaging. Perto da parede: 85% dos que fecham já fecharam aos 90 dias, nenhum do histórico fechou depois de 138, e 1291 abertos já passaram disso sem fechar. Decida antes que vire mais um.",GTX Basic: USD 550 em jogo — 6º produto mais caro dos 7.,última janela
PM2BF2KB,Cassey Cress,Rocco Neubert,East,GTX Plus Basic,Xx-holding,finance,Engaging,2017-12-13,18.0,1096.0,Agir,1,40.2,média,43,44.8,35.0,48.0,Seu histórico em GTX Plus Basic é 26 de 43 (60%) — abaixo da sua média (62%) e da geral (63%).,Há 18 dias em Engaging. Zona de follow-up: só 14% dos desfechos acontecem entre os dias 15 e 60. Mantenha a cadência.,GTX Plus Basic: USD 1.096 em jogo — 5º produto mais caro dos 7.,
QPUPBL50,Kary Hendrixson,Summer Sewald,West,GTX Basic,,,Engaging,2017-08-20,133.0,550.0,Agir,1,40.2,ampla,129,50.4,38.0,37.0,Você fecha GTX Basic em 82 de 129 deals (64%) — acima da média geral (63%).,"Há 133 dias em Engaging. Perto da parede: 85% dos que fecham já fecharam aos 90 dias, nenhum do histórico fechou depois de 138, e 1291 abertos já passaram disso sem fechar. Decida antes que vire mais um.",GTX Basic: USD 550 em jogo — 6º produto mais caro dos 7.,última janela
VYR4EWHR,Kary Hendrixson,Summer Sewald,West,GTX Basic,,,Engaging,2017-08-18,135.0,550.0,Agir,1,40.2,ampla,129,50.4,38.0,37.0,Você fecha GTX Basic em 82 de 129 deals (64%) — acima da média geral (63%).,"Há 135 dias em Engaging. Perto da parede: 85% dos que fecham já fecharam aos 90 dias, nenhum do histórico fechou depois de 138, e 1291 abertos já passaram disso sem fechar. Decida antes que vire mais um.",GTX Basic: USD 550 em jogo — 6º produto mais caro dos 7.,última janela
WV2YBM8V,Kary Hendrixson,Summer Sewald,West,GTX Basic,,,Engaging,2017-09-30,92.0,550.0,Agir,1,40.2,ampla,129,50.4,38.0,37.0,Você fecha GTX Basic em 82 de 129 deals (64%) — acima da média geral (63%).,"Há 92 dias em Engaging. Perto da parede: 85% dos que fecham já fecharam aos 90 dias, nenhum do histórico fechou depois de 138, e 1291 abertos já passaram disso sem fechar. Decida antes que vire mais um.",GTX Basic: USD 550 em jogo — 6º produto mais caro dos 7.,última janela
XBPJ6M4K,Kary Hendrixson,Summer Sewald,West,GTX Basic,Finhigh,finance,Engaging,2017-08-31,122.0,550.0,Agir,1,40.2,ampla,129,50.4,38.0,37.0,Você fecha GTX Basic em 82 de 129 deals (64%) — acima da média geral (63%).,"Há 122 dias em Engaging. Perto da parede: 85% dos que fecham já fecharam aos 90 dias, nenhum do histórico fechou depois de 138, e 1291 abertos já passaram disso sem fechar. Decida antes que vire mais um.",GTX Basic: USD 550 em jogo — 6º produto mais caro dos 7.,última janela
ZBDT3T2H,Kary Hendrixson,Summer Sewald,West,GTX Basic,,,Engaging,2017-09-18,104.0,550.0,Agir,1,40.2,ampla,129,50.4,38.0,37.0,Você fecha GTX Basic em 82 de 129 deals (64%) — acima da média geral (63%).,"Há 104 dias em Engaging. Perto da parede: 85% dos que fecham já fecharam aos 90 dias, nenhum do histórico fechou depois de 138, e 1291 abertos já passaram disso sem fechar. Decida antes que vire mais um.",GTX Basic: USD 550 em jogo — 6º produto mais caro dos 7.,última janela
1UW6ILCH,Maureen Marcano,Summer Sewald,West,GTX Basic,Bioplex,medical,Engaging,2017-09-05,117.0,550.0,Agir,1,40.0,média,41,49.5,38.0,37.0,Seu histórico em GTX Basic é 23 de 41 (56%) — abaixo da sua média (70%) e da geral (63%).,"Há 117 dias em Engaging. Perto da parede: 85% dos que fecham já fecharam aos 90 dias, nenhum do histórico fechou depois de 138, e 1291 abertos já passaram disso sem fechar. Decida antes que vire mais um.",GTX Basic: USD 550 em jogo — 6º produto mais caro dos 7.,última janela
JVF7HZMV,Zane Levy,Summer Sewald,West,GTX Plus Basic,,,Engaging,2017-11-28,33.0,1096.0,Agir,1,40.0,média,43,43.7,35.0,48.0,Seu histórico em GTX Plus Basic é 26 de 43 (60%) — abaixo da sua média (62%) e da geral (63%).,Há 33 dias em Engaging. Zona de follow-up: só 14% dos desfechos acontecem entre os dias 15 e 60. Mantenha a cadência.,GTX Plus Basic: USD 1.096 em jogo — 5º produto mais caro dos 7.,
PODXJ4SP,Maureen Marcano,Summer Sewald,West,GTX Basic,Donquadtech,technology,Engaging,2017-08-18,135.0,550.0,Agir,1,40.0,média,41,49.5,38.0,37.0,Seu histórico em GTX Basic é 23 de 41 (56%) — abaixo da sua média (70%) e da geral (63%).,"Há 135 dias em Engaging. Perto da parede: 85% dos que fecham já fecharam aos 90 dias, nenhum do histórico fechou depois de 138, e 1291 abertos já passaram disso sem fechar. Decida antes que vire mais um.",GTX Basic: USD 550 em jogo — 6º produto mais caro dos 7.,última janela
RS31U03Y,Zane Levy,Summer Sewald,West,GTX Plus Basic,,,Engaging,2017-12-07,24.0,1096.0,Agir,1,40.0,média,43,43.7,35.0,48.0,Seu histórico em GTX Plus Basic é 26 de 43 (60%) — abaixo da sua média (62%) e da geral (63%).,Há 24 dias em Engaging. Zona de follow-up: só 14% dos desfechos acontecem entre os dias 15 e 60. Mantenha a cadência.,GTX Plus Basic: USD 1.096 em jogo — 5º produto mais caro dos 7.,
W4XB23IP,Boris Faz,Rocco Neubert,East,GTX Basic,,,Engaging,2017-11-09,52.0,550.0,Agir,1,40.0,média,26,57.3,35.0,37.0,Você fecha GTX Basic em 17 de 26 deals (65%) — acima da média geral (63%).,Há 52 dias em Engaging. Zona de follow-up: só 14% dos desfechos acontecem entre os dias 15 e 60. Mantenha a cadência.,GTX Basic: USD 550 em jogo — 6º produto mais caro dos 7.,
E1LFK6E3,Kami Bicknell,Summer Sewald,West,GTX Basic,,,Engaging,2017-11-03,58.0,550.0,Agir,1,39.8,ampla,108,56.6,35.0,37.0,Você fecha GTX Basic em 71 de 108 deals (66%) — acima da média geral (63%).,Há 58 dias em Engaging. Zona de follow-up: só 14% dos desfechos acontecem entre os dias 15 e 60. Mantenha a cadência.,GTX Basic: USD 550 em jogo — 6º produto mais caro dos 7.,
LC93MVYP,Kami Bicknell,Summer Sewald,West,GTX Basic,,,Engaging,2017-12-01,30.0,550.0,Agir,1,39.8,ampla,108,56.6,35.0,37.0,Você fecha GTX Basic em 71 de 108 deals (66%) — acima da média geral (63%).,Há 30 dias em Engaging. Zona de follow-up: só 14% dos desfechos acontecem entre os dias 15 e 60. Mantenha a cadência.,GTX Basic: USD 550 em jogo — 6º produto mais caro dos 7.,
VL8YNHD7,Kary Hendrixson,Summer Sewald,West,GTX Plus Basic,,,Engaging,2017-12-08,23.0,1096.0,Agir,1,39.6,ampla,51,41.6,35.0,48.0,Seu histórico em GTX Plus Basic é 30 de 51 (59%) — abaixo da sua média (62%) e da geral (63%).,Há 23 dias em Engaging. Zona de follow-up: só 14% dos desfechos acontecem entre os dias 15 e 60. Mantenha a cadência.,GTX Plus Basic: USD 1.096 em jogo — 5º produto mais caro dos 7.,
YMWG4Z3S,Kary Hendrixson,Summer Sewald,West,GTX Plus Basic,Warephase,services,Engaging,2017-11-23,38.0,1096.0,Agir,1,39.6,ampla,51,41.6,35.0,48.0,Seu histórico em GTX Plus Basic é 30 de 51 (59%) — abaixo da sua média (62%) e da geral (63%).,Há 38 dias em Engaging. Zona de follow-up: só 14% dos desfechos acontecem entre os dias 15 e 60. Mantenha a cadência.,GTX Plus Basic: USD 1.096 em jogo — 5º produto mais caro dos 7.,
OGHK250E,Violet Mclelland,Cara Losch,East,GTX Basic,,,Engaging,2017-09-03,119.0,550.0,Agir,1,39.5,média,25,46.6,38.0,37.0,Seu histórico em GTX Basic é 15 de 25 (60%) — abaixo da sua média (63%) e da geral (63%).,"Há 119 dias em Engaging. Perto da parede: 85% dos que fecham já fecharam aos 90 dias, nenhum do histórico fechou depois de 138, e 1291 abertos já passaram disso sem fechar. Decida antes que vire mais um.",GTX Basic: USD 550 em jogo — 6º produto mais caro dos 7.,última janela
PTZ9QLEF,Violet Mclelland,Cara Losch,East,GTX Basic,,,Engaging,2017-08-29,124.0,550.0,Agir,1,39.5,média,25,46.6,38.0,37.0,Seu histórico em GTX Basic é 15 de 25 (60%) — abaixo da sua média (63%) e da geral (63%).,"Há 124 dias em Engaging. Perto da parede: 85% dos que fecham já fecharam aos 90 dias, nenhum do histórico fechou depois de 138, e 1291 abertos já passaram disso sem fechar. Decida antes que vire mais um.",GTX Basic: USD 550 em jogo — 6º produto mais caro dos 7.,última janela
R2V49PU5,Kami Bicknell,Summer Sewald,West,GTX Plus Basic,,,Engaging,2017-08-21,132.0,1096.0,Agir,1,39.4,ampla,50,32.6,38.0,48.0,Seu histórico em GTX Plus Basic é 26 de 50 (52%) — abaixo da sua média (64%) e da geral (63%).,"Há 132 dias em Engaging. Perto da parede: 85% dos que fecham já fecharam aos 90 dias, nenhum do histórico fechou depois de 138, e 1291 abertos já passaram disso sem fechar. Decida antes que vire mais um.",GTX Plus Basic: USD 1.096 em jogo — 5º produto mais caro dos 7.,última janela
0H9C9J03,Markita Hansen,Celia Rouche,West,GTX Plus Basic,,,Engaging,2017-08-25,128.0,1096.0,Agir,1,39.2,média,37,31.7,38.0,48.0,Seu histórico em GTX Plus Basic é 21 de 37 (57%) — abaixo da sua média (57%) e da geral (63%).,"Há 128 dias em Engaging. Perto da parede: 85% dos que fecham já fecharam aos 90 dias, nenhum do histórico fechou depois de 138, e 1291 abertos já passaram disso sem fechar. Decida antes que vire mais um.",GTX Plus Basic: USD 1.096 em jogo — 5º produto mais caro dos 7.,última janela
IMLFM79C,Markita Hansen,Celia Rouche,West,GTX Plus Basic,,,Engaging,2017-09-09,113.0,1096.0,Agir,1,39.2,média,37,31.7,38.0,48.0,Seu histórico em GTX Plus Basic é 21 de 37 (57%) — abaixo da sua média (57%) e da geral (63%).,"Há 113 dias em Engaging. Perto da parede: 85% dos que fecham já fecharam aos 90 dias, nenhum do histórico fechou depois de 138, e 1291 abertos já passaram disso sem fechar. Decida antes que vire mais um.",GTX Plus Basic: USD 1.096 em jogo — 5º produto mais caro dos 7.,última janela
JXUSPNPV,Markita Hansen,Celia Rouche,West,GTX Plus Basic,,,Engaging,2017-09-26,96.0,1096.0,Agir,1,39.2,média,37,31.7,38.0,48.0,Seu histórico em GTX Plus Basic é 21 de 37 (57%) — abaixo da sua média (57%) e da geral (63%).,"Há 96 dias em Engaging. Perto da parede: 85% dos que fecham já fecharam aos 90 dias, nenhum do histórico fechou depois de 138, e 1291 abertos já passaram disso sem fechar. Decida antes que vire mais um.",GTX Plus Basic: USD 1.096 em jogo — 5º produto mais caro dos 7.,última janela
NXXKM7C7,Daniell Hammack,Rocco Neubert,East,GTX Plus Basic,Cancity,retail,Engaging,2017-11-14,47.0,1096.0,Agir,1,39.1,ampla,53,39.2,35.0,48.0,Seu histórico em GTX Plus Basic é 31 de 53 (58%) — abaixo da sua média (61%) e da geral (63%).,Há 47 dias em Engaging. Zona de follow-up: só 14% dos desfechos acontecem entre os dias 15 e 60. Mantenha a cadência.,GTX Plus Basic: USD 1.096 em jogo — 5º produto mais caro dos 7.,
TOJ902PF,Daniell Hammack,Rocco Neubert,East,GTX Plus Basic,Bioholding,medical,Engaging,2017-12-15,16.0,1096.0,Agir,1,39.1,ampla,53,39.2,35.0,48.0,Seu histórico em GTX Plus Basic é 31 de 53 (58%) — abaixo da sua média (61%) e da geral (63%).,Há 16 dias em Engaging. Zona de follow-up: só 14% dos desfechos acontecem entre os dias 15 e 60. Mantenha a cadência.,GTX Plus Basic: USD 1.096 em jogo — 5º produto mais caro dos 7.,
8V5OCDHN,Cassey Cress,Rocco Neubert,East,GTX Basic,,,Engaging,2017-09-12,110.0,550.0,Agir,1,39.0,ampla,58,44.1,38.0,37.0,Seu histórico em GTX Basic é 35 de 58 (60%) — abaixo da sua média (62%) e da geral (63%).,"Há 110 dias em Engaging. Perto da parede: 85% dos que fecham já fecharam aos 90 dias, nenhum do histórico fechou depois de 138, e 1291 abertos já passaram disso sem fechar. Decida antes que vire mais um.",GTX Basic: USD 550 em jogo — 6º produto mais caro dos 7.,última janela
EM1BA4EK,Cassey Cress,Rocco Neubert,East,GTX Basic,Scotfind,software,Engaging,2017-10-01,91.0,550.0,Agir,1,39.0,ampla,58,44.1,38.0,37.0,Seu histórico em GTX Basic é 35 de 58 (60%) — abaixo da sua média (62%) e da geral (63%).,"Há 91 dias em Engaging. Perto da parede: 85% dos que fecham já fecharam aos 90 dias, nenhum do histórico fechou depois de 138, e 1291 abertos já passaram disso sem fechar. Decida antes que vire mais um.",GTX Basic: USD 550 em jogo — 6º produto mais caro dos 7.,última janela
KR22DD8M,Cassey Cress,Rocco Neubert,East,GTX Basic,,,Engaging,2017-08-17,136.0,550.0,Agir,1,39.0,ampla,58,44.1,38.0,37.0,Seu histórico em GTX Basic é 35 de 58 (60%) — abaixo da sua média (62%) e da geral (63%).,"Há 136 dias em Engaging. Perto da parede: 85% dos que fecham já fecharam aos 90 dias, nenhum do histórico fechou depois de 138, e 1291 abertos já passaram disso sem fechar. Decida antes que vire mais um.",GTX Basic: USD 550 em jogo — 6º produto mais caro dos 7.,última janela
LOQ46F0T,Cassey Cress,Rocco Neubert,East,GTX Basic,,,Engaging,2017-09-03,119.0,550.0,Agir,1,39.0,ampla,58,44.1,38.0,37.0,Seu histórico em GTX Basic é 35 de 58 (60%) — abaixo da sua média (62%) e da geral (63%).,"Há 119 dias em Engaging. Perto da parede: 85% dos que fecham já fecharam aos 90 dias, nenhum do histórico fechou depois de 138, e 1291 abertos já passaram disso sem fechar. Decida antes que vire mais um.",GTX Basic: USD 550 em jogo — 6º produto mais caro dos 7.,última janela
X6NSKI7H,Cassey Cress,Rocco Neubert,East,GTX Basic,,,Engaging,2017-09-06,116.0,550.0,Agir,1,39.0,ampla,58,44.1,38.0,37.0,Seu histórico em GTX Basic é 35 de 58 (60%) — abaixo da sua média (62%) e da geral (63%).,"Há 116 dias em Engaging. Perto da parede: 85% dos que fecham já fecharam aos 90 dias, nenhum do histórico fechou depois de 138, e 1291 abertos já passaram disso sem fechar. Decida antes que vire mais um.",GTX Basic: USD 550 em jogo — 6º produto mais caro dos 7.,última janela
6C6Z3HRA,Zane Levy,Summer Sewald,West,GTX Basic,,,Engaging,2017-08-31,122.0,550.0,Agir,1,38.9,ampla,79,43.5,38.0,37.0,Seu histórico em GTX Basic é 48 de 79 (61%) — abaixo da sua média (62%) e da geral (63%).,"Há 122 dias em Engaging. Perto da parede: 85% dos que fecham já fecharam aos 90 dias, nenhum do histórico fechou depois de 138, e 1291 abertos já passaram disso sem fechar. Decida antes que vire mais um.",GTX Basic: USD 550 em jogo — 6º produto mais caro dos 7.,última janela
JBECEURV,Zane Levy,Summer Sewald,West,GTX Basic,,,Engaging,2017-09-14,108.0,550.0,Agir,1,38.9,ampla,79,43.5,38.0,37.0,Seu histórico em GTX Basic é 48 de 79 (61%) — abaixo da sua média (62%) e da geral (63%).,"Há 108 dias em Engaging. Perto da parede: 85% dos que fecham já fecharam aos 90 dias, nenhum do histórico fechou depois de 138, e 1291 abertos já passaram disso sem fechar. Decida antes que vire mais um.",GTX Basic: USD 550 em jogo — 6º produto mais caro dos 7.,última janela
LKJZEISS,Zane Levy,Summer Sewald,West,GTX Basic,,,Engaging,2017-08-24,129.0,550.0,Agir,1,38.9,ampla,79,43.5,38.0,37.0,Seu histórico em GTX Basic é 48 de 79 (61%) — abaixo da sua média (62%) e da geral (63%).,"Há 129 dias em Engaging. Perto da parede: 85% dos que fecham já fecharam aos 90 dias, nenhum do histórico fechou depois de 138, e 1291 abertos já passaram disso sem fechar. Decida antes que vire mais um.",GTX Basic: USD 550 em jogo — 6º produto mais caro dos 7.,última janela
OLXEYM3P,Zane Levy,Summer Sewald,West,GTX Basic,,,Engaging,2017-08-27,126.0,550.0,Agir,1,38.9,ampla,79,43.5,38.0,37.0,Seu histórico em GTX Basic é 48 de 79 (61%) — abaixo da sua média (62%) e da geral (63%).,"Há 126 dias em Engaging. Perto da parede: 85% dos que fecham já fecharam aos 90 dias, nenhum do histórico fechou depois de 138, e 1291 abertos já passaram disso sem fechar. Decida antes que vire mais um.",GTX Basic: USD 550 em jogo — 6º produto mais caro dos 7.,última janela
S8FODURJ,Zane Levy,Summer Sewald,West,GTX Basic,Nam-zim,services,Engaging,2017-09-07,115.0,550.0,Agir,1,38.9,ampla,79,43.5,38.0,37.0,Seu histórico em GTX Basic é 48 de 79 (61%) — abaixo da sua média (62%) e da geral (63%).,"Há 115 dias em Engaging. Perto da parede: 85% dos que fecham já fecharam aos 90 dias, nenhum do histórico fechou depois de 138, e 1291 abertos já passaram disso sem fechar. Decida antes que vire mais um.",GTX Basic: USD 550 em jogo — 6º produto mais caro dos 7.,última janela
TGSLH2ZD,Zane Levy,Summer Sewald,West,GTX Basic,,,Engaging,2017-08-27,126.0,550.0,Agir,1,38.9,ampla,79,43.5,38.0,37.0,Seu histórico em GTX Basic é 48 de 79 (61%) — abaixo da sua média (62%) e da geral (63%).,"Há 126 dias em Engaging. Perto da parede: 85% dos que fecham já fecharam aos 90 dias, nenhum do histórico fechou depois de 138, e 1291 abertos já passaram disso sem fechar. Decida antes que vire mais um.",GTX Basic: USD 550 em jogo — 6º produto mais caro dos 7.,última janela
W533W8G6,Zane Levy,Summer Sewald,West,GTX Basic,,,Engaging,2017-09-04,118.0,550.0,Agir,1,38.9,ampla,79,43.5,38.0,37.0,Seu histórico em GTX Basic é 48 de 79 (61%) — abaixo da sua média (62%) e da geral (63%).,"Há 118 dias em Engaging. Perto da parede: 85% dos que fecham já fecharam aos 90 dias, nenhum do histórico fechou depois de 138, e 1291 abertos já passaram disso sem fechar. Decida antes que vire mais um.",GTX Basic: USD 550 em jogo — 6º produto mais caro dos 7.,última janela
ZPXE49AP,Daniell Hammack,Rocco Neubert,East,GTX Basic,,,Engaging,2017-09-06,116.0,550.0,Agir,1,38.9,pequena,18,44.0,38.0,37.0,Seu histórico em GTX Basic é 11 de 18 (61%). Base pequena: o score usa 61% (puxado para a sua média de 61%).,"Há 116 dias em Engaging. Perto da parede: 85% dos que fecham já fecharam aos 90 dias, nenhum do histórico fechou depois de 138, e 1291 abertos já passaram disso sem fechar. Decida antes que vire mais um.",GTX Basic: USD 550 em jogo — 6º produto mais caro dos 7.,última janela
J9PCNCUP,Kary Hendrixson,Summer Sewald,West,GTX Basic,Golddex,finance,Engaging,2017-11-06,55.0,550.0,Agir,1,38.6,ampla,129,50.4,35.0,37.0,Você fecha GTX Basic em 82 de 129 deals (64%) — acima da média geral (63%).,Há 55 dias em Engaging. Zona de follow-up: só 14% dos desfechos acontecem entre os dias 15 e 60. Mantenha a cadência.,GTX Basic: USD 550 em jogo — 6º produto mais caro dos 7.,
GMY4U7RD,Maureen Marcano,Summer Sewald,West,GTX Basic,,,Engaging,2017-12-09,22.0,550.0,Agir,1,38.4,média,41,49.5,35.0,37.0,Seu histórico em GTX Basic é 23 de 41 (56%) — abaixo da sua média (70%) e da geral (63%).,Há 22 dias em Engaging. Zona de follow-up: só 14% dos desfechos acontecem entre os dias 15 e 60. Mantenha a cadência.,GTX Basic: USD 550 em jogo — 6º produto mais caro dos 7.,
S7UVZXM3,Corliss Cosme,Cara Losch,East,MG Special,,,Engaging,2017-10-24,68.0,55.0,Agir,1,38.3,pequena,16,59.4,48.0,0.0,Seu histórico em MG Special é 11 de 16 (69%). Base pequena: o score usa 66% (puxado para a sua média de 66%).,Há 68 dias em Engaging. Segunda onda de decisões: 22% dos desfechos acontecem entre 61 e 90 dias.,MG Special: USD 55 em jogo — o produto mais barato do catálogo.,
XSEG5T4H,Markita Hansen,Celia Rouche,West,GTX Plus Basic,Zoomit,entertainment,Engaging,2017-11-03,58.0,1096.0,Agir,1,37.6,média,37,31.7,35.0,48.0,Seu histórico em GTX Plus Basic é 21 de 37 (57%) — abaixo da sua média (57%) e da geral (63%).,Há 58 dias em Engaging. Zona de follow-up: só 14% dos desfechos acontecem entre os dias 15 e 60. Mantenha a cadência.,GTX Plus Basic: USD 1.096 em jogo — 5º produto mais caro dos 7.,
MA56XGWR,Daniell Hammack,Rocco Neubert,East,GTX Basic,Iselectrics,technology,Engaging,2017-11-05,56.0,550.0,Agir,1,37.3,pequena,18,44.0,35.0,37.0,Seu histórico em GTX Basic é 11 de 18 (61%). Base pequena: o score usa 61% (puxado para a sua média de 61%).,Há 56 dias em Engaging. Zona de follow-up: só 14% dos desfechos acontecem entre os dias 15 e 60. Mantenha a cadência.,GTX Basic: USD 550 em jogo — 6º produto mais caro dos 7.,
J1G2SZKD,Zane Levy,Summer Sewald,West,GTX Basic,Goodsilron,marketing,Engaging,2017-11-22,39.0,550.0,Agir,1,37.2,ampla,79,43.5,35.0,37.0,Seu histórico em GTX Basic é 48 de 79 (61%) — abaixo da sua média (62%) e da geral (63%).,Há 39 dias em Engaging. Zona de follow-up: só 14% dos desfechos acontecem entre os dias 15 e 60. Mantenha a cadência.,GTX Basic: USD 550 em jogo — 6º produto mais caro dos 7.,
J5BCAQ1Z,Zane Levy,Summer Sewald,West,GTX Basic,Bioplex,medical,Engaging,2017-12-15,16.0,550.0,Agir,1,37.2,ampla,79,43.5,35.0,37.0,Seu histórico em GTX Basic é 48 de 79 (61%) — abaixo da sua média (62%) e da geral (63%).,Há 16 dias em Engaging. Zona de follow-up: só 14% dos desfechos acontecem entre os dias 15 e 60. Mantenha a cadência.,GTX Basic: USD 550 em jogo — 6º produto mais caro dos 7.,
L8XNQONA,Zane Levy,Summer Sewald,West,GTX Basic,Inity,marketing,Engaging,2017-11-27,34.0,550.0,Agir,1,37.2,ampla,79,43.5,35.0,37.0,Seu histórico em GTX Basic é 48 de 79 (61%) — abaixo da sua média (62%) e da geral (63%).,Há 34 dias em Engaging. Zona de follow-up: só 14% dos desfechos acontecem entre os dias 15 e 60. Mantenha a cadência.,GTX Basic: USD 550 em jogo — 6º produto mais caro dos 7.,
RN67OVFW,Zane Levy,Summer Sewald,West,GTX Basic,,,Engaging,2017-11-04,57.0,550.0,Agir,1,37.2,ampla,79,43.5,35.0,37.0,Seu histórico em GTX Basic é 48 de 79 (61%) — abaixo da sua média (62%) e da geral (63%).,Há 57 dias em Engaging. Zona de follow-up: só 14% dos desfechos acontecem entre os dias 15 e 60. Mantenha a cadência.,GTX Basic: USD 550 em jogo — 6º produto mais caro dos 7.,
06C1N1F7,Elease Gluck,Celia Rouche,West,MG Special,,,Engaging,2017-10-05,87.0,55.0,Agir,1,37.0,ampla,51,53.0,48.0,0.0,Você fecha MG Special em 33 de 51 deals (65%) — acima da média geral (63%).,Há 87 dias em Engaging. Segunda onda de decisões: 22% dos desfechos acontecem entre 61 e 90 dias.,MG Special: USD 55 em jogo — o produto mais barato do catálogo.,
MIA65OVY,Elease Gluck,Celia Rouche,West,MG Special,,,Engaging,2017-10-06,86.0,55.0,Agir,1,37.0,ampla,51,53.0,48.0,0.0,Você fecha MG Special em 33 de 51 deals (65%) — acima da média geral (63%).,Há 86 dias em Engaging. Segunda onda de decisões: 22% dos desfechos acontecem entre 61 e 90 dias.,MG Special: USD 55 em jogo — o produto mais barato do catálogo.,
O1SCOU11,Elease Gluck,Celia Rouche,West,MG Special,,,Engaging,2017-10-31,61.0,55.0,Agir,1,37.0,ampla,51,53.0,48.0,0.0,Você fecha MG Special em 33 de 51 deals (65%) — acima da média geral (63%).,Há 61 dias em Engaging. Segunda onda de decisões: 22% dos desfechos acontecem entre 61 e 90 dias.,MG Special: USD 55 em jogo — o produto mais barato do catálogo.,
XGHMOHYQ,Lajuana Vencill,Dustin Brinkmann,Central,GTX Basic,,,Engaging,2017-08-15,138.0,550.0,Agir,1,36.0,ampla,98,29.2,38.0,37.0,Seu histórico em GTX Basic é 56 de 98 (57%) — abaixo da média geral (63%).,"Há 138 dias em Engaging. Perto da parede: 85% dos que fecham já fecharam aos 90 dias, nenhum do histórico fechou depois de 138, e 1291 abertos já passaram disso sem fechar. Decida antes que vire mais um.",GTX Basic: USD 550 em jogo — 6º produto mais caro dos 7.,última janela
GRYHHER0,Hayden Neloms,Celia Rouche,West,MG Special,Finhigh,finance,Engaging,2017-09-03,119.0,55.0,Agir,1,35.6,média,23,73.7,38.0,0.0,Você fecha MG Special em 17 de 23 deals (74%) — bem acima da média geral (63%).,"Há 119 dias em Engaging. Perto da parede: 85% dos que fecham já fecharam aos 90 dias, nenhum do histórico fechou depois de 138, e 1291 abertos já passaram disso sem fechar. Decida antes que vire mais um.",MG Special: USD 55 em jogo — o produto mais barato do catálogo.,última janela
RVUJPYY8,Rosalina Dieter,Celia Rouche,West,MG Special,,,Engaging,2017-10-18,74.0,55.0,Agir,1,35.1,ampla,52,43.3,48.0,0.0,Seu histórico em MG Special é 30 de 52 (58%) — abaixo da sua média (65%) e da geral (63%).,Há 74 dias em Engaging. Segunda onda de decisões: 22% dos desfechos acontecem entre 61 e 90 dias.,MG Special: USD 55 em jogo — o produto mais barato do catálogo.,
B08R55ET,Anna Snelling,Dustin Brinkmann,Central,MG Special,,,Engaging,2017-08-15,138.0,55.0,Agir,1,34.5,ampla,144,68.1,38.0,0.0,Você fecha MG Special em 102 de 144 deals (71%) — acima da média geral (63%).,"Há 138 dias em Engaging. Perto da parede: 85% dos que fecham já fecharam aos 90 dias, nenhum do histórico fechou depois de 138, e 1291 abertos já passaram disso sem fechar. Decida antes que vire mais um.",MG Special: USD 55 em jogo — o produto mais barato do catálogo.,última janela
W1XRTUT2,Versie Hillebrand,Dustin Brinkmann,Central,MG Special,Finhigh,finance,Engaging,2017-08-15,138.0,55.0,Agir,1,34.5,ampla,169,67.9,38.0,0.0,Você fecha MG Special em 117 de 169 deals (69%) — acima da média geral (63%).,"Há 138 dias em Engaging. Perto da parede: 85% dos que fecham já fecharam aos 90 dias, nenhum do histórico fechou depois de 138, e 1291 abertos já passaram disso sem fechar. Decida antes que vire mais um.",MG Special: USD 55 em jogo — o produto mais barato do catálogo.,última janela
TCJA7XF2,Kami Bicknell,Summer Sewald,West,MG Special,,,Engaging,2017-08-27,126.0,55.0,Agir,1,34.0,média,28,65.7,38.0,0.0,Você fecha MG Special em 21 de 28 deals (75%) — bem acima da média geral (63%).,"Há 126 dias em Engaging. Perto da parede: 85% dos que fecham já fecharam aos 90 dias, nenhum do histórico fechou depois de 138, e 1291 abertos já passaram disso sem fechar. Decida antes que vire mais um.",MG Special: USD 55 em jogo — o produto mais barato do catálogo.,última janela
H0RRUQZ6,Maureen Marcano,Summer Sewald,West,MG Special,,,Engaging,2017-09-08,114.0,55.0,Agir,1,33.9,média,23,64.8,38.0,0.0,Você fecha MG Special em 15 de 23 deals (65%) — acima da média geral (63%).,"Há 114 dias em Engaging. Perto da parede: 85% dos que fecham já fecharam aos 90 dias, nenhum do histórico fechou depois de 138, e 1291 abertos já passaram disso sem fechar. Decida antes que vire mais um.",MG Special: USD 55 em jogo — o produto mais barato do catálogo.,última janela
QDBJOE9M,Zane Levy,Summer Sewald,West,MG Special,,,Engaging,2017-10-08,84.0,55.0,Agir,1,33.3,média,20,34.6,48.0,0.0,Seu histórico em MG Special é 10 de 20 (50%) — abaixo da sua média (62%) e da geral (63%).,Há 84 dias em Engaging. Segunda onda de decisões: 22% dos desfechos acontecem entre 61 e 90 dias.,MG Special: USD 55 em jogo — o produto mais barato do catálogo.,
EJVD09HQ,James Ascencio,Summer Sewald,West,MG Special,Betasoloin,medical,Engaging,2017-09-25,97.0,55.0,Agir,1,32.8,pequena,16,59.4,38.0,0.0,Seu histórico em MG Special é 11 de 16 (69%). Base pequena: o score usa 66% (puxado para a sua média de 66%).,"Há 97 dias em Engaging. Perto da parede: 85% dos que fecham já fecharam aos 90 dias, nenhum do histórico fechou depois de 138, e 1291 abertos já passaram disso sem fechar. Decida antes que vire mais um.",MG Special: USD 55 em jogo — o produto mais barato do catálogo.,última janela
7XRWWM0X,Kami Bicknell,Summer Sewald,West,MG Special,Scotfind,software,Engaging,2017-11-15,46.0,55.0,Agir,1,32.4,média,28,65.7,35.0,0.0,Você fecha MG Special em 21 de 28 deals (75%) — bem acima da média geral (63%).,Há 46 dias em Engaging. Zona de follow-up: só 14% dos desfechos acontecem entre os dias 15 e 60. Mantenha a cadência.,MG Special: USD 55 em jogo — o produto mais barato do catálogo.,
1Y58TSUU,Violet Mclelland,Cara Losch,East,MG Special,,,Engaging,2017-08-30,123.0,55.0,Agir,1,32.1,ampla,108,56.0,38.0,0.0,Você fecha MG Special em 71 de 108 deals (66%) — acima da média geral (63%).,"Há 123 dias em Engaging. Perto da parede: 85% dos que fecham já fecharam aos 90 dias, nenhum do histórico fechou depois de 138, e 1291 abertos já passaram disso sem fechar. Decida antes que vire mais um.",MG Special: USD 55 em jogo — o produto mais barato do catálogo.,última janela
L4R7LDY1,Violet Mclelland,Cara Losch,East,MG Special,Hatfan,services,Engaging,2017-08-17,136.0,55.0,Agir,1,32.1,ampla,108,56.0,38.0,0.0,Você fecha MG Special em 71 de 108 deals (66%) — acima da média geral (63%).,"Há 136 dias em Engaging. Perto da parede: 85% dos que fecham já fecharam aos 90 dias, nenhum do histórico fechou depois de 138, e 1291 abertos já passaram disso sem fechar. Decida antes que vire mais um.",MG Special: USD 55 em jogo — o produto mais barato do catálogo.,última janela
VGSH1TSW,Violet Mclelland,Cara Losch,East,MG Special,Vehement Capital Partners,finance,Engaging,2017-08-25,128.0,55.0,Agir,1,32.1,ampla,108,56.0,38.0,0.0,Você fecha MG Special em 71 de 108 deals (66%) — acima da média geral (63%).,"Há 128 dias em Engaging. Perto da parede: 85% dos que fecham já fecharam aos 90 dias, nenhum do histórico fechou depois de 138, e 1291 abertos já passaram disso sem fechar. Decida antes que vire mais um.",MG Special: USD 55 em jogo — o produto mais barato do catálogo.,última janela
WEES59KH,Violet Mclelland,Cara Losch,East,MG Special,,,Engaging,2017-09-06,116.0,55.0,Agir,1,32.1,ampla,108,56.0,38.0,0.0,Você fecha MG Special em 71 de 108 deals (66%) — acima da média geral (63%).,"Há 116 dias em Engaging. Perto da parede: 85% dos que fecham já fecharam aos 90 dias, nenhum do histórico fechou depois de 138, e 1291 abertos já passaram disso sem fechar. Decida antes que vire mais um.",MG Special: USD 55 em jogo — o produto mais barato do catálogo.,última janela
5F1RM2YM,Elease Gluck,Celia Rouche,West,MG Special,,,Engaging,2017-09-20,102.0,55.0,Agir,1,31.5,ampla,51,53.0,38.0,0.0,Você fecha MG Special em 33 de 51 deals (65%) — acima da média geral (63%).,"Há 102 dias em Engaging. Perto da parede: 85% dos que fecham já fecharam aos 90 dias, nenhum do histórico fechou depois de 138, e 1291 abertos já passaram disso sem fechar. Decida antes que vire mais um.",MG Special: USD 55 em jogo — o produto mais barato do catálogo.,última janela
ASZNII2J,Elease Gluck,Celia Rouche,West,MG Special,,,Engaging,2017-09-01,121.0,55.0,Agir,1,31.5,ampla,51,53.0,38.0,0.0,Você fecha MG Special em 33 de 51 deals (65%) — acima da média geral (63%).,"Há 121 dias em Engaging. Perto da parede: 85% dos que fecham já fecharam aos 90 dias, nenhum do histórico fechou depois de 138, e 1291 abertos já passaram disso sem fechar. Decida antes que vire mais um.",MG Special: USD 55 em jogo — o produto mais barato do catálogo.,última janela
JKAYQ4HQ,Elease Gluck,Celia Rouche,West,MG Special,,,Engaging,2017-09-03,119.0,55.0,Agir,1,31.5,ampla,51,53.0,38.0,0.0,Você fecha MG Special em 33 de 51 deals (65%) — acima da média geral (63%).,"Há 119 dias em Engaging. Perto da parede: 85% dos que fecham já fecharam aos 90 dias, nenhum do histórico fechou depois de 138, e 1291 abertos já passaram disso sem fechar. Decida antes que vire mais um.",MG Special: USD 55 em jogo — o produto mais barato do catálogo.,última janela
0XYUJ7HF,Vicki Laflamme,Celia Rouche,West,MG Special,Isdom,medical,Engaging,2017-08-23,130.0,55.0,Agir,1,31.3,ampla,80,51.8,38.0,0.0,Você fecha MG Special em 51 de 80 deals (64%) — acima da média geral (63%).,"Há 130 dias em Engaging. Perto da parede: 85% dos que fecham já fecharam aos 90 dias, nenhum do histórico fechou depois de 138, e 1291 abertos já passaram disso sem fechar. Decida antes que vire mais um.",MG Special: USD 55 em jogo — o produto mais barato do catálogo.,última janela
8P3O8A9H,Vicki Laflamme,Celia Rouche,West,MG Special,,,Engaging,2017-08-21,132.0,55.0,Agir,1,31.3,ampla,80,51.8,38.0,0.0,Você fecha MG Special em 51 de 80 deals (64%) — acima da média geral (63%).,"Há 132 dias em Engaging. Perto da parede: 85% dos que fecham já fecharam aos 90 dias, nenhum do histórico fechou depois de 138, e 1291 abertos já passaram disso sem fechar. Decida antes que vire mais um.",MG Special: USD 55 em jogo — o produto mais barato do catálogo.,última janela
9D43V124,Vicki Laflamme,Celia Rouche,West,MG Special,Mathtouch,marketing,Engaging,2017-08-20,133.0,55.0,Agir,1,31.3,ampla,80,51.8,38.0,0.0,Você fecha MG Special em 51 de 80 deals (64%) — acima da média geral (63%).,"Há 133 dias em Engaging. Perto da parede: 85% dos que fecham já fecharam aos 90 dias, nenhum do histórico fechou depois de 138, e 1291 abertos já passaram disso sem fechar. Decida antes que vire mais um.",MG Special: USD 55 em jogo — o produto mais barato do catálogo.,última janela
D9MZMDOL,Vicki Laflamme,Celia Rouche,West,MG Special,Zumgoity,medical,Engaging,2017-09-20,102.0,55.0,Agir,1,31.3,ampla,80,51.8,38.0,0.0,Você fecha MG Special em 51 de 80 deals (64%) — acima da média geral (63%).,"Há 102 dias em Engaging. Perto da parede: 85% dos que fecham já fecharam aos 90 dias, nenhum do histórico fechou depois de 138, e 1291 abertos já passaram disso sem fechar. Decida antes que vire mais um.",MG Special: USD 55 em jogo — o produto mais barato do catálogo.,última janela
EQ0PLA0O,Vicki Laflamme,Celia Rouche,West,MG Special,,,Engaging,2017-09-13,109.0,55.0,Agir,1,31.3,ampla,80,51.8,38.0,0.0,Você fecha MG Special em 51 de 80 deals (64%) — acima da média geral (63%).,"Há 109 dias em Engaging. Perto da parede: 85% dos que fecham já fecharam aos 90 dias, nenhum do histórico fechou depois de 138, e 1291 abertos já passaram disso sem fechar. Decida antes que vire mais um.",MG Special: USD 55 em jogo — o produto mais barato do catálogo.,última janela
LZ3B174J,Vicki Laflamme,Celia Rouche,West,MG Special,,,Engaging,2017-09-29,93.0,55.0,Agir,1,31.3,ampla,80,51.8,38.0,0.0,Você fecha MG Special em 51 de 80 deals (64%) — acima da média geral (63%).,"Há 93 dias em Engaging. Perto da parede: 85% dos que fecham já fecharam aos 90 dias, nenhum do histórico fechou depois de 138, e 1291 abertos já passaram disso sem fechar. Decida antes que vire mais um.",MG Special: USD 55 em jogo — o produto mais barato do catálogo.,última janela
V7W8CA47,Vicki Laflamme,Celia Rouche,West,MG Special,,,Engaging,2017-08-16,137.0,55.0,Agir,1,31.3,ampla,80,51.8,38.0,0.0,Você fecha MG Special em 51 de 80 deals (64%) — acima da média geral (63%).,"Há 137 dias em Engaging. Perto da parede: 85% dos que fecham já fecharam aos 90 dias, nenhum do histórico fechou depois de 138, e 1291 abertos já passaram disso sem fechar. Decida antes que vire mais um.",MG Special: USD 55 em jogo — o produto mais barato do catálogo.,última janela
YPM5PZMD,Vicki Laflamme,Celia Rouche,West,MG Special,,,Engaging,2017-09-03,119.0,55.0,Agir,1,31.3,ampla,80,51.8,38.0,0.0,Você fecha MG Special em 51 de 80 deals (64%) — acima da média geral (63%).,"Há 119 dias em Engaging. Perto da parede: 85% dos que fecham já fecharam aos 90 dias, nenhum do histórico fechou depois de 138, e 1291 abertos já passaram disso sem fechar. Decida antes que vire mais um.",MG Special: USD 55 em jogo — o produto mais barato do catálogo.,última janela
46UHJGY0,Corliss Cosme,Cara Losch,East,MG Special,,,Engaging,2017-11-02,59.0,55.0,Agir,1,31.1,pequena,16,59.4,35.0,0.0,Seu histórico em MG Special é 11 de 16 (69%). Base pequena: o score usa 66% (puxado para a sua média de 66%).,Há 59 dias em Engaging. Zona de follow-up: só 14% dos desfechos acontecem entre os dias 15 e 60. Mantenha a cadência.,MG Special: USD 55 em jogo — o produto mais barato do catálogo.,
R65LGLJ0,Cassey Cress,Rocco Neubert,East,MG Special,,,Engaging,2017-08-30,123.0,55.0,Agir,1,31.1,pequena,15,51.2,38.0,0.0,Seu histórico em MG Special é 10 de 15 (67%). Base pequena: o score usa 64% (puxado para a sua média de 62%).,"Há 123 dias em Engaging. Perto da parede: 85% dos que fecham já fecharam aos 90 dias, nenhum do histórico fechou depois de 138, e 1291 abertos já passaram disso sem fechar. Decida antes que vire mais um.",MG Special: USD 55 em jogo — o produto mais barato do catálogo.,última janela
0HUWQWOJ,Markita Hansen,Celia Rouche,West,MG Special,,,Engaging,2017-10-09,83.0,55.0,Agir,1,30.9,ampla,54,22.7,48.0,0.0,Seu histórico em MG Special é 28 de 54 (52%) — abaixo da sua média (57%) e da geral (63%).,Há 83 dias em Engaging. Segunda onda de decisões: 22% dos desfechos acontecem entre 61 e 90 dias.,MG Special: USD 55 em jogo — o produto mais barato do catálogo.,
8SLDCS0F,Markita Hansen,Celia Rouche,West,MG Special,,,Engaging,2017-10-11,81.0,55.0,Agir,1,30.9,ampla,54,22.7,48.0,0.0,Seu histórico em MG Special é 28 de 54 (52%) — abaixo da sua média (57%) e da geral (63%).,Há 81 dias em Engaging. Segunda onda de decisões: 22% dos desfechos acontecem entre 61 e 90 dias.,MG Special: USD 55 em jogo — o produto mais barato do catálogo.,
B2FSFXKA,Markita Hansen,Celia Rouche,West,MG Special,,,Engaging,2017-10-19,73.0,55.0,Agir,1,30.9,ampla,54,22.7,48.0,0.0,Seu histórico em MG Special é 28 de 54 (52%) — abaixo da sua média (57%) e da geral (63%).,Há 73 dias em Engaging. Segunda onda de decisões: 22% dos desfechos acontecem entre 61 e 90 dias.,MG Special: USD 55 em jogo — o produto mais barato do catálogo.,
O691ZXXH,Markita Hansen,Celia Rouche,West,MG Special,,,Engaging,2017-10-08,84.0,55.0,Agir,1,30.9,ampla,54,22.7,48.0,0.0,Seu histórico em MG Special é 28 de 54 (52%) — abaixo da sua média (57%) e da geral (63%).,Há 84 dias em Engaging. Segunda onda de decisões: 22% dos desfechos acontecem entre 61 e 90 dias.,MG Special: USD 55 em jogo — o produto mais barato do catálogo.,
W72TPY7P,Markita Hansen,Celia Rouche,West,MG Special,,,Engaging,2017-10-19,73.0,55.0,Agir,1,30.9,ampla,54,22.7,48.0,0.0,Seu histórico em MG Special é 28 de 54 (52%) — abaixo da sua média (57%) e da geral (63%).,Há 73 dias em Engaging. Segunda onda de decisões: 22% dos desfechos acontecem entre 61 e 90 dias.,MG Special: USD 55 em jogo — o produto mais barato do catálogo.,
07GUKIG3,Violet Mclelland,Cara Losch,East,MG Special,,,Engaging,2017-12-05,26.0,55.0,Agir,1,30.4,ampla,108,56.0,35.0,0.0,Você fecha MG Special em 71 de 108 deals (66%) — acima da média geral (63%).,Há 26 dias em Engaging. Zona de follow-up: só 14% dos desfechos acontecem entre os dias 15 e 60. Mantenha a cadência.,MG Special: USD 55 em jogo — o produto mais barato do catálogo.,
1BW8S7JD,Violet Mclelland,Cara Losch,East,MG Special,,,Engaging,2017-11-06,55.0,55.0,Agir,1,30.4,ampla,108,56.0,35.0,0.0,Você fecha MG Special em 71 de 108 deals (66%) — acima da média geral (63%).,Há 55 dias em Engaging. Zona de follow-up: só 14% dos desfechos acontecem entre os dias 15 e 60. Mantenha a cadência.,MG Special: USD 55 em jogo — o produto mais barato do catálogo.,
4ZQTMS3Z,Violet Mclelland,Cara Losch,East,MG Special,Kan-code,software,Engaging,2017-11-23,38.0,55.0,Agir,1,30.4,ampla,108,56.0,35.0,0.0,Você fecha MG Special em 71 de 108 deals (66%) — acima da média geral (63%).,Há 38 dias em Engaging. Zona de follow-up: só 14% dos desfechos acontecem entre os dias 15 e 60. Mantenha a cadência.,MG Special: USD 55 em jogo — o produto mais barato do catálogo.,
854QZNWK,Violet Mclelland,Cara Losch,East,MG Special,,,Engaging,2017-11-01,60.0,55.0,Agir,1,30.4,ampla,108,56.0,35.0,0.0,Você fecha MG Special em 71 de 108 deals (66%) — acima da média geral (63%).,Há 60 dias em Engaging. Zona de follow-up: só 14% dos desfechos acontecem entre os dias 15 e 60. Mantenha a cadência.,MG Special: USD 55 em jogo — o produto mais barato do catálogo.,
PQ84ANKD,Violet Mclelland,Cara Losch,East,MG Special,,,Engaging,2017-11-20,41.0,55.0,Agir,1,30.4,ampla,108,56.0,35.0,0.0,Você fecha MG Special em 71 de 108 deals (66%) — acima da média geral (63%).,Há 41 dias em Engaging. Zona de follow-up: só 14% dos desfechos acontecem entre os dias 15 e 60. Mantenha a cadência.,MG Special: USD 55 em jogo — o produto mais barato do catálogo.,
23J295J4,Rosalina Dieter,Celia Rouche,West,MG Special,Xx-holding,finance,Engaging,2017-08-21,132.0,55.0,Agir,1,29.6,ampla,52,43.3,38.0,0.0,Seu histórico em MG Special é 30 de 52 (58%) — abaixo da sua média (65%) e da geral (63%).,"Há 132 dias em Engaging. Perto da parede: 85% dos que fecham já fecharam aos 90 dias, nenhum do histórico fechou depois de 138, e 1291 abertos já passaram disso sem fechar. Decida antes que vire mais um.",MG Special: USD 55 em jogo — o produto mais barato do catálogo.,última janela
8PLXH354,Rosalina Dieter,Celia Rouche,West,MG Special,,,Engaging,2017-08-26,127.0,55.0,Agir,1,29.6,ampla,52,43.3,38.0,0.0,Seu histórico em MG Special é 30 de 52 (58%) — abaixo da sua média (65%) e da geral (63%).,"Há 127 dias em Engaging. Perto da parede: 85% dos que fecham já fecharam aos 90 dias, nenhum do histórico fechou depois de 138, e 1291 abertos já passaram disso sem fechar. Decida antes que vire mais um.",MG Special: USD 55 em jogo — o produto mais barato do catálogo.,última janela
LMU41E2W,Rosalina Dieter,Celia Rouche,West,MG Special,,,Engaging,2017-08-30,123.0,55.0,Agir,1,29.6,ampla,52,43.3,38.0,0.0,Seu histórico em MG Special é 30 de 52 (58%) — abaixo da sua média (65%) e da geral (63%).,"Há 123 dias em Engaging. Perto da parede: 85% dos que fecham já fecharam aos 90 dias, nenhum do histórico fechou depois de 138, e 1291 abertos já passaram disso sem fechar. Decida antes que vire mais um.",MG Special: USD 55 em jogo — o produto mais barato do catálogo.,última janela
NZJXKD9H,Daniell Hammack,Rocco Neubert,East,MG Special,,,Engaging,2017-08-19,134.0,55.0,Agir,1,29.6,pequena,10,43.5,38.0,0.0,Seu histórico em MG Special é 6 de 10 (60%). Base pequena: o score usa 61% (puxado para a sua média de 61%).,"Há 134 dias em Engaging. Perto da parede: 85% dos que fecham já fecharam aos 90 dias, nenhum do histórico fechou depois de 138, e 1291 abertos já passaram disso sem fechar. Decida antes que vire mais um.",MG Special: USD 55 em jogo — o produto mais barato do catálogo.,última janela
PV3TH2FF,Vicki Laflamme,Celia Rouche,West,MG Special,,,Engaging,2017-11-23,38.0,55.0,Agir,1,29.6,ampla,80,51.8,35.0,0.0,Você fecha MG Special em 51 de 80 deals (64%) — acima da média geral (63%).,Há 38 dias em Engaging. Zona de follow-up: só 14% dos desfechos acontecem entre os dias 15 e 60. Mantenha a cadência.,MG Special: USD 55 em jogo — o produto mais barato do catálogo.,
QEZ2X87C,Rosalina Dieter,Celia Rouche,West,MG Special,Iselectrics,technology,Engaging,2017-09-07,115.0,55.0,Agir,1,29.6,ampla,52,43.3,38.0,0.0,Seu histórico em MG Special é 30 de 52 (58%) — abaixo da sua média (65%) e da geral (63%).,"Há 115 dias em Engaging. Perto da parede: 85% dos que fecham já fecharam aos 90 dias, nenhum do histórico fechou depois de 138, e 1291 abertos já passaram disso sem fechar. Decida antes que vire mais um.",MG Special: USD 55 em jogo — o produto mais barato do catálogo.,última janela
QJ1DIUN7,Rosalina Dieter,Celia Rouche,West,MG Special,Ganjaflex,retail,Engaging,2017-08-17,136.0,55.0,Agir,1,29.6,ampla,52,43.3,38.0,0.0,Seu histórico em MG Special é 30 de 52 (58%) — abaixo da sua média (65%) e da geral (63%).,"Há 136 dias em Engaging. Perto da parede: 85% dos que fecham já fecharam aos 90 dias, nenhum do histórico fechou depois de 138, e 1291 abertos já passaram disso sem fechar. Decida antes que vire mais um.",MG Special: USD 55 em jogo — o produto mais barato do catálogo.,última janela
S2XTTF3B,Rosalina Dieter,Celia Rouche,West,MG Special,,,Engaging,2017-09-11,111.0,55.0,Agir,1,29.6,ampla,52,43.3,38.0,0.0,Seu histórico em MG Special é 30 de 52 (58%) — abaixo da sua média (65%) e da geral (63%).,"Há 111 dias em Engaging. Perto da parede: 85% dos que fecham já fecharam aos 90 dias, nenhum do histórico fechou depois de 138, e 1291 abertos já passaram disso sem fechar. Decida antes que vire mais um.",MG Special: USD 55 em jogo — o produto mais barato do catálogo.,última janela
WIQQUZRQ,Rosalina Dieter,Celia Rouche,West,MG Special,,,Engaging,2017-09-10,112.0,55.0,Agir,1,29.6,ampla,52,43.3,38.0,0.0,Seu histórico em MG Special é 30 de 52 (58%) — abaixo da sua média (65%) e da geral (63%).,"Há 112 dias em Engaging. Perto da parede: 85% dos que fecham já fecharam aos 90 dias, nenhum do histórico fechou depois de 138, e 1291 abertos já passaram disso sem fechar. Decida antes que vire mais um.",MG Special: USD 55 em jogo — o produto mais barato do catálogo.,última janela
XT8HCGAD,Rosalina Dieter,Celia Rouche,West,MG Special,Bubba Gump,software,Engaging,2017-09-10,112.0,55.0,Agir,1,29.6,ampla,52,43.3,38.0,0.0,Seu histórico em MG Special é 30 de 52 (58%) — abaixo da sua média (65%) e da geral (63%).,"Há 112 dias em Engaging. Perto da parede: 85% dos que fecham já fecharam aos 90 dias, nenhum do histórico fechou depois de 138, e 1291 abertos já passaram disso sem fechar. Decida antes que vire mais um.",MG Special: USD 55 em jogo — o produto mais barato do catálogo.,última janela
IBB0VGUN,Cassey Cress,Rocco Neubert,East,MG Special,,,Engaging,2017-11-05,56.0,55.0,Agir,1,29.5,pequena,15,51.2,35.0,0.0,Seu histórico em MG Special é 10 de 15 (67%). Base pequena: o score usa 64% (puxado para a sua média de 62%).,Há 56 dias em Engaging. Zona de follow-up: só 14% dos desfechos acontecem entre os dias 15 e 60. Mantenha a cadência.,MG Special: USD 55 em jogo — o produto mais barato do catálogo.,
0KWYQTQQ,Rosalina Dieter,Celia Rouche,West,MG Special,,,Engaging,2017-11-10,51.0,55.0,Agir,1,27.9,ampla,52,43.3,35.0,0.0,Seu histórico em MG Special é 30 de 52 (58%) — abaixo da sua média (65%) e da geral (63%).,Há 51 dias em Engaging. Zona de follow-up: só 14% dos desfechos acontecem entre os dias 15 e 60. Mantenha a cadência.,MG Special: USD 55 em jogo — o produto mais barato do catálogo.,
7S8SLZDY,Rosalina Dieter,Celia Rouche,West,MG Special,,,Engaging,2017-11-27,34.0,55.0,Agir,1,27.9,ampla,52,43.3,35.0,0.0,Seu histórico em MG Special é 30 de 52 (58%) — abaixo da sua média (65%) e da geral (63%).,Há 34 dias em Engaging. Zona de follow-up: só 14% dos desfechos acontecem entre os dias 15 e 60. Mantenha a cadência.,MG Special: USD 55 em jogo — o produto mais barato do catálogo.,
95YT659K,Zane Levy,Summer Sewald,West,MG Special,Groovestreet,retail,Engaging,2017-09-06,116.0,55.0,Agir,1,27.8,média,20,34.6,38.0,0.0,Seu histórico em MG Special é 10 de 20 (50%) — abaixo da sua média (62%) e da geral (63%).,"Há 116 dias em Engaging. Perto da parede: 85% dos que fecham já fecharam aos 90 dias, nenhum do histórico fechou depois de 138, e 1291 abertos já passaram disso sem fechar. Decida antes que vire mais um.",MG Special: USD 55 em jogo — o produto mais barato do catálogo.,última janela
HJY0TQ7X,Zane Levy,Summer Sewald,West,MG Special,Toughzap,retail,Engaging,2017-09-18,104.0,55.0,Agir,1,27.8,média,20,34.6,38.0,0.0,Seu histórico em MG Special é 10 de 20 (50%) — abaixo da sua média (62%) e da geral (63%).,"Há 104 dias em Engaging. Perto da parede: 85% dos que fecham já fecharam aos 90 dias, nenhum do histórico fechou depois de 138, e 1291 abertos já passaram disso sem fechar. Decida antes que vire mais um.",MG Special: USD 55 em jogo — o produto mais barato do catálogo.,última janela
MG1YUTUE,Markita Hansen,Celia Rouche,West,MG Special,Acme Corporation,technology,Engaging,2017-10-01,91.0,55.0,Agir,1,25.4,ampla,54,22.7,38.0,0.0,Seu histórico em MG Special é 28 de 54 (52%) — abaixo da sua média (57%) e da geral (63%).,"Há 91 dias em Engaging. Perto da parede: 85% dos que fecham já fecharam aos 90 dias, nenhum do histórico fechou depois de 138, e 1291 abertos já passaram disso sem fechar. Decida antes que vire mais um.",MG Special: USD 55 em jogo — o produto mais barato do catálogo.,última janela
RFQFJLNJ,Markita Hansen,Celia Rouche,West,MG Special,,,Engaging,2017-08-21,132.0,55.0,Agir,1,25.4,ampla,54,22.7,38.0,0.0,Seu histórico em MG Special é 28 de 54 (52%) — abaixo da sua média (57%) e da geral (63%).,"Há 132 dias em Engaging. Perto da parede: 85% dos que fecham já fecharam aos 90 dias, nenhum do histórico fechou depois de 138, e 1291 abertos já passaram disso sem fechar. Decida antes que vire mais um.",MG Special: USD 55 em jogo — o produto mais barato do catálogo.,última janela
XXD7OQOH,Markita Hansen,Celia Rouche,West,MG Special,,,Engaging,2017-08-30,123.0,55.0,Agir,1,25.4,ampla,54,22.7,38.0,0.0,Seu histórico em MG Special é 28 de 54 (52%) — abaixo da sua média (57%) e da geral (63%).,"Há 123 dias em Engaging. Perto da parede: 85% dos que fecham já fecharam aos 90 dias, nenhum do histórico fechou depois de 138, e 1291 abertos já passaram disso sem fechar. Decida antes que vire mais um.",MG Special: USD 55 em jogo — o produto mais barato do catálogo.,última janela
NKFG3KKP,Versie Hillebrand,Dustin Brinkmann,Central,GTX Plus Pro,,,Prospecting,,,5482.0,Engajar,2,70.0,média,21,65.1,,74.0,Você fecha GTX Plus Pro em 15 de 21 deals (71%) — acima da média geral (63%).,Sem data de engajamento: não há sinal de tempo. Score usa só encaixe e valor.,GTX Plus Pro: USD 5.482 em jogo — 2º produto mais caro dos 7.,
ZXNPF7PL,Versie Hillebrand,Dustin Brinkmann,Central,GTX Plus Pro,,,Prospecting,,,5482.0,Engajar,2,70.0,média,21,65.1,,74.0,Você fecha GTX Plus Pro em 15 de 21 deals (71%) — acima da média geral (63%).,Sem data de engajamento: não há sinal de tempo. Score usa só encaixe e valor.,GTX Plus Pro: USD 5.482 em jogo — 2º produto mais caro dos 7.,
28EJ0L9T,Darcel Schlecht,Melvin Marxen,Central,GTX Plus Pro,,,Prospecting,,,5482.0,Engajar,2,68.4,média,47,61.3,,74.0,Você fecha GTX Plus Pro em 33 de 47 deals (70%) — acima da média geral (63%).,Sem data de engajamento: não há sinal de tempo. Score usa só encaixe e valor.,GTX Plus Pro: USD 5.482 em jogo — 2º produto mais caro dos 7.,
6RQUXORL,Darcel Schlecht,Melvin Marxen,Central,GTX Plus Pro,,,Prospecting,,,5482.0,Engajar,2,68.4,média,47,61.3,,74.0,Você fecha GTX Plus Pro em 33 de 47 deals (70%) — acima da média geral (63%).,Sem data de engajamento: não há sinal de tempo. Score usa só encaixe e valor.,GTX Plus Pro: USD 5.482 em jogo — 2º produto mais caro dos 7.,
74LCNGIK,Darcel Schlecht,Melvin Marxen,Central,GTX Plus Pro,,,Prospecting,,,5482.0,Engajar,2,68.4,média,47,61.3,,74.0,Você fecha GTX Plus Pro em 33 de 47 deals (70%) — acima da média geral (63%).,Sem data de engajamento: não há sinal de tempo. Score usa só encaixe e valor.,GTX Plus Pro: USD 5.482 em jogo — 2º produto mais caro dos 7.,
A4TA5P1B,Darcel Schlecht,Melvin Marxen,Central,GTX Plus Pro,,,Prospecting,,,5482.0,Engajar,2,68.4,média,47,61.3,,74.0,Você fecha GTX Plus Pro em 33 de 47 deals (70%) — acima da média geral (63%).,Sem data de engajamento: não há sinal de tempo. Score usa só encaixe e valor.,GTX Plus Pro: USD 5.482 em jogo — 2º produto mais caro dos 7.,
CVMNBKGH,Darcel Schlecht,Melvin Marxen,Central,GTX Plus Pro,Hatfan,services,Prospecting,,,5482.0,Engajar,2,68.4,média,47,61.3,,74.0,Você fecha GTX Plus Pro em 33 de 47 deals (70%) — acima da média geral (63%).,Sem data de engajamento: não há sinal de tempo. Score usa só encaixe e valor.,GTX Plus Pro: USD 5.482 em jogo — 2º produto mais caro dos 7.,
FU2PQZR4,Darcel Schlecht,Melvin Marxen,Central,GTX Plus Pro,Green-Plus,services,Prospecting,,,5482.0,Engajar,2,68.4,média,47,61.3,,74.0,Você fecha GTX Plus Pro em 33 de 47 deals (70%) — acima da média geral (63%).,Sem data de engajamento: não há sinal de tempo. Score usa só encaixe e valor.,GTX Plus Pro: USD 5.482 em jogo — 2º produto mais caro dos 7.,
JVXGG70X,Darcel Schlecht,Melvin Marxen,Central,GTX Plus Pro,,,Prospecting,,,5482.0,Engajar,2,68.4,média,47,61.3,,74.0,Você fecha GTX Plus Pro em 33 de 47 deals (70%) — acima da média geral (63%).,Sem data de engajamento: não há sinal de tempo. Score usa só encaixe e valor.,GTX Plus Pro: USD 5.482 em jogo — 2º produto mais caro dos 7.,
KIKV29M0,Darcel Schlecht,Melvin Marxen,Central,GTX Plus Pro,,,Prospecting,,,5482.0,Engajar,2,68.4,média,47,61.3,,74.0,Você fecha GTX Plus Pro em 33 de 47 deals (70%) — acima da média geral (63%).,Sem data de engajamento: não há sinal de tempo. Score usa só encaixe e valor.,GTX Plus Pro: USD 5.482 em jogo — 2º produto mais caro dos 7.,
LZW4N9KF,Darcel Schlecht,Melvin Marxen,Central,GTX Plus Pro,Zathunicon,retail,Prospecting,,,5482.0,Engajar,2,68.4,média,47,61.3,,74.0,Você fecha GTX Plus Pro em 33 de 47 deals (70%) — acima da média geral (63%).,Sem data de engajamento: não há sinal de tempo. Score usa só encaixe e valor.,GTX Plus Pro: USD 5.482 em jogo — 2º produto mais caro dos 7.,
ODSFN0YA,Darcel Schlecht,Melvin Marxen,Central,GTX Plus Pro,,,Prospecting,,,5482.0,Engajar,2,68.4,média,47,61.3,,74.0,Você fecha GTX Plus Pro em 33 de 47 deals (70%) — acima da média geral (63%).,Sem data de engajamento: não há sinal de tempo. Score usa só encaixe e valor.,GTX Plus Pro: USD 5.482 em jogo — 2º produto mais caro dos 7.,
PCXGIH9X,Darcel Schlecht,Melvin Marxen,Central,GTX Plus Pro,,,Prospecting,,,5482.0,Engajar,2,68.4,média,47,61.3,,74.0,Você fecha GTX Plus Pro em 33 de 47 deals (70%) — acima da média geral (63%).,Sem data de engajamento: não há sinal de tempo. Score usa só encaixe e valor.,GTX Plus Pro: USD 5.482 em jogo — 2º produto mais caro dos 7.,
UH9TR8Y1,Darcel Schlecht,Melvin Marxen,Central,GTX Plus Pro,,,Prospecting,,,5482.0,Engajar,2,68.4,média,47,61.3,,74.0,Você fecha GTX Plus Pro em 33 de 47 deals (70%) — acima da média geral (63%).,Sem data de engajamento: não há sinal de tempo. Score usa só encaixe e valor.,GTX Plus Pro: USD 5.482 em jogo — 2º produto mais caro dos 7.,
XETF5BVH,Darcel Schlecht,Melvin Marxen,Central,GTX Plus Pro,Finjob,employment,Prospecting,,,5482.0,Engajar,2,68.4,média,47,61.3,,74.0,Você fecha GTX Plus Pro em 33 de 47 deals (70%) — acima da média geral (63%).,Sem data de engajamento: não há sinal de tempo. Score usa só encaixe e valor.,GTX Plus Pro: USD 5.482 em jogo — 2º produto mais caro dos 7.,
5EUHU5AF,Marty Freudenburg,Melvin Marxen,Central,GTX Plus Pro,,,Prospecting,,,5482.0,Engajar,2,68.2,média,32,60.9,,74.0,Você fecha GTX Plus Pro em 23 de 32 deals (72%) — acima da média geral (63%).,Sem data de engajamento: não há sinal de tempo. Score usa só encaixe e valor.,GTX Plus Pro: USD 5.482 em jogo — 2º produto mais caro dos 7.,
5JS1Z5BQ,Marty Freudenburg,Melvin Marxen,Central,GTX Plus Pro,,,Prospecting,,,5482.0,Engajar,2,68.2,média,32,60.9,,74.0,Você fecha GTX Plus Pro em 23 de 32 deals (72%) — acima da média geral (63%).,Sem data de engajamento: não há sinal de tempo. Score usa só encaixe e valor.,GTX Plus Pro: USD 5.482 em jogo — 2º produto mais caro dos 7.,
BVRUBA3A,Marty Freudenburg,Melvin Marxen,Central,GTX Plus Pro,,,Prospecting,,,5482.0,Engajar,2,68.2,média,32,60.9,,74.0,Você fecha GTX Plus Pro em 23 de 32 deals (72%) — acima da média geral (63%).,Sem data de engajamento: não há sinal de tempo. Score usa só encaixe e valor.,GTX Plus Pro: USD 5.482 em jogo — 2º produto mais caro dos 7.,
CC70D9SD,Marty Freudenburg,Melvin Marxen,Central,GTX Plus Pro,,,Prospecting,,,5482.0,Engajar,2,68.2,média,32,60.9,,74.0,Você fecha GTX Plus Pro em 23 de 32 deals (72%) — acima da média geral (63%).,Sem data de engajamento: não há sinal de tempo. Score usa só encaixe e valor.,GTX Plus Pro: USD 5.482 em jogo — 2º produto mais caro dos 7.,
F11IGBLD,Marty Freudenburg,Melvin Marxen,Central,GTX Plus Pro,,,Prospecting,,,5482.0,Engajar,2,68.2,média,32,60.9,,74.0,Você fecha GTX Plus Pro em 23 de 32 deals (72%) — acima da média geral (63%).,Sem data de engajamento: não há sinal de tempo. Score usa só encaixe e valor.,GTX Plus Pro: USD 5.482 em jogo — 2º produto mais caro dos 7.,
DDHNCZMO,Niesha Huffines,Melvin Marxen,Central,GTX Plus Pro,Konex,technology,Prospecting,,,5482.0,Engajar,2,66.3,pequena,15,56.7,,74.0,Seu histórico em GTX Plus Pro é 12 de 15 (80%). Base pequena: o score usa 65% (puxado para a sua média de 60%).,Sem data de engajamento: não há sinal de tempo. Score usa só encaixe e valor.,GTX Plus Pro: USD 5.482 em jogo — 2º produto mais caro dos 7.,
K8ITR8PA,Niesha Huffines,Melvin Marxen,Central,GTX Plus Pro,,,Prospecting,,,5482.0,Engajar,2,66.3,pequena,15,56.7,,74.0,Seu histórico em GTX Plus Pro é 12 de 15 (80%). Base pequena: o score usa 65% (puxado para a sua média de 60%).,Sem data de engajamento: não há sinal de tempo. Score usa só encaixe e valor.,GTX Plus Pro: USD 5.482 em jogo — 2º produto mais caro dos 7.,
Z99W80UY,Niesha Huffines,Melvin Marxen,Central,GTX Plus Pro,Zencorporation,technology,Prospecting,,,5482.0,Engajar,2,66.3,pequena,15,56.7,,74.0,Seu histórico em GTX Plus Pro é 12 de 15 (80%). Base pequena: o score usa 65% (puxado para a sua média de 60%).,Sem data de engajamento: não há sinal de tempo. Score usa só encaixe e valor.,GTX Plus Pro: USD 5.482 em jogo — 2º produto mais caro dos 7.,
0ZG6U7MQ,Cecily Lampkin,Dustin Brinkmann,Central,GTX Plus Pro,,,Prospecting,,,5482.0,Engajar,2,66.0,média,27,55.9,,74.0,Você fecha GTX Plus Pro em 17 de 27 deals (63%) — acima da média geral (63%).,Sem data de engajamento: não há sinal de tempo. Score usa só encaixe e valor.,GTX Plus Pro: USD 5.482 em jogo — 2º produto mais caro dos 7.,
2SZX9B7J,Cecily Lampkin,Dustin Brinkmann,Central,GTX Plus Pro,Sunnamplex,marketing,Prospecting,,,5482.0,Engajar,2,66.0,média,27,55.9,,74.0,Você fecha GTX Plus Pro em 17 de 27 deals (63%) — acima da média geral (63%).,Sem data de engajamento: não há sinal de tempo. Score usa só encaixe e valor.,GTX Plus Pro: USD 5.482 em jogo — 2º produto mais caro dos 7.,
KQPNPH8A,Cecily Lampkin,Dustin Brinkmann,Central,GTX Plus Pro,,,Prospecting,,,5482.0,Engajar,2,66.0,média,27,55.9,,74.0,Você fecha GTX Plus Pro em 17 de 27 deals (63%) — acima da média geral (63%).,Sem data de engajamento: não há sinal de tempo. Score usa só encaixe e valor.,GTX Plus Pro: USD 5.482 em jogo — 2º produto mais caro dos 7.,
SGI0VM1F,Cecily Lampkin,Dustin Brinkmann,Central,GTX Plus Pro,,,Prospecting,,,5482.0,Engajar,2,66.0,média,27,55.9,,74.0,Você fecha GTX Plus Pro em 17 de 27 deals (63%) — acima da média geral (63%).,Sem data de engajamento: não há sinal de tempo. Score usa só encaixe e valor.,GTX Plus Pro: USD 5.482 em jogo — 2º produto mais caro dos 7.,
B26TNOGQ,Jonathan Berthelot,Melvin Marxen,Central,GTX Plus Pro,Silis,medical,Prospecting,,,5482.0,Engajar,2,64.9,pequena,8,53.6,,74.0,Seu histórico em GTX Plus Pro é 5 de 8 (62%). Base pequena: o score usa 64% (puxado para a sua média de 65%).,Sem data de engajamento: não há sinal de tempo. Score usa só encaixe e valor.,GTX Plus Pro: USD 5.482 em jogo — 2º produto mais caro dos 7.,
FW2CVY2X,Jonathan Berthelot,Melvin Marxen,Central,GTX Plus Pro,,,Prospecting,,,5482.0,Engajar,2,64.9,pequena,8,53.6,,74.0,Seu histórico em GTX Plus Pro é 5 de 8 (62%). Base pequena: o score usa 64% (puxado para a sua média de 65%).,Sem data de engajamento: não há sinal de tempo. Score usa só encaixe e valor.,GTX Plus Pro: USD 5.482 em jogo — 2º produto mais caro dos 7.,
OAMIMSUU,Jonathan Berthelot,Melvin Marxen,Central,GTX Plus Pro,Cheers,entertainment,Prospecting,,,5482.0,Engajar,2,64.9,pequena,8,53.6,,74.0,Seu histórico em GTX Plus Pro é 5 de 8 (62%). Base pequena: o score usa 64% (puxado para a sua média de 65%).,Sem data de engajamento: não há sinal de tempo. Score usa só encaixe e valor.,GTX Plus Pro: USD 5.482 em jogo — 2º produto mais caro dos 7.,
QN1UL4N3,Jonathan Berthelot,Melvin Marxen,Central,GTX Plus Pro,,,Prospecting,,,5482.0,Engajar,2,64.9,pequena,8,53.6,,74.0,Seu histórico em GTX Plus Pro é 5 de 8 (62%). Base pequena: o score usa 64% (puxado para a sua média de 65%).,Sem data de engajamento: não há sinal de tempo. Score usa só encaixe e valor.,GTX Plus Pro: USD 5.482 em jogo — 2º produto mais caro dos 7.,
8NLGRTU5,Jonathan Berthelot,Melvin Marxen,Central,GTX Pro,,,Prospecting,,,4821.0,Engajar,2,64.3,média,48,54.7,,72.0,Você fecha GTX Pro em 31 de 48 deals (65%) — acima da média geral (63%).,Sem data de engajamento: não há sinal de tempo. Score usa só encaixe e valor.,GTX Pro: USD 4.821 em jogo — 3º produto mais caro dos 7.,
8RQCHZ5O,Jonathan Berthelot,Melvin Marxen,Central,GTX Pro,,,Prospecting,,,4821.0,Engajar,2,64.3,média,48,54.7,,72.0,Você fecha GTX Pro em 31 de 48 deals (65%) — acima da média geral (63%).,Sem data de engajamento: não há sinal de tempo. Score usa só encaixe e valor.,GTX Pro: USD 4.821 em jogo — 3º produto mais caro dos 7.,
90KRHC6T,Jonathan Berthelot,Melvin Marxen,Central,GTX Pro,,,Prospecting,,,4821.0,Engajar,2,64.3,média,48,54.7,,72.0,Você fecha GTX Pro em 31 de 48 deals (65%) — acima da média geral (63%).,Sem data de engajamento: não há sinal de tempo. Score usa só encaixe e valor.,GTX Pro: USD 4.821 em jogo — 3º produto mais caro dos 7.,
9R8AKL0D,Jonathan Berthelot,Melvin Marxen,Central,GTX Pro,Initech,telecommunications,Prospecting,,,4821.0,Engajar,2,64.3,média,48,54.7,,72.0,Você fecha GTX Pro em 31 de 48 deals (65%) — acima da média geral (63%).,Sem data de engajamento: não há sinal de tempo. Score usa só encaixe e valor.,GTX Pro: USD 4.821 em jogo — 3º produto mais caro dos 7.,
F0K8UDEG,Jonathan Berthelot,Melvin Marxen,Central,GTX Pro,,,Prospecting,,,4821.0,Engajar,2,64.3,média,48,54.7,,72.0,Você fecha GTX Pro em 31 de 48 deals (65%) — acima da média geral (63%).,Sem data de engajamento: não há sinal de tempo. Score usa só encaixe e valor.,GTX Pro: USD 4.821 em jogo — 3º produto mais caro dos 7.,
FBDS7GIZ,Jonathan Berthelot,Melvin Marxen,Central,GTX Pro,,,Prospecting,,,4821.0,Engajar,2,64.3,média,48,54.7,,72.0,Você fecha GTX Pro em 31 de 48 deals (65%) — acima da média geral (63%).,Sem data de engajamento: não há sinal de tempo. Score usa só encaixe e valor.,GTX Pro: USD 4.821 em jogo — 3º produto mais caro dos 7.,
NUEPXB8Z,Jonathan Berthelot,Melvin Marxen,Central,GTX Pro,,,Prospecting,,,4821.0,Engajar,2,64.3,média,48,54.7,,72.0,Você fecha GTX Pro em 31 de 48 deals (65%) — acima da média geral (63%).,Sem data de engajamento: não há sinal de tempo. Score usa só encaixe e valor.,GTX Pro: USD 4.821 em jogo — 3º produto mais caro dos 7.,
QMRDG7WP,Jonathan Berthelot,Melvin Marxen,Central,GTX Pro,,,Prospecting,,,4821.0,Engajar,2,64.3,média,48,54.7,,72.0,Você fecha GTX Pro em 31 de 48 deals (65%) — acima da média geral (63%).,Sem data de engajamento: não há sinal de tempo. Score usa só encaixe e valor.,GTX Pro: USD 4.821 em jogo — 3º produto mais caro dos 7.,
R14YE68N,Jonathan Berthelot,Melvin Marxen,Central,GTX Pro,Plexzap,retail,Prospecting,,,4821.0,Engajar,2,64.3,média,48,54.7,,72.0,Você fecha GTX Pro em 31 de 48 deals (65%) — acima da média geral (63%).,Sem data de engajamento: não há sinal de tempo. Score usa só encaixe e valor.,GTX Pro: USD 4.821 em jogo — 3º produto mais caro dos 7.,
61GDYW9T,Cecily Lampkin,Dustin Brinkmann,Central,MG Advanced,,,Prospecting,,,3393.0,Engajar,2,63.7,ampla,50,59.5,,67.0,Você fecha MG Advanced em 33 de 50 deals (66%) — acima da média geral (63%).,Sem data de engajamento: não há sinal de tempo. Score usa só encaixe e valor.,MG Advanced: USD 3.393 em jogo — 4º produto mais caro dos 7.,
F77XD7IZ,Cecily Lampkin,Dustin Brinkmann,Central,MG Advanced,,,Prospecting,,,3393.0,Engajar,2,63.7,ampla,50,59.5,,67.0,Você fecha MG Advanced em 33 de 50 deals (66%) — acima da média geral (63%).,Sem data de engajamento: não há sinal de tempo. Score usa só encaixe e valor.,MG Advanced: USD 3.393 em jogo — 4º produto mais caro dos 7.,
IAV71BEX,Cecily Lampkin,Dustin Brinkmann,Central,MG Advanced,Singletechno,retail,Prospecting,,,3393.0,Engajar,2,63.7,ampla,50,59.5,,67.0,Você fecha MG Advanced em 33 de 50 deals (66%) — acima da média geral (63%).,Sem data de engajamento: não há sinal de tempo. Score usa só encaixe e valor.,MG Advanced: USD 3.393 em jogo — 4º produto mais caro dos 7.,
IXW68X6Z,Cecily Lampkin,Dustin Brinkmann,Central,MG Advanced,,,Prospecting,,,3393.0,Engajar,2,63.7,ampla,50,59.5,,67.0,Você fecha MG Advanced em 33 de 50 deals (66%) — acima da média geral (63%).,Sem data de engajamento: não há sinal de tempo. Score usa só encaixe e valor.,MG Advanced: USD 3.393 em jogo — 4º produto mais caro dos 7.,
NR2EDMKC,Cecily Lampkin,Dustin Brinkmann,Central,MG Advanced,,,Prospecting,,,3393.0,Engajar,2,63.7,ampla,50,59.5,,67.0,Você fecha MG Advanced em 33 de 50 deals (66%) — acima da média geral (63%).,Sem data de engajamento: não há sinal de tempo. Score usa só encaixe e valor.,MG Advanced: USD 3.393 em jogo — 4º produto mais caro dos 7.,
R0MBBXL8,Cecily Lampkin,Dustin Brinkmann,Central,MG Advanced,,,Prospecting,,,3393.0,Engajar,2,63.7,ampla,50,59.5,,67.0,Você fecha MG Advanced em 33 de 50 deals (66%) — acima da média geral (63%).,Sem data de engajamento: não há sinal de tempo. Score usa só encaixe e valor.,MG Advanced: USD 3.393 em jogo — 4º produto mais caro dos 7.,
SJE81OUR,Cecily Lampkin,Dustin Brinkmann,Central,MG Advanced,,,Prospecting,,,3393.0,Engajar,2,63.7,ampla,50,59.5,,67.0,Você fecha MG Advanced em 33 de 50 deals (66%) — acima da média geral (63%).,Sem data de engajamento: não há sinal de tempo. Score usa só encaixe e valor.,MG Advanced: USD 3.393 em jogo — 4º produto mais caro dos 7.,
SU8FTFLS,Cecily Lampkin,Dustin Brinkmann,Central,MG Advanced,,,Prospecting,,,3393.0,Engajar,2,63.7,ampla,50,59.5,,67.0,Você fecha MG Advanced em 33 de 50 deals (66%) — acima da média geral (63%).,Sem data de engajamento: não há sinal de tempo. Score usa só encaixe e valor.,MG Advanced: USD 3.393 em jogo — 4º produto mais caro dos 7.,
TFCQZ28G,Cecily Lampkin,Dustin Brinkmann,Central,MG Advanced,,,Prospecting,,,3393.0,Engajar,2,63.7,ampla,50,59.5,,67.0,Você fecha MG Advanced em 33 de 50 deals (66%) — acima da média geral (63%).,Sem data de engajamento: não há sinal de tempo. Score usa só encaixe e valor.,MG Advanced: USD 3.393 em jogo — 4º produto mais caro dos 7.,
0BQTT5UF,Marty Freudenburg,Melvin Marxen,Central,GTX Pro,Donware,marketing,Prospecting,,,4821.0,Engajar,2,61.8,pequena,16,48.9,,72.0,Seu histórico em GTX Pro é 10 de 16 (62%). Base pequena: o score usa 63% (puxado para a sua média de 63%).,Sem data de engajamento: não há sinal de tempo. Score usa só encaixe e valor.,GTX Pro: USD 4.821 em jogo — 3º produto mais caro dos 7.,
9YLUGU6I,Marty Freudenburg,Melvin Marxen,Central,GTX Pro,,,Prospecting,,,4821.0,Engajar,2,61.8,pequena,16,48.9,,72.0,Seu histórico em GTX Pro é 10 de 16 (62%). Base pequena: o score usa 63% (puxado para a sua média de 63%).,Sem data de engajamento: não há sinal de tempo. Score usa só encaixe e valor.,GTX Pro: USD 4.821 em jogo — 3º produto mais caro dos 7.,
B5H6M7AP,Marty Freudenburg,Melvin Marxen,Central,GTX Pro,,,Prospecting,,,4821.0,Engajar,2,61.8,pequena,16,48.9,,72.0,Seu histórico em GTX Pro é 10 de 16 (62%). Base pequena: o score usa 63% (puxado para a sua média de 63%).,Sem data de engajamento: não há sinal de tempo. Score usa só encaixe e valor.,GTX Pro: USD 4.821 em jogo — 3º produto mais caro dos 7.,
EG7S6ZOI,Marty Freudenburg,Melvin Marxen,Central,GTX Pro,Konmatfix,marketing,Prospecting,,,4821.0,Engajar,2,61.8,pequena,16,48.9,,72.0,Seu histórico em GTX Pro é 10 de 16 (62%). Base pequena: o score usa 63% (puxado para a sua média de 63%).,Sem data de engajamento: não há sinal de tempo. Score usa só encaixe e valor.,GTX Pro: USD 4.821 em jogo — 3º produto mais caro dos 7.,
HFVWQIMF,Marty Freudenburg,Melvin Marxen,Central,GTX Pro,,,Prospecting,,,4821.0,Engajar,2,61.8,pequena,16,48.9,,72.0,Seu histórico em GTX Pro é 10 de 16 (62%). Base pequena: o score usa 63% (puxado para a sua média de 63%).,Sem data de engajamento: não há sinal de tempo. Score usa só encaixe e valor.,GTX Pro: USD 4.821 em jogo — 3º produto mais caro dos 7.,
M7UNLZEP,Marty Freudenburg,Melvin Marxen,Central,GTX Pro,Finhigh,finance,Prospecting,,,4821.0,Engajar,2,61.8,pequena,16,48.9,,72.0,Seu histórico em GTX Pro é 10 de 16 (62%). Base pequena: o score usa 63% (puxado para a sua média de 63%).,Sem data de engajamento: não há sinal de tempo. Score usa só encaixe e valor.,GTX Pro: USD 4.821 em jogo — 3º produto mais caro dos 7.,
SAUIIUTV,Marty Freudenburg,Melvin Marxen,Central,GTX Pro,,,Prospecting,,,4821.0,Engajar,2,61.8,pequena,16,48.9,,72.0,Seu histórico em GTX Pro é 10 de 16 (62%). Base pequena: o score usa 63% (puxado para a sua média de 63%).,Sem data de engajamento: não há sinal de tempo. Score usa só encaixe e valor.,GTX Pro: USD 4.821 em jogo — 3º produto mais caro dos 7.,
UND13JS5,Marty Freudenburg,Melvin Marxen,Central,GTX Pro,Plusstrip,entertainment,Prospecting,,,4821.0,Engajar,2,61.8,pequena,16,48.9,,72.0,Seu histórico em GTX Pro é 10 de 16 (62%). Base pequena: o score usa 63% (puxado para a sua média de 63%).,Sem data de engajamento: não há sinal de tempo. Score usa só encaixe e valor.,GTX Pro: USD 4.821 em jogo — 3º produto mais caro dos 7.,
7MKYTX69,Moses Frase,Dustin Brinkmann,Central,GTX Plus Pro,,,Prospecting,,,5482.0,Engajar,2,61.4,média,24,45.7,,74.0,Seu histórico em GTX Plus Pro é 13 de 24 (54%) — abaixo da sua média (66%) e da geral (63%).,Sem data de engajamento: não há sinal de tempo. Score usa só encaixe e valor.,GTX Plus Pro: USD 5.482 em jogo — 2º produto mais caro dos 7.,
0CECGPEJ,Moses Frase,Dustin Brinkmann,Central,MG Advanced,,,Prospecting,,,3393.0,Engajar,2,60.5,média,42,52.4,,67.0,Você fecha MG Advanced em 26 de 42 deals (62%) — acima da média geral (63%).,Sem data de engajamento: não há sinal de tempo. Score usa só encaixe e valor.,MG Advanced: USD 3.393 em jogo — 4º produto mais caro dos 7.,
2872DC79,Moses Frase,Dustin Brinkmann,Central,MG Advanced,,,Prospecting,,,3393.0,Engajar,2,60.5,média,42,52.4,,67.0,Você fecha MG Advanced em 26 de 42 deals (62%) — acima da média geral (63%).,Sem data de engajamento: não há sinal de tempo. Score usa só encaixe e valor.,MG Advanced: USD 3.393 em jogo — 4º produto mais caro dos 7.,
8O98HGMW,Moses Frase,Dustin Brinkmann,Central,MG Advanced,,,Prospecting,,,3393.0,Engajar,2,60.5,média,42,52.4,,67.0,Você fecha MG Advanced em 26 de 42 deals (62%) — acima da média geral (63%).,Sem data de engajamento: não há sinal de tempo. Score usa só encaixe e valor.,MG Advanced: USD 3.393 em jogo — 4º produto mais caro dos 7.,
9H2V1F1E,Moses Frase,Dustin Brinkmann,Central,MG Advanced,Funholding,finance,Prospecting,,,3393.0,Engajar,2,60.5,média,42,52.4,,67.0,Você fecha MG Advanced em 26 de 42 deals (62%) — acima da média geral (63%).,Sem data de engajamento: não há sinal de tempo. Score usa só encaixe e valor.,MG Advanced: USD 3.393 em jogo — 4º produto mais caro dos 7.,
BIN9U8D9,Moses Frase,Dustin Brinkmann,Central,MG Advanced,,,Prospecting,,,3393.0,Engajar,2,60.5,média,42,52.4,,67.0,Você fecha MG Advanced em 26 de 42 deals (62%) — acima da média geral (63%).,Sem data de engajamento: não há sinal de tempo. Score usa só encaixe e valor.,MG Advanced: USD 3.393 em jogo — 4º produto mais caro dos 7.,
D6YEYMJC,Moses Frase,Dustin Brinkmann,Central,MG Advanced,,,Prospecting,,,3393.0,Engajar,2,60.5,média,42,52.4,,67.0,Você fecha MG Advanced em 26 de 42 deals (62%) — acima da média geral (63%).,Sem data de engajamento: não há sinal de tempo. Score usa só encaixe e valor.,MG Advanced: USD 3.393 em jogo — 4º produto mais caro dos 7.,
EL09RK8X,Moses Frase,Dustin Brinkmann,Central,MG Advanced,Dalttechnology,software,Prospecting,,,3393.0,Engajar,2,60.5,média,42,52.4,,67.0,Você fecha MG Advanced em 26 de 42 deals (62%) — acima da média geral (63%).,Sem data de engajamento: não há sinal de tempo. Score usa só encaixe e valor.,MG Advanced: USD 3.393 em jogo — 4º produto mais caro dos 7.,
HP8IWA1E,Moses Frase,Dustin Brinkmann,Central,MG Advanced,,,Prospecting,,,3393.0,Engajar,2,60.5,média,42,52.4,,67.0,Você fecha MG Advanced em 26 de 42 deals (62%) — acima da média geral (63%).,Sem data de engajamento: não há sinal de tempo. Score usa só encaixe e valor.,MG Advanced: USD 3.393 em jogo — 4º produto mais caro dos 7.,
M5ZYQFGR,Moses Frase,Dustin Brinkmann,Central,MG Advanced,,,Prospecting,,,3393.0,Engajar,2,60.5,média,42,52.4,,67.0,Você fecha MG Advanced em 26 de 42 deals (62%) — acima da média geral (63%).,Sem data de engajamento: não há sinal de tempo. Score usa só encaixe e valor.,MG Advanced: USD 3.393 em jogo — 4º produto mais caro dos 7.,
OYRF34VN,Moses Frase,Dustin Brinkmann,Central,MG Advanced,,,Prospecting,,,3393.0,Engajar,2,60.5,média,42,52.4,,67.0,Você fecha MG Advanced em 26 de 42 deals (62%) — acima da média geral (63%).,Sem data de engajamento: não há sinal de tempo. Score usa só encaixe e valor.,MG Advanced: USD 3.393 em jogo — 4º produto mais caro dos 7.,
RLDCYEJU,Moses Frase,Dustin Brinkmann,Central,MG Advanced,,,Prospecting,,,3393.0,Engajar,2,60.5,média,42,52.4,,67.0,Você fecha MG Advanced em 26 de 42 deals (62%) — acima da média geral (63%).,Sem data de engajamento: não há sinal de tempo. Score usa só encaixe e valor.,MG Advanced: USD 3.393 em jogo — 4º produto mais caro dos 7.,
SRYX0U85,Moses Frase,Dustin Brinkmann,Central,MG Advanced,,,Prospecting,,,3393.0,Engajar,2,60.5,média,42,52.4,,67.0,Você fecha MG Advanced em 26 de 42 deals (62%) — acima da média geral (63%).,Sem data de engajamento: não há sinal de tempo. Score usa só encaixe e valor.,MG Advanced: USD 3.393 em jogo — 4º produto mais caro dos 7.,
Y9EBNML6,Moses Frase,Dustin Brinkmann,Central,MG Advanced,Donquadtech,technology,Prospecting,,,3393.0,Engajar,2,60.5,média,42,52.4,,67.0,Você fecha MG Advanced em 26 de 42 deals (62%) — acima da média geral (63%).,Sem data de engajamento: não há sinal de tempo. Score usa só encaixe e valor.,MG Advanced: USD 3.393 em jogo — 4º produto mais caro dos 7.,
PF7M8CG2,Niesha Huffines,Melvin Marxen,Central,MG Advanced,,,Prospecting,,,3393.0,Engajar,2,59.5,pequena,17,50.2,,67.0,Seu histórico em MG Advanced é 12 de 17 (71%). Base pequena: o score usa 63% (puxado para a sua média de 60%).,Sem data de engajamento: não há sinal de tempo. Score usa só encaixe e valor.,MG Advanced: USD 3.393 em jogo — 4º produto mais caro dos 7.,
YVFK9Q0W,Niesha Huffines,Melvin Marxen,Central,MG Advanced,Faxquote,telecommunications,Prospecting,,,3393.0,Engajar,2,59.5,pequena,17,50.2,,67.0,Seu histórico em MG Advanced é 12 de 17 (71%). Base pequena: o score usa 63% (puxado para a sua média de 60%).,Sem data de engajamento: não há sinal de tempo. Score usa só encaixe e valor.,MG Advanced: USD 3.393 em jogo — 4º produto mais caro dos 7.,
0D8Y5JA0,Anna Snelling,Dustin Brinkmann,Central,GTX Plus Pro,,,Prospecting,,,5482.0,Engajar,2,59.0,média,48,40.3,,74.0,Seu histórico em GTX Plus Pro é 28 de 48 (58%) — abaixo da sua média (62%) e da geral (63%).,Sem data de engajamento: não há sinal de tempo. Score usa só encaixe e valor.,GTX Plus Pro: USD 5.482 em jogo — 2º produto mais caro dos 7.,
3R4W7ZVY,Cecily Lampkin,Dustin Brinkmann,Central,GTX Plus Basic,,,Prospecting,,,1096.0,Engajar,2,59.0,média,20,72.8,,48.0,Você fecha GTX Plus Basic em 16 de 20 deals (80%) — bem acima da média geral (63%).,Sem data de engajamento: não há sinal de tempo. Score usa só encaixe e valor.,GTX Plus Basic: USD 1.096 em jogo — 5º produto mais caro dos 7.,
6KHIXTAD,Anna Snelling,Dustin Brinkmann,Central,GTX Plus Pro,,,Prospecting,,,5482.0,Engajar,2,59.0,média,48,40.3,,74.0,Seu histórico em GTX Plus Pro é 28 de 48 (58%) — abaixo da sua média (62%) e da geral (63%).,Sem data de engajamento: não há sinal de tempo. Score usa só encaixe e valor.,GTX Plus Pro: USD 5.482 em jogo — 2º produto mais caro dos 7.,
9P9ISECL,Anna Snelling,Dustin Brinkmann,Central,GTX Plus Pro,Sumace,retail,Prospecting,,,5482.0,Engajar,2,59.0,média,48,40.3,,74.0,Seu histórico em GTX Plus Pro é 28 de 48 (58%) — abaixo da sua média (62%) e da geral (63%).,Sem data de engajamento: não há sinal de tempo. Score usa só encaixe e valor.,GTX Plus Pro: USD 5.482 em jogo — 2º produto mais caro dos 7.,
9PDR4X2R,Anna Snelling,Dustin Brinkmann,Central,GTX Plus Pro,Hatfan,services,Prospecting,,,5482.0,Engajar,2,59.0,média,48,40.3,,74.0,Seu histórico em GTX Plus Pro é 28 de 48 (58%) — abaixo da sua média (62%) e da geral (63%).,Sem data de engajamento: não há sinal de tempo. Score usa só encaixe e valor.,GTX Plus Pro: USD 5.482 em jogo — 2º produto mais caro dos 7.,
GNN53C6D,Anna Snelling,Dustin Brinkmann,Central,GTX Plus Pro,,,Prospecting,,,5482.0,Engajar,2,59.0,média,48,40.3,,74.0,Seu histórico em GTX Plus Pro é 28 de 48 (58%) — abaixo da sua média (62%) e da geral (63%).,Sem data de engajamento: não há sinal de tempo. Score usa só encaixe e valor.,GTX Plus Pro: USD 5.482 em jogo — 2º produto mais caro dos 7.,
I79B9KJ2,Cecily Lampkin,Dustin Brinkmann,Central,GTX Plus Basic,,,Prospecting,,,1096.0,Engajar,2,59.0,média,20,72.8,,48.0,Você fecha GTX Plus Basic em 16 de 20 deals (80%) — bem acima da média geral (63%).,Sem data de engajamento: não há sinal de tempo. Score usa só encaixe e valor.,GTX Plus Basic: USD 1.096 em jogo — 5º produto mais caro dos 7.,
LABZ0UGB,Cecily Lampkin,Dustin Brinkmann,Central,GTX Plus Basic,,,Prospecting,,,1096.0,Engajar,2,59.0,média,20,72.8,,48.0,Você fecha GTX Plus Basic em 16 de 20 deals (80%) — bem acima da média geral (63%).,Sem data de engajamento: não há sinal de tempo. Score usa só encaixe e valor.,GTX Plus Basic: USD 1.096 em jogo — 5º produto mais caro dos 7.,
2IRZM0LB,Darcel Schlecht,Melvin Marxen,Central,GTX Pro,Xx-zobam,entertainment,Prospecting,,,4821.0,Engajar,2,58.8,ampla,265,42.2,,72.0,Seu histórico em GTX Pro é 160 de 265 (60%) — abaixo da sua média (63%) e da geral (63%).,Sem data de engajamento: não há sinal de tempo. Score usa só encaixe e valor.,GTX Pro: USD 4.821 em jogo — 3º produto mais caro dos 7.,
3K70RL7Q,Darcel Schlecht,Melvin Marxen,Central,GTX Pro,,,Prospecting,,,4821.0,Engajar,2,58.8,ampla,265,42.2,,72.0,Seu histórico em GTX Pro é 160 de 265 (60%) — abaixo da sua média (63%) e da geral (63%).,Sem data de engajamento: não há sinal de tempo. Score usa só encaixe e valor.,GTX Pro: USD 4.821 em jogo — 3º produto mais caro dos 7.,
4ROECHG6,Darcel Schlecht,Melvin Marxen,Central,GTX Pro,Ron-tech,medical,Prospecting,,,4821.0,Engajar,2,58.8,ampla,265,42.2,,72.0,Seu histórico em GTX Pro é 160 de 265 (60%) — abaixo da sua média (63%) e da geral (63%).,Sem data de engajamento: não há sinal de tempo. Score usa só encaixe e valor.,GTX Pro: USD 4.821 em jogo — 3º produto mais caro dos 7.,
4YJKB8EC,Darcel Schlecht,Melvin Marxen,Central,GTX Pro,,,Prospecting,,,4821.0,Engajar,2,58.8,ampla,265,42.2,,72.0,Seu histórico em GTX Pro é 160 de 265 (60%) — abaixo da sua média (63%) e da geral (63%).,Sem data de engajamento: não há sinal de tempo. Score usa só encaixe e valor.,GTX Pro: USD 4.821 em jogo — 3º produto mais caro dos 7.,
51HOGHF0,Darcel Schlecht,Melvin Marxen,Central,GTX Pro,,,Prospecting,,,4821.0,Engajar,2,58.8,ampla,265,42.2,,72.0,Seu histórico em GTX Pro é 160 de 265 (60%) — abaixo da sua média (63%) e da geral (63%).,Sem data de engajamento: não há sinal de tempo. Score usa só encaixe e valor.,GTX Pro: USD 4.821 em jogo — 3º produto mais caro dos 7.,
537X47QY,Darcel Schlecht,Melvin Marxen,Central,GTX Pro,,,Prospecting,,,4821.0,Engajar,2,58.8,ampla,265,42.2,,72.0,Seu histórico em GTX Pro é 160 de 265 (60%) — abaixo da sua média (63%) e da geral (63%).,Sem data de engajamento: não há sinal de tempo. Score usa só encaixe e valor.,GTX Pro: USD 4.821 em jogo — 3º produto mais caro dos 7.,
5MNF16D8,Darcel Schlecht,Melvin Marxen,Central,GTX Pro,,,Prospecting,,,4821.0,Engajar,2,58.8,ampla,265,42.2,,72.0,Seu histórico em GTX Pro é 160 de 265 (60%) — abaixo da sua média (63%) e da geral (63%).,Sem data de engajamento: não há sinal de tempo. Score usa só encaixe e valor.,GTX Pro: USD 4.821 em jogo — 3º produto mais caro dos 7.,
65SMA4OZ,Darcel Schlecht,Melvin Marxen,Central,GTX Pro,,,Prospecting,,,4821.0,Engajar,2,58.8,ampla,265,42.2,,72.0,Seu histórico em GTX Pro é 160 de 265 (60%) — abaixo da sua média (63%) e da geral (63%).,Sem data de engajamento: não há sinal de tempo. Score usa só encaixe e valor.,GTX Pro: USD 4.821 em jogo — 3º produto mais caro dos 7.,
6R94B0SG,Darcel Schlecht,Melvin Marxen,Central,GTX Pro,,,Prospecting,,,4821.0,Engajar,2,58.8,ampla,265,42.2,,72.0,Seu histórico em GTX Pro é 160 de 265 (60%) — abaixo da sua média (63%) e da geral (63%).,Sem data de engajamento: não há sinal de tempo. Score usa só encaixe e valor.,GTX Pro: USD 4.821 em jogo — 3º produto mais caro dos 7.,
6RN7I8ZF,Darcel Schlecht,Melvin Marxen,Central,GTX Pro,Condax,medical,Prospecting,,,4821.0,Engajar,2,58.8,ampla,265,42.2,,72.0,Seu histórico em GTX Pro é 160 de 265 (60%) — abaixo da sua média (63%) e da geral (63%).,Sem data de engajamento: não há sinal de tempo. Score usa só encaixe e valor.,GTX Pro: USD 4.821 em jogo — 3º produto mais caro dos 7.,
7YOJ4KU7,Darcel Schlecht,Melvin Marxen,Central,GTX Pro,,,Prospecting,,,4821.0,Engajar,2,58.8,ampla,265,42.2,,72.0,Seu histórico em GTX Pro é 160 de 265 (60%) — abaixo da sua média (63%) e da geral (63%).,Sem data de engajamento: não há sinal de tempo. Score usa só encaixe e valor.,GTX Pro: USD 4.821 em jogo — 3º produto mais caro dos 7.,
8IPMP8NT,Darcel Schlecht,Melvin Marxen,Central,GTX Pro,,,Prospecting,,,4821.0,Engajar,2,58.8,ampla,265,42.2,,72.0,Seu histórico em GTX Pro é 160 de 265 (60%) — abaixo da sua média (63%) e da geral (63%).,Sem data de engajamento: não há sinal de tempo. Score usa só encaixe e valor.,GTX Pro: USD 4.821 em jogo — 3º produto mais caro dos 7.,
8JL58ECD,Darcel Schlecht,Melvin Marxen,Central,GTX Pro,,,Prospecting,,,4821.0,Engajar,2,58.8,ampla,265,42.2,,72.0,Seu histórico em GTX Pro é 160 de 265 (60%) — abaixo da sua média (63%) e da geral (63%).,Sem data de engajamento: não há sinal de tempo. Score usa só encaixe e valor.,GTX Pro: USD 4.821 em jogo — 3º produto mais caro dos 7.,
8XE8GGIW,Darcel Schlecht,Melvin Marxen,Central,GTX Pro,Donquadtech,technology,Prospecting,,,4821.0,Engajar,2,58.8,ampla,265,42.2,,72.0,Seu histórico em GTX Pro é 160 de 265 (60%) — abaixo da sua média (63%) e da geral (63%).,Sem data de engajamento: não há sinal de tempo. Score usa só encaixe e valor.,GTX Pro: USD 4.821 em jogo — 3º produto mais caro dos 7.,
910NLQ80,Darcel Schlecht,Melvin Marxen,Central,GTX Pro,,,Prospecting,,,4821.0,Engajar,2,58.8,ampla,265,42.2,,72.0,Seu histórico em GTX Pro é 160 de 265 (60%) — abaixo da sua média (63%) e da geral (63%).,Sem data de engajamento: não há sinal de tempo. Score usa só encaixe e valor.,GTX Pro: USD 4.821 em jogo — 3º produto mais caro dos 7.,
99YRLZM0,Darcel Schlecht,Melvin Marxen,Central,GTX Pro,Yearin,retail,Prospecting,,,4821.0,Engajar,2,58.8,ampla,265,42.2,,72.0,Seu histórico em GTX Pro é 160 de 265 (60%) — abaixo da sua média (63%) e da geral (63%).,Sem data de engajamento: não há sinal de tempo. Score usa só encaixe e valor.,GTX Pro: USD 4.821 em jogo — 3º produto mais caro dos 7.,
A8NXNY0M,Darcel Schlecht,Melvin Marxen,Central,GTX Pro,Plusstrip,entertainment,Prospecting,,,4821.0,Engajar,2,58.8,ampla,265,42.2,,72.0,Seu histórico em GTX Pro é 160 de 265 (60%) — abaixo da sua média (63%) e da geral (63%).,Sem data de engajamento: não há sinal de tempo. Score usa só encaixe e valor.,GTX Pro: USD 4.821 em jogo — 3º produto mais caro dos 7.,
A9DGDN56,Darcel Schlecht,Melvin Marxen,Central,GTX Pro,Zencorporation,technology,Prospecting,,,4821.0,Engajar,2,58.8,ampla,265,42.2,,72.0,Seu histórico em GTX Pro é 160 de 265 (60%) — abaixo da sua média (63%) e da geral (63%).,Sem data de engajamento: não há sinal de tempo. Score usa só encaixe e valor.,GTX Pro: USD 4.821 em jogo — 3º produto mais caro dos 7.,
BBV196A3,Darcel Schlecht,Melvin Marxen,Central,GTX Pro,,,Prospecting,,,4821.0,Engajar,2,58.8,ampla,265,42.2,,72.0,Seu histórico em GTX Pro é 160 de 265 (60%) — abaixo da sua média (63%) e da geral (63%).,Sem data de engajamento: não há sinal de tempo. Score usa só encaixe e valor.,GTX Pro: USD 4.821 em jogo — 3º produto mais caro dos 7.,
BV75OM0B,Darcel Schlecht,Melvin Marxen,Central,GTX Pro,Rundofase,technology,Prospecting,,,4821.0,Engajar,2,58.8,ampla,265,42.2,,72.0,Seu histórico em GTX Pro é 160 de 265 (60%) — abaixo da sua média (63%) e da geral (63%).,Sem data de engajamento: não há sinal de tempo. Score usa só encaixe e valor.,GTX Pro: USD 4.821 em jogo — 3º produto mais caro dos 7.,
D01U08PR,Darcel Schlecht,Melvin Marxen,Central,GTX Pro,Zumgoity,medical,Prospecting,,,4821.0,Engajar,2,58.8,ampla,265,42.2,,72.0,Seu histórico em GTX Pro é 160 de 265 (60%) — abaixo da sua média (63%) e da geral (63%).,Sem data de engajamento: não há sinal de tempo. Score usa só encaixe e valor.,GTX Pro: USD 4.821 em jogo — 3º produto mais caro dos 7.,
D95K3R9N,Darcel Schlecht,Melvin Marxen,Central,GTX Pro,,,Prospecting,,,4821.0,Engajar,2,58.8,ampla,265,42.2,,72.0,Seu histórico em GTX Pro é 160 de 265 (60%) — abaixo da sua média (63%) e da geral (63%).,Sem data de engajamento: não há sinal de tempo. Score usa só encaixe e valor.,GTX Pro: USD 4.821 em jogo — 3º produto mais caro dos 7.,
DIGG7U6M,Darcel Schlecht,Melvin Marxen,Central,GTX Pro,,,Prospecting,,,4821.0,Engajar,2,58.8,ampla,265,42.2,,72.0,Seu histórico em GTX Pro é 160 de 265 (60%) — abaixo da sua média (63%) e da geral (63%).,Sem data de engajamento: não há sinal de tempo. Score usa só encaixe e valor.,GTX Pro: USD 4.821 em jogo — 3º produto mais caro dos 7.,
DX1M0XF0,Darcel Schlecht,Melvin Marxen,Central,GTX Pro,,,Prospecting,,,4821.0,Engajar,2,58.8,ampla,265,42.2,,72.0,Seu histórico em GTX Pro é 160 de 265 (60%) — abaixo da sua média (63%) e da geral (63%).,Sem data de engajamento: não há sinal de tempo. Score usa só encaixe e valor.,GTX Pro: USD 4.821 em jogo — 3º produto mais caro dos 7.,
E4YR0OE6,Darcel Schlecht,Melvin Marxen,Central,GTX Pro,,,Prospecting,,,4821.0,Engajar,2,58.8,ampla,265,42.2,,72.0,Seu histórico em GTX Pro é 160 de 265 (60%) — abaixo da sua média (63%) e da geral (63%).,Sem data de engajamento: não há sinal de tempo. Score usa só encaixe e valor.,GTX Pro: USD 4.821 em jogo — 3º produto mais caro dos 7.,
EYR5E7LO,Darcel Schlecht,Melvin Marxen,Central,GTX Pro,Initech,telecommunications,Prospecting,,,4821.0,Engajar,2,58.8,ampla,265,42.2,,72.0,Seu histórico em GTX Pro é 160 de 265 (60%) — abaixo da sua média (63%) e da geral (63%).,Sem data de engajamento: não há sinal de tempo. Score usa só encaixe e valor.,GTX Pro: USD 4.821 em jogo — 3º produto mais caro dos 7.,
FGSBCJSC,Darcel Schlecht,Melvin Marxen,Central,GTX Pro,,,Prospecting,,,4821.0,Engajar,2,58.8,ampla,265,42.2,,72.0,Seu histórico em GTX Pro é 160 de 265 (60%) — abaixo da sua média (63%) e da geral (63%).,Sem data de engajamento: não há sinal de tempo. Score usa só encaixe e valor.,GTX Pro: USD 4.821 em jogo — 3º produto mais caro dos 7.,
FVVATY89,Darcel Schlecht,Melvin Marxen,Central,GTX Pro,Ron-tech,medical,Prospecting,,,4821.0,Engajar,2,58.8,ampla,265,42.2,,72.0,Seu histórico em GTX Pro é 160 de 265 (60%) — abaixo da sua média (63%) e da geral (63%).,Sem data de engajamento: não há sinal de tempo. Score usa só encaixe e valor.,GTX Pro: USD 4.821 em jogo — 3º produto mais caro dos 7.,
GEQ8IGKW,Darcel Schlecht,Melvin Marxen,Central,GTX Pro,Finjob,employment,Prospecting,,,4821.0,Engajar,2,58.8,ampla,265,42.2,,72.0,Seu histórico em GTX Pro é 160 de 265 (60%) — abaixo da sua média (63%) e da geral (63%).,Sem data de engajamento: não há sinal de tempo. Score usa só encaixe e valor.,GTX Pro: USD 4.821 em jogo — 3º produto mais caro dos 7.,
GR8JTX1T,Darcel Schlecht,Melvin Marxen,Central,GTX Pro,Warephase,services,Prospecting,,,4821.0,Engajar,2,58.8,ampla,265,42.2,,72.0,Seu histórico em GTX Pro é 160 de 265 (60%) — abaixo da sua média (63%) e da geral (63%).,Sem data de engajamento: não há sinal de tempo. Score usa só encaixe e valor.,GTX Pro: USD 4.821 em jogo — 3º produto mais caro dos 7.,
HZVVOITE,Darcel Schlecht,Melvin Marxen,Central,GTX Pro,,,Prospecting,,,4821.0,Engajar,2,58.8,ampla,265,42.2,,72.0,Seu histórico em GTX Pro é 160 de 265 (60%) — abaixo da sua média (63%) e da geral (63%).,Sem data de engajamento: não há sinal de tempo. Score usa só encaixe e valor.,GTX Pro: USD 4.821 em jogo — 3º produto mais caro dos 7.,
IHKIAB1W,Darcel Schlecht,Melvin Marxen,Central,GTX Pro,Dontechi,software,Prospecting,,,4821.0,Engajar,2,58.8,ampla,265,42.2,,72.0,Seu histórico em GTX Pro é 160 de 265 (60%) — abaixo da sua média (63%) e da geral (63%).,Sem data de engajamento: não há sinal de tempo. Score usa só encaixe e valor.,GTX Pro: USD 4.821 em jogo — 3º produto mais caro dos 7.,
KO7JWXCT,Darcel Schlecht,Melvin Marxen,Central,GTX Pro,,,Prospecting,,,4821.0,Engajar,2,58.8,ampla,265,42.2,,72.0,Seu histórico em GTX Pro é 160 de 265 (60%) — abaixo da sua média (63%) e da geral (63%).,Sem data de engajamento: não há sinal de tempo. Score usa só encaixe e valor.,GTX Pro: USD 4.821 em jogo — 3º produto mais caro dos 7.,
LFD1ZGJ8,Darcel Schlecht,Melvin Marxen,Central,GTX Pro,,,Prospecting,,,4821.0,Engajar,2,58.8,ampla,265,42.2,,72.0,Seu histórico em GTX Pro é 160 de 265 (60%) — abaixo da sua média (63%) e da geral (63%).,Sem data de engajamento: não há sinal de tempo. Score usa só encaixe e valor.,GTX Pro: USD 4.821 em jogo — 3º produto mais caro dos 7.,
LO8L5ELD,Darcel Schlecht,Melvin Marxen,Central,GTX Pro,Inity,marketing,Prospecting,,,4821.0,Engajar,2,58.8,ampla,265,42.2,,72.0,Seu histórico em GTX Pro é 160 de 265 (60%) — abaixo da sua média (63%) e da geral (63%).,Sem data de engajamento: não há sinal de tempo. Score usa só encaixe e valor.,GTX Pro: USD 4.821 em jogo — 3º produto mais caro dos 7.,
N6BT2U29,Darcel Schlecht,Melvin Marxen,Central,GTX Pro,,,Prospecting,,,4821.0,Engajar,2,58.8,ampla,265,42.2,,72.0,Seu histórico em GTX Pro é 160 de 265 (60%) — abaixo da sua média (63%) e da geral (63%).,Sem data de engajamento: não há sinal de tempo. Score usa só encaixe e valor.,GTX Pro: USD 4.821 em jogo — 3º produto mais caro dos 7.,
NST2FEF3,Darcel Schlecht,Melvin Marxen,Central,GTX Pro,,,Prospecting,,,4821.0,Engajar,2,58.8,ampla,265,42.2,,72.0,Seu histórico em GTX Pro é 160 de 265 (60%) — abaixo da sua média (63%) e da geral (63%).,Sem data de engajamento: não há sinal de tempo. Score usa só encaixe e valor.,GTX Pro: USD 4.821 em jogo — 3º produto mais caro dos 7.,
OT0GOR3I,Darcel Schlecht,Melvin Marxen,Central,GTX Pro,Bluth Company,technology,Prospecting,,,4821.0,Engajar,2,58.8,ampla,265,42.2,,72.0,Seu histórico em GTX Pro é 160 de 265 (60%) — abaixo da sua média (63%) e da geral (63%).,Sem data de engajamento: não há sinal de tempo. Score usa só encaixe e valor.,GTX Pro: USD 4.821 em jogo — 3º produto mais caro dos 7.,
P6Z4X54S,Darcel Schlecht,Melvin Marxen,Central,GTX Pro,,,Prospecting,,,4821.0,Engajar,2,58.8,ampla,265,42.2,,72.0,Seu histórico em GTX Pro é 160 de 265 (60%) — abaixo da sua média (63%) e da geral (63%).,Sem data de engajamento: não há sinal de tempo. Score usa só encaixe e valor.,GTX Pro: USD 4.821 em jogo — 3º produto mais caro dos 7.,
P7UPCSTC,Darcel Schlecht,Melvin Marxen,Central,GTX Pro,Faxquote,telecommunications,Prospecting,,,4821.0,Engajar,2,58.8,ampla,265,42.2,,72.0,Seu histórico em GTX Pro é 160 de 265 (60%) — abaixo da sua média (63%) e da geral (63%).,Sem data de engajamento: não há sinal de tempo. Score usa só encaixe e valor.,GTX Pro: USD 4.821 em jogo — 3º produto mais caro dos 7.,
PES548QV,Darcel Schlecht,Melvin Marxen,Central,GTX Pro,,,Prospecting,,,4821.0,Engajar,2,58.8,ampla,265,42.2,,72.0,Seu histórico em GTX Pro é 160 de 265 (60%) — abaixo da sua média (63%) e da geral (63%).,Sem data de engajamento: não há sinal de tempo. Score usa só encaixe e valor.,GTX Pro: USD 4.821 em jogo — 3º produto mais caro dos 7.,
PRUFERA6,Darcel Schlecht,Melvin Marxen,Central,GTX Pro,,,Prospecting,,,4821.0,Engajar,2,58.8,ampla,265,42.2,,72.0,Seu histórico em GTX Pro é 160 de 265 (60%) — abaixo da sua média (63%) e da geral (63%).,Sem data de engajamento: não há sinal de tempo. Score usa só encaixe e valor.,GTX Pro: USD 4.821 em jogo — 3º produto mais caro dos 7.,
R0Q5BZ9Y,Darcel Schlecht,Melvin Marxen,Central,GTX Pro,Blackzim,retail,Prospecting,,,4821.0,Engajar,2,58.8,ampla,265,42.2,,72.0,Seu histórico em GTX Pro é 160 de 265 (60%) — abaixo da sua média (63%) e da geral (63%).,Sem data de engajamento: não há sinal de tempo. Score usa só encaixe e valor.,GTX Pro: USD 4.821 em jogo — 3º produto mais caro dos 7.,
R6HYAPR6,Darcel Schlecht,Melvin Marxen,Central,GTX Pro,Opentech,finance,Prospecting,,,4821.0,Engajar,2,58.8,ampla,265,42.2,,72.0,Seu histórico em GTX Pro é 160 de 265 (60%) — abaixo da sua média (63%) e da geral (63%).,Sem data de engajamento: não há sinal de tempo. Score usa só encaixe e valor.,GTX Pro: USD 4.821 em jogo — 3º produto mais caro dos 7.,
S1U1RD6K,Darcel Schlecht,Melvin Marxen,Central,GTX Pro,Iselectrics,technology,Prospecting,,,4821.0,Engajar,2,58.8,ampla,265,42.2,,72.0,Seu histórico em GTX Pro é 160 de 265 (60%) — abaixo da sua média (63%) e da geral (63%).,Sem data de engajamento: não há sinal de tempo. Score usa só encaixe e valor.,GTX Pro: USD 4.821 em jogo — 3º produto mais caro dos 7.,
SYP74C5W,Darcel Schlecht,Melvin Marxen,Central,GTX Pro,Bioholding,medical,Prospecting,,,4821.0,Engajar,2,58.8,ampla,265,42.2,,72.0,Seu histórico em GTX Pro é 160 de 265 (60%) — abaixo da sua média (63%) e da geral (63%).,Sem data de engajamento: não há sinal de tempo. Score usa só encaixe e valor.,GTX Pro: USD 4.821 em jogo — 3º produto mais caro dos 7.,
T12MT0HL,Darcel Schlecht,Melvin Marxen,Central,GTX Pro,,,Prospecting,,,4821.0,Engajar,2,58.8,ampla,265,42.2,,72.0,Seu histórico em GTX Pro é 160 de 265 (60%) — abaixo da sua média (63%) e da geral (63%).,Sem data de engajamento: não há sinal de tempo. Score usa só encaixe e valor.,GTX Pro: USD 4.821 em jogo — 3º produto mais caro dos 7.,
VJILDVVF,Darcel Schlecht,Melvin Marxen,Central,GTX Pro,Zathunicon,retail,Prospecting,,,4821.0,Engajar,2,58.8,ampla,265,42.2,,72.0,Seu histórico em GTX Pro é 160 de 265 (60%) — abaixo da sua média (63%) e da geral (63%).,Sem data de engajamento: não há sinal de tempo. Score usa só encaixe e valor.,GTX Pro: USD 4.821 em jogo — 3º produto mais caro dos 7.,
VMXGBINH,Darcel Schlecht,Melvin Marxen,Central,GTX Pro,,,Prospecting,,,4821.0,Engajar,2,58.8,ampla,265,42.2,,72.0,Seu histórico em GTX Pro é 160 de 265 (60%) — abaixo da sua média (63%) e da geral (63%).,Sem data de engajamento: não há sinal de tempo. Score usa só encaixe e valor.,GTX Pro: USD 4.821 em jogo — 3º produto mais caro dos 7.,
XGMTNND1,Darcel Schlecht,Melvin Marxen,Central,GTX Pro,,,Prospecting,,,4821.0,Engajar,2,58.8,ampla,265,42.2,,72.0,Seu histórico em GTX Pro é 160 de 265 (60%) — abaixo da sua média (63%) e da geral (63%).,Sem data de engajamento: não há sinal de tempo. Score usa só encaixe e valor.,GTX Pro: USD 4.821 em jogo — 3º produto mais caro dos 7.,
YBWUG6QP,Darcel Schlecht,Melvin Marxen,Central,GTX Pro,Condax,medical,Prospecting,,,4821.0,Engajar,2,58.8,ampla,265,42.2,,72.0,Seu histórico em GTX Pro é 160 de 265 (60%) — abaixo da sua média (63%) e da geral (63%).,Sem data de engajamento: não há sinal de tempo. Score usa só encaixe e valor.,GTX Pro: USD 4.821 em jogo — 3º produto mais caro dos 7.,
YKBJP191,Darcel Schlecht,Melvin Marxen,Central,GTX Pro,Faxquote,telecommunications,Prospecting,,,4821.0,Engajar,2,58.8,ampla,265,42.2,,72.0,Seu histórico em GTX Pro é 160 de 265 (60%) — abaixo da sua média (63%) e da geral (63%).,Sem data de engajamento: não há sinal de tempo. Score usa só encaixe e valor.,GTX Pro: USD 4.821 em jogo — 3º produto mais caro dos 7.,
ZGTCQT1A,Darcel Schlecht,Melvin Marxen,Central,GTX Pro,Rundofase,technology,Prospecting,,,4821.0,Engajar,2,58.8,ampla,265,42.2,,72.0,Seu histórico em GTX Pro é 160 de 265 (60%) — abaixo da sua média (63%) e da geral (63%).,Sem data de engajamento: não há sinal de tempo. Score usa só encaixe e valor.,GTX Pro: USD 4.821 em jogo — 3º produto mais caro dos 7.,
18IUIUK0,Versie Hillebrand,Dustin Brinkmann,Central,MG Advanced,,,Prospecting,,,3393.0,Engajar,2,58.6,média,46,48.0,,67.0,Seu histórico em MG Advanced é 27 de 46 (59%) — abaixo da sua média (67%) e da geral (63%).,Sem data de engajamento: não há sinal de tempo. Score usa só encaixe e valor.,MG Advanced: USD 3.393 em jogo — 4º produto mais caro dos 7.,
4H6DFFO4,Versie Hillebrand,Dustin Brinkmann,Central,MG Advanced,,,Prospecting,,,3393.0,Engajar,2,58.6,média,46,48.0,,67.0,Seu histórico em MG Advanced é 27 de 46 (59%) — abaixo da sua média (67%) e da geral (63%).,Sem data de engajamento: não há sinal de tempo. Score usa só encaixe e valor.,MG Advanced: USD 3.393 em jogo — 4º produto mais caro dos 7.,
6SLKZ8FI,Versie Hillebrand,Dustin Brinkmann,Central,MG Advanced,,,Prospecting,,,3393.0,Engajar,2,58.6,média,46,48.0,,67.0,Seu histórico em MG Advanced é 27 de 46 (59%) — abaixo da sua média (67%) e da geral (63%).,Sem data de engajamento: não há sinal de tempo. Score usa só encaixe e valor.,MG Advanced: USD 3.393 em jogo — 4º produto mais caro dos 7.,
8I5ONXJX,Versie Hillebrand,Dustin Brinkmann,Central,MG Advanced,,,Prospecting,,,3393.0,Engajar,2,58.6,média,46,48.0,,67.0,Seu histórico em MG Advanced é 27 de 46 (59%) — abaixo da sua média (67%) e da geral (63%).,Sem data de engajamento: não há sinal de tempo. Score usa só encaixe e valor.,MG Advanced: USD 3.393 em jogo — 4º produto mais caro dos 7.,
8M2O0Q8V,Versie Hillebrand,Dustin Brinkmann,Central,MG Advanced,Silis,medical,Prospecting,,,3393.0,Engajar,2,58.6,média,46,48.0,,67.0,Seu histórico em MG Advanced é 27 de 46 (59%) — abaixo da sua média (67%) e da geral (63%).,Sem data de engajamento: não há sinal de tempo. Score usa só encaixe e valor.,MG Advanced: USD 3.393 em jogo — 4º produto mais caro dos 7.,
9MIWFW5J,Versie Hillebrand,Dustin Brinkmann,Central,MG Advanced,,,Prospecting,,,3393.0,Engajar,2,58.6,média,46,48.0,,67.0,Seu histórico em MG Advanced é 27 de 46 (59%) — abaixo da sua média (67%) e da geral (63%).,Sem data de engajamento: não há sinal de tempo. Score usa só encaixe e valor.,MG Advanced: USD 3.393 em jogo — 4º produto mais caro dos 7.,
FCNN6UY0,Versie Hillebrand,Dustin Brinkmann,Central,MG Advanced,Ganjaflex,retail,Prospecting,,,3393.0,Engajar,2,58.6,média,46,48.0,,67.0,Seu histórico em MG Advanced é 27 de 46 (59%) — abaixo da sua média (67%) e da geral (63%).,Sem data de engajamento: não há sinal de tempo. Score usa só encaixe e valor.,MG Advanced: USD 3.393 em jogo — 4º produto mais caro dos 7.,
IUM2FVA1,Versie Hillebrand,Dustin Brinkmann,Central,MG Advanced,,,Prospecting,,,3393.0,Engajar,2,58.6,média,46,48.0,,67.0,Seu histórico em MG Advanced é 27 de 46 (59%) — abaixo da sua média (67%) e da geral (63%).,Sem data de engajamento: não há sinal de tempo. Score usa só encaixe e valor.,MG Advanced: USD 3.393 em jogo — 4º produto mais caro dos 7.,
LIB4KUZJ,Versie Hillebrand,Dustin Brinkmann,Central,MG Advanced,,,Prospecting,,,3393.0,Engajar,2,58.6,média,46,48.0,,67.0,Seu histórico em MG Advanced é 27 de 46 (59%) — abaixo da sua média (67%) e da geral (63%).,Sem data de engajamento: não há sinal de tempo. Score usa só encaixe e valor.,MG Advanced: USD 3.393 em jogo — 4º produto mais caro dos 7.,
WNWI8RJU,Versie Hillebrand,Dustin Brinkmann,Central,MG Advanced,,,Prospecting,,,3393.0,Engajar,2,58.6,média,46,48.0,,67.0,Seu histórico em MG Advanced é 27 de 46 (59%) — abaixo da sua média (67%) e da geral (63%).,Sem data de engajamento: não há sinal de tempo. Score usa só encaixe e valor.,MG Advanced: USD 3.393 em jogo — 4º produto mais caro dos 7.,
52V1RWCZ,Moses Frase,Dustin Brinkmann,Central,GTX Basic,Stanredtax,finance,Prospecting,,,550.0,Engajar,2,57.6,ampla,59,83.4,,37.0,Você fecha GTX Basic em 47 de 59 deals (80%) — bem acima da média geral (63%).,Sem data de engajamento: não há sinal de tempo. Score usa só encaixe e valor.,GTX Basic: USD 550 em jogo — 6º produto mais caro dos 7.,
H046CU4Z,Moses Frase,Dustin Brinkmann,Central,GTX Basic,,,Prospecting,,,550.0,Engajar,2,57.6,ampla,59,83.4,,37.0,Você fecha GTX Basic em 47 de 59 deals (80%) — bem acima da média geral (63%).,Sem data de engajamento: não há sinal de tempo. Score usa só encaixe e valor.,GTX Basic: USD 550 em jogo — 6º produto mais caro dos 7.,
HKMMBDMW,Moses Frase,Dustin Brinkmann,Central,GTX Basic,Plusstrip,entertainment,Prospecting,,,550.0,Engajar,2,57.6,ampla,59,83.4,,37.0,Você fecha GTX Basic em 47 de 59 deals (80%) — bem acima da média geral (63%).,Sem data de engajamento: não há sinal de tempo. Score usa só encaixe e valor.,GTX Basic: USD 550 em jogo — 6º produto mais caro dos 7.,
HOXD9TTL,Moses Frase,Dustin Brinkmann,Central,GTX Basic,,,Prospecting,,,550.0,Engajar,2,57.6,ampla,59,83.4,,37.0,Você fecha GTX Basic em 47 de 59 deals (80%) — bem acima da média geral (63%).,Sem data de engajamento: não há sinal de tempo. Score usa só encaixe e valor.,GTX Basic: USD 550 em jogo — 6º produto mais caro dos 7.,
IVTNXNYP,Moses Frase,Dustin Brinkmann,Central,GTX Basic,,,Prospecting,,,550.0,Engajar,2,57.6,ampla,59,83.4,,37.0,Você fecha GTX Basic em 47 de 59 deals (80%) — bem acima da média geral (63%).,Sem data de engajamento: não há sinal de tempo. Score usa só encaixe e valor.,GTX Basic: USD 550 em jogo — 6º produto mais caro dos 7.,
JF4MEWPX,Moses Frase,Dustin Brinkmann,Central,GTX Basic,,,Prospecting,,,550.0,Engajar,2,57.6,ampla,59,83.4,,37.0,Você fecha GTX Basic em 47 de 59 deals (80%) — bem acima da média geral (63%).,Sem data de engajamento: não há sinal de tempo. Score usa só encaixe e valor.,GTX Basic: USD 550 em jogo — 6º produto mais caro dos 7.,
M22PCEKY,Moses Frase,Dustin Brinkmann,Central,GTX Basic,,,Prospecting,,,550.0,Engajar,2,57.6,ampla,59,83.4,,37.0,Você fecha GTX Basic em 47 de 59 deals (80%) — bem acima da média geral (63%).,Sem data de engajamento: não há sinal de tempo. Score usa só encaixe e valor.,GTX Basic: USD 550 em jogo — 6º produto mais caro dos 7.,
XS7L2AQE,Moses Frase,Dustin Brinkmann,Central,GTX Basic,Zencorporation,technology,Prospecting,,,550.0,Engajar,2,57.6,ampla,59,83.4,,37.0,Você fecha GTX Basic em 47 de 59 deals (80%) — bem acima da média geral (63%).,Sem data de engajamento: não há sinal de tempo. Score usa só encaixe e valor.,GTX Basic: USD 550 em jogo — 6º produto mais caro dos 7.,
1XR36ESV,Darcel Schlecht,Melvin Marxen,Central,MG Advanced,,,Prospecting,,,3393.0,Engajar,2,56.1,ampla,61,42.4,,67.0,Seu histórico em MG Advanced é 36 de 61 (59%) — abaixo da sua média (63%) e da geral (63%).,Sem data de engajamento: não há sinal de tempo. Score usa só encaixe e valor.,MG Advanced: USD 3.393 em jogo — 4º produto mais caro dos 7.,
39NJ6UC9,Darcel Schlecht,Melvin Marxen,Central,MG Advanced,,,Prospecting,,,3393.0,Engajar,2,56.1,ampla,61,42.4,,67.0,Seu histórico em MG Advanced é 36 de 61 (59%) — abaixo da sua média (63%) e da geral (63%).,Sem data de engajamento: não há sinal de tempo. Score usa só encaixe e valor.,MG Advanced: USD 3.393 em jogo — 4º produto mais caro dos 7.,
3PN3YSPK,Darcel Schlecht,Melvin Marxen,Central,MG Advanced,,,Prospecting,,,3393.0,Engajar,2,56.1,ampla,61,42.4,,67.0,Seu histórico em MG Advanced é 36 de 61 (59%) — abaixo da sua média (63%) e da geral (63%).,Sem data de engajamento: não há sinal de tempo. Score usa só encaixe e valor.,MG Advanced: USD 3.393 em jogo — 4º produto mais caro dos 7.,
9HA8VBAP,Darcel Schlecht,Melvin Marxen,Central,MG Advanced,Donquadtech,technology,Prospecting,,,3393.0,Engajar,2,56.1,ampla,61,42.4,,67.0,Seu histórico em MG Advanced é 36 de 61 (59%) — abaixo da sua média (63%) e da geral (63%).,Sem data de engajamento: não há sinal de tempo. Score usa só encaixe e valor.,MG Advanced: USD 3.393 em jogo — 4º produto mais caro dos 7.,
EJUQOEY5,Darcel Schlecht,Melvin Marxen,Central,MG Advanced,Bubba Gump,software,Prospecting,,,3393.0,Engajar,2,56.1,ampla,61,42.4,,67.0,Seu histórico em MG Advanced é 36 de 61 (59%) — abaixo da sua média (63%) e da geral (63%).,Sem data de engajamento: não há sinal de tempo. Score usa só encaixe e valor.,MG Advanced: USD 3.393 em jogo — 4º produto mais caro dos 7.,
F6AOT0NK,Darcel Schlecht,Melvin Marxen,Central,MG Advanced,,,Prospecting,,,3393.0,Engajar,2,56.1,ampla,61,42.4,,67.0,Seu histórico em MG Advanced é 36 de 61 (59%) — abaixo da sua média (63%) e da geral (63%).,Sem data de engajamento: não há sinal de tempo. Score usa só encaixe e valor.,MG Advanced: USD 3.393 em jogo — 4º produto mais caro dos 7.,
X4THRRSJ,Darcel Schlecht,Melvin Marxen,Central,MG Advanced,,,Prospecting,,,3393.0,Engajar,2,56.1,ampla,61,42.4,,67.0,Seu histórico em MG Advanced é 36 de 61 (59%) — abaixo da sua média (63%) e da geral (63%).,Sem data de engajamento: não há sinal de tempo. Score usa só encaixe e valor.,MG Advanced: USD 3.393 em jogo — 4º produto mais caro dos 7.,
YI92HVHO,Darcel Schlecht,Melvin Marxen,Central,MG Advanced,,,Prospecting,,,3393.0,Engajar,2,56.1,ampla,61,42.4,,67.0,Seu histórico em MG Advanced é 36 de 61 (59%) — abaixo da sua média (63%) e da geral (63%).,Sem data de engajamento: não há sinal de tempo. Score usa só encaixe e valor.,MG Advanced: USD 3.393 em jogo — 4º produto mais caro dos 7.,
2WTPSQTN,Gladys Colclough,Melvin Marxen,Central,GTX Plus Pro,,,Prospecting,,,5482.0,Engajar,2,55.8,média,25,33.0,,74.0,Seu histórico em GTX Plus Pro é 14 de 25 (56%) — abaixo da sua média (58%) e da geral (63%).,Sem data de engajamento: não há sinal de tempo. Score usa só encaixe e valor.,GTX Plus Pro: USD 5.482 em jogo — 2º produto mais caro dos 7.,
37PEZCGO,Gladys Colclough,Melvin Marxen,Central,MG Advanced,,,Prospecting,,,3393.0,Engajar,2,55.8,ampla,53,41.9,,67.0,Seu histórico em MG Advanced é 33 de 53 (62%) — abaixo da média geral (63%).,Sem data de engajamento: não há sinal de tempo. Score usa só encaixe e valor.,MG Advanced: USD 3.393 em jogo — 4º produto mais caro dos 7.,
49T7VKA7,Gladys Colclough,Melvin Marxen,Central,GTX Plus Pro,Plussunin,retail,Prospecting,,,5482.0,Engajar,2,55.8,média,25,33.0,,74.0,Seu histórico em GTX Plus Pro é 14 de 25 (56%) — abaixo da sua média (58%) e da geral (63%).,Sem data de engajamento: não há sinal de tempo. Score usa só encaixe e valor.,GTX Plus Pro: USD 5.482 em jogo — 2º produto mais caro dos 7.,
67CBAWHG,Gladys Colclough,Melvin Marxen,Central,GTX Plus Pro,,,Prospecting,,,5482.0,Engajar,2,55.8,média,25,33.0,,74.0,Seu histórico em GTX Plus Pro é 14 de 25 (56%) — abaixo da sua média (58%) e da geral (63%).,Sem data de engajamento: não há sinal de tempo. Score usa só encaixe e valor.,GTX Plus Pro: USD 5.482 em jogo — 2º produto mais caro dos 7.,
73CWPT9H,Gladys Colclough,Melvin Marxen,Central,GTX Plus Pro,,,Prospecting,,,5482.0,Engajar,2,55.8,média,25,33.0,,74.0,Seu histórico em GTX Plus Pro é 14 de 25 (56%) — abaixo da sua média (58%) e da geral (63%).,Sem data de engajamento: não há sinal de tempo. Score usa só encaixe e valor.,GTX Plus Pro: USD 5.482 em jogo — 2º produto mais caro dos 7.,
9RGWSKNU,Gladys Colclough,Melvin Marxen,Central,GTX Plus Pro,Kan-code,software,Prospecting,,,5482.0,Engajar,2,55.8,média,25,33.0,,74.0,Seu histórico em GTX Plus Pro é 14 de 25 (56%) — abaixo da sua média (58%) e da geral (63%).,Sem data de engajamento: não há sinal de tempo. Score usa só encaixe e valor.,GTX Plus Pro: USD 5.482 em jogo — 2º produto mais caro dos 7.,
AAQ5H36J,Gladys Colclough,Melvin Marxen,Central,MG Advanced,,,Prospecting,,,3393.0,Engajar,2,55.8,ampla,53,41.9,,67.0,Seu histórico em MG Advanced é 33 de 53 (62%) — abaixo da média geral (63%).,Sem data de engajamento: não há sinal de tempo. Score usa só encaixe e valor.,MG Advanced: USD 3.393 em jogo — 4º produto mais caro dos 7.,
B7KZYEII,Gladys Colclough,Melvin Marxen,Central,GTX Plus Pro,,,Prospecting,,,5482.0,Engajar,2,55.8,média,25,33.0,,74.0,Seu histórico em GTX Plus Pro é 14 de 25 (56%) — abaixo da sua média (58%) e da geral (63%).,Sem data de engajamento: não há sinal de tempo. Score usa só encaixe e valor.,GTX Plus Pro: USD 5.482 em jogo — 2º produto mais caro dos 7.,
BTDY3DHP,Gladys Colclough,Melvin Marxen,Central,GTX Plus Pro,Vehement Capital Partners,finance,Prospecting,,,5482.0,Engajar,2,55.8,média,25,33.0,,74.0,Seu histórico em GTX Plus Pro é 14 de 25 (56%) — abaixo da sua média (58%) e da geral (63%).,Sem data de engajamento: não há sinal de tempo. Score usa só encaixe e valor.,GTX Plus Pro: USD 5.482 em jogo — 2º produto mais caro dos 7.,
CGRMC7OE,Jonathan Berthelot,Melvin Marxen,Central,MG Advanced,,,Prospecting,,,3393.0,Engajar,2,55.8,pequena,18,41.7,,67.0,Seu histórico em MG Advanced é 9 de 18 (50%). Base pequena: o score usa 61% (puxado para a sua média de 65%).,Sem data de engajamento: não há sinal de tempo. Score usa só encaixe e valor.,MG Advanced: USD 3.393 em jogo — 4º produto mais caro dos 7.,
J5IF7CT6,Gladys Colclough,Melvin Marxen,Central,MG Advanced,,,Prospecting,,,3393.0,Engajar,2,55.8,ampla,53,41.9,,67.0,Seu histórico em MG Advanced é 33 de 53 (62%) — abaixo da média geral (63%).,Sem data de engajamento: não há sinal de tempo. Score usa só encaixe e valor.,MG Advanced: USD 3.393 em jogo — 4º produto mais caro dos 7.,
J5IXJWVU,Gladys Colclough,Melvin Marxen,Central,MG Advanced,Cancity,retail,Prospecting,,,3393.0,Engajar,2,55.8,ampla,53,41.9,,67.0,Seu histórico em MG Advanced é 33 de 53 (62%) — abaixo da média geral (63%).,Sem data de engajamento: não há sinal de tempo. Score usa só encaixe e valor.,MG Advanced: USD 3.393 em jogo — 4º produto mais caro dos 7.,
JLZCOLIE,Gladys Colclough,Melvin Marxen,Central,MG Advanced,,,Prospecting,,,3393.0,Engajar,2,55.8,ampla,53,41.9,,67.0,Seu histórico em MG Advanced é 33 de 53 (62%) — abaixo da média geral (63%).,Sem data de engajamento: não há sinal de tempo. Score usa só encaixe e valor.,MG Advanced: USD 3.393 em jogo — 4º produto mais caro dos 7.,
JQBN7PXK,Gladys Colclough,Melvin Marxen,Central,MG Advanced,Xx-zobam,entertainment,Prospecting,,,3393.0,Engajar,2,55.8,ampla,53,41.9,,67.0,Seu histórico em MG Advanced é 33 de 53 (62%) — abaixo da média geral (63%).,Sem data de engajamento: não há sinal de tempo. Score usa só encaixe e valor.,MG Advanced: USD 3.393 em jogo — 4º produto mais caro dos 7.,
KFSKQ291,Gladys Colclough,Melvin Marxen,Central,MG Advanced,Plusstrip,entertainment,Prospecting,,,3393.0,Engajar,2,55.8,ampla,53,41.9,,67.0,Seu histórico em MG Advanced é 33 de 53 (62%) — abaixo da média geral (63%).,Sem data de engajamento: não há sinal de tempo. Score usa só encaixe e valor.,MG Advanced: USD 3.393 em jogo — 4º produto mais caro dos 7.,
L5PS6S68,Gladys Colclough,Melvin Marxen,Central,MG Advanced,,,Prospecting,,,3393.0,Engajar,2,55.8,ampla,53,41.9,,67.0,Seu histórico em MG Advanced é 33 de 53 (62%) — abaixo da média geral (63%).,Sem data de engajamento: não há sinal de tempo. Score usa só encaixe e valor.,MG Advanced: USD 3.393 em jogo — 4º produto mais caro dos 7.,
UZ7DU3D9,Gladys Colclough,Melvin Marxen,Central,GTX Plus Pro,,,Prospecting,,,5482.0,Engajar,2,55.8,média,25,33.0,,74.0,Seu histórico em GTX Plus Pro é 14 de 25 (56%) — abaixo da sua média (58%) e da geral (63%).,Sem data de engajamento: não há sinal de tempo. Score usa só encaixe e valor.,GTX Plus Pro: USD 5.482 em jogo — 2º produto mais caro dos 7.,
V5PKXYWS,Gladys Colclough,Melvin Marxen,Central,GTX Plus Pro,,,Prospecting,,,5482.0,Engajar,2,55.8,média,25,33.0,,74.0,Seu histórico em GTX Plus Pro é 14 de 25 (56%) — abaixo da sua média (58%) e da geral (63%).,Sem data de engajamento: não há sinal de tempo. Score usa só encaixe e valor.,GTX Plus Pro: USD 5.482 em jogo — 2º produto mais caro dos 7.,
X9NUTLTR,Gladys Colclough,Melvin Marxen,Central,MG Advanced,,,Prospecting,,,3393.0,Engajar,2,55.8,ampla,53,41.9,,67.0,Seu histórico em MG Advanced é 33 de 53 (62%) — abaixo da média geral (63%).,Sem data de engajamento: não há sinal de tempo. Score usa só encaixe e valor.,MG Advanced: USD 3.393 em jogo — 4º produto mais caro dos 7.,
ZT1234V3,Gladys Colclough,Melvin Marxen,Central,MG Advanced,Ron-tech,medical,Prospecting,,,3393.0,Engajar,2,55.8,ampla,53,41.9,,67.0,Seu histórico em MG Advanced é 33 de 53 (62%) — abaixo da média geral (63%).,Sem data de engajamento: não há sinal de tempo. Score usa só encaixe e valor.,MG Advanced: USD 3.393 em jogo — 4º produto mais caro dos 7.,
0E8D6TCQ,Moses Frase,Dustin Brinkmann,Central,GTX Plus Basic,,,Prospecting,,,1096.0,Engajar,2,55.0,média,24,63.7,,48.0,Você fecha GTX Plus Basic em 17 de 24 deals (71%) — acima da média geral (63%).,Sem data de engajamento: não há sinal de tempo. Score usa só encaixe e valor.,GTX Plus Basic: USD 1.096 em jogo — 5º produto mais caro dos 7.,
1HD5JJM3,Moses Frase,Dustin Brinkmann,Central,GTX Plus Basic,,,Prospecting,,,1096.0,Engajar,2,55.0,média,24,63.7,,48.0,Você fecha GTX Plus Basic em 17 de 24 deals (71%) — acima da média geral (63%).,Sem data de engajamento: não há sinal de tempo. Score usa só encaixe e valor.,GTX Plus Basic: USD 1.096 em jogo — 5º produto mais caro dos 7.,
NWPSEF2I,Moses Frase,Dustin Brinkmann,Central,GTX Plus Basic,,,Prospecting,,,1096.0,Engajar,2,55.0,média,24,63.7,,48.0,Você fecha GTX Plus Basic em 17 de 24 deals (71%) — acima da média geral (63%).,Sem data de engajamento: não há sinal de tempo. Score usa só encaixe e valor.,GTX Plus Basic: USD 1.096 em jogo — 5º produto mais caro dos 7.,
F14T88OP,Lajuana Vencill,Dustin Brinkmann,Central,GTX Plus Pro,,,Prospecting,,,5482.0,Engajar,2,54.3,pequena,17,29.6,,74.0,Seu histórico em GTX Plus Pro é 10 de 17 (59%). Base pequena: o score usa 57% (puxado para a sua média de 55%).,Sem data de engajamento: não há sinal de tempo. Score usa só encaixe e valor.,GTX Plus Pro: USD 5.482 em jogo — 2º produto mais caro dos 7.,
0TQP0E65,Darcel Schlecht,Melvin Marxen,Central,GTX Plus Basic,,,Prospecting,,,1096.0,Engajar,2,52.9,ampla,83,58.9,,48.0,Você fecha GTX Plus Basic em 56 de 83 deals (67%) — acima da média geral (63%).,Sem data de engajamento: não há sinal de tempo. Score usa só encaixe e valor.,GTX Plus Basic: USD 1.096 em jogo — 5º produto mais caro dos 7.,
1LWG4COF,Darcel Schlecht,Melvin Marxen,Central,GTX Plus Basic,,,Prospecting,,,1096.0,Engajar,2,52.9,ampla,83,58.9,,48.0,Você fecha GTX Plus Basic em 56 de 83 deals (67%) — acima da média geral (63%).,Sem data de engajamento: não há sinal de tempo. Score usa só encaixe e valor.,GTX Plus Basic: USD 1.096 em jogo — 5º produto mais caro dos 7.,
64OXRCSR,Darcel Schlecht,Melvin Marxen,Central,GTX Plus Basic,,,Prospecting,,,1096.0,Engajar,2,52.9,ampla,83,58.9,,48.0,Você fecha GTX Plus Basic em 56 de 83 deals (67%) — acima da média geral (63%).,Sem data de engajamento: não há sinal de tempo. Score usa só encaixe e valor.,GTX Plus Basic: USD 1.096 em jogo — 5º produto mais caro dos 7.,
EG3X1ACF,Darcel Schlecht,Melvin Marxen,Central,GTX Plus Basic,,,Prospecting,,,1096.0,Engajar,2,52.9,ampla,83,58.9,,48.0,Você fecha GTX Plus Basic em 56 de 83 deals (67%) — acima da média geral (63%).,Sem data de engajamento: não há sinal de tempo. Score usa só encaixe e valor.,GTX Plus Basic: USD 1.096 em jogo — 5º produto mais caro dos 7.,
FEL7FQQG,Darcel Schlecht,Melvin Marxen,Central,GTX Plus Basic,,,Prospecting,,,1096.0,Engajar,2,52.9,ampla,83,58.9,,48.0,Você fecha GTX Plus Basic em 56 de 83 deals (67%) — acima da média geral (63%).,Sem data de engajamento: não há sinal de tempo. Score usa só encaixe e valor.,GTX Plus Basic: USD 1.096 em jogo — 5º produto mais caro dos 7.,
FY0SHNZY,Darcel Schlecht,Melvin Marxen,Central,GTX Plus Basic,,,Prospecting,,,1096.0,Engajar,2,52.9,ampla,83,58.9,,48.0,Você fecha GTX Plus Basic em 56 de 83 deals (67%) — acima da média geral (63%).,Sem data de engajamento: não há sinal de tempo. Score usa só encaixe e valor.,GTX Plus Basic: USD 1.096 em jogo — 5º produto mais caro dos 7.,
HD6YD6P9,Darcel Schlecht,Melvin Marxen,Central,GTX Plus Basic,,,Prospecting,,,1096.0,Engajar,2,52.9,ampla,83,58.9,,48.0,Você fecha GTX Plus Basic em 56 de 83 deals (67%) — acima da média geral (63%).,Sem data de engajamento: não há sinal de tempo. Score usa só encaixe e valor.,GTX Plus Basic: USD 1.096 em jogo — 5º produto mais caro dos 7.,
I2LEEFAM,Darcel Schlecht,Melvin Marxen,Central,GTX Plus Basic,,,Prospecting,,,1096.0,Engajar,2,52.9,ampla,83,58.9,,48.0,Você fecha GTX Plus Basic em 56 de 83 deals (67%) — acima da média geral (63%).,Sem data de engajamento: não há sinal de tempo. Score usa só encaixe e valor.,GTX Plus Basic: USD 1.096 em jogo — 5º produto mais caro dos 7.,
IEMOIN3K,Darcel Schlecht,Melvin Marxen,Central,GTX Plus Basic,,,Prospecting,,,1096.0,Engajar,2,52.9,ampla,83,58.9,,48.0,Você fecha GTX Plus Basic em 56 de 83 deals (67%) — acima da média geral (63%).,Sem data de engajamento: não há sinal de tempo. Score usa só encaixe e valor.,GTX Plus Basic: USD 1.096 em jogo — 5º produto mais caro dos 7.,
JCRT0QHO,Darcel Schlecht,Melvin Marxen,Central,GTX Plus Basic,,,Prospecting,,,1096.0,Engajar,2,52.9,ampla,83,58.9,,48.0,Você fecha GTX Plus Basic em 56 de 83 deals (67%) — acima da média geral (63%).,Sem data de engajamento: não há sinal de tempo. Score usa só encaixe e valor.,GTX Plus Basic: USD 1.096 em jogo — 5º produto mais caro dos 7.,
LKDSEQ2Q,Darcel Schlecht,Melvin Marxen,Central,GTX Plus Basic,Yearin,retail,Prospecting,,,1096.0,Engajar,2,52.9,ampla,83,58.9,,48.0,Você fecha GTX Plus Basic em 56 de 83 deals (67%) — acima da média geral (63%).,Sem data de engajamento: não há sinal de tempo. Score usa só encaixe e valor.,GTX Plus Basic: USD 1.096 em jogo — 5º produto mais caro dos 7.,
MTGV7WOM,Darcel Schlecht,Melvin Marxen,Central,GTX Plus Basic,,,Prospecting,,,1096.0,Engajar,2,52.9,ampla,83,58.9,,48.0,Você fecha GTX Plus Basic em 56 de 83 deals (67%) — acima da média geral (63%).,Sem data de engajamento: não há sinal de tempo. Score usa só encaixe e valor.,GTX Plus Basic: USD 1.096 em jogo — 5º produto mais caro dos 7.,
OAECXU4A,Darcel Schlecht,Melvin Marxen,Central,GTX Plus Basic,,,Prospecting,,,1096.0,Engajar,2,52.9,ampla,83,58.9,,48.0,Você fecha GTX Plus Basic em 56 de 83 deals (67%) — acima da média geral (63%).,Sem data de engajamento: não há sinal de tempo. Score usa só encaixe e valor.,GTX Plus Basic: USD 1.096 em jogo — 5º produto mais caro dos 7.,
OQX98BBL,Darcel Schlecht,Melvin Marxen,Central,GTX Plus Basic,,,Prospecting,,,1096.0,Engajar,2,52.9,ampla,83,58.9,,48.0,Você fecha GTX Plus Basic em 56 de 83 deals (67%) — acima da média geral (63%).,Sem data de engajamento: não há sinal de tempo. Score usa só encaixe e valor.,GTX Plus Basic: USD 1.096 em jogo — 5º produto mais caro dos 7.,
P95E1DOX,Darcel Schlecht,Melvin Marxen,Central,GTX Plus Basic,,,Prospecting,,,1096.0,Engajar,2,52.9,ampla,83,58.9,,48.0,Você fecha GTX Plus Basic em 56 de 83 deals (67%) — acima da média geral (63%).,Sem data de engajamento: não há sinal de tempo. Score usa só encaixe e valor.,GTX Plus Basic: USD 1.096 em jogo — 5º produto mais caro dos 7.,
RH0FJYPZ,Darcel Schlecht,Melvin Marxen,Central,GTX Plus Basic,,,Prospecting,,,1096.0,Engajar,2,52.9,ampla,83,58.9,,48.0,Você fecha GTX Plus Basic em 56 de 83 deals (67%) — acima da média geral (63%).,Sem data de engajamento: não há sinal de tempo. Score usa só encaixe e valor.,GTX Plus Basic: USD 1.096 em jogo — 5º produto mais caro dos 7.,
TJ64MOUR,Darcel Schlecht,Melvin Marxen,Central,GTX Plus Basic,,,Prospecting,,,1096.0,Engajar,2,52.9,ampla,83,58.9,,48.0,Você fecha GTX Plus Basic em 56 de 83 deals (67%) — acima da média geral (63%).,Sem data de engajamento: não há sinal de tempo. Score usa só encaixe e valor.,GTX Plus Basic: USD 1.096 em jogo — 5º produto mais caro dos 7.,
V2V69I86,Darcel Schlecht,Melvin Marxen,Central,GTX Plus Basic,,,Prospecting,,,1096.0,Engajar,2,52.9,ampla,83,58.9,,48.0,Você fecha GTX Plus Basic em 56 de 83 deals (67%) — acima da média geral (63%).,Sem data de engajamento: não há sinal de tempo. Score usa só encaixe e valor.,GTX Plus Basic: USD 1.096 em jogo — 5º produto mais caro dos 7.,
VAM56BG4,Darcel Schlecht,Melvin Marxen,Central,GTX Plus Basic,Acme Corporation,technology,Prospecting,,,1096.0,Engajar,2,52.9,ampla,83,58.9,,48.0,Você fecha GTX Plus Basic em 56 de 83 deals (67%) — acima da média geral (63%).,Sem data de engajamento: não há sinal de tempo. Score usa só encaixe e valor.,GTX Plus Basic: USD 1.096 em jogo — 5º produto mais caro dos 7.,
XTXMQMRC,Darcel Schlecht,Melvin Marxen,Central,GTX Plus Basic,,,Prospecting,,,1096.0,Engajar,2,52.9,ampla,83,58.9,,48.0,Você fecha GTX Plus Basic em 56 de 83 deals (67%) — acima da média geral (63%).,Sem data de engajamento: não há sinal de tempo. Score usa só encaixe e valor.,GTX Plus Basic: USD 1.096 em jogo — 5º produto mais caro dos 7.,
ZTCQWF53,Darcel Schlecht,Melvin Marxen,Central,GTX Plus Basic,Faxquote,telecommunications,Prospecting,,,1096.0,Engajar,2,52.9,ampla,83,58.9,,48.0,Você fecha GTX Plus Basic em 56 de 83 deals (67%) — acima da média geral (63%).,Sem data de engajamento: não há sinal de tempo. Score usa só encaixe e valor.,GTX Plus Basic: USD 1.096 em jogo — 5º produto mais caro dos 7.,
0C34Z5UZ,Gladys Colclough,Melvin Marxen,Central,GTX Pro,,,Prospecting,,,4821.0,Engajar,2,50.9,ampla,50,24.6,,72.0,Seu histórico em GTX Pro é 26 de 50 (52%) — abaixo da sua média (58%) e da geral (63%).,Sem data de engajamento: não há sinal de tempo. Score usa só encaixe e valor.,GTX Pro: USD 4.821 em jogo — 3º produto mais caro dos 7.,
847RHYQE,Gladys Colclough,Melvin Marxen,Central,GTX Pro,,,Prospecting,,,4821.0,Engajar,2,50.9,ampla,50,24.6,,72.0,Seu histórico em GTX Pro é 26 de 50 (52%) — abaixo da sua média (58%) e da geral (63%).,Sem data de engajamento: não há sinal de tempo. Score usa só encaixe e valor.,GTX Pro: USD 4.821 em jogo — 3º produto mais caro dos 7.,
BJE7KCZ1,Gladys Colclough,Melvin Marxen,Central,GTX Pro,Genco Pura Olive Oil Company,retail,Prospecting,,,4821.0,Engajar,2,50.9,ampla,50,24.6,,72.0,Seu histórico em GTX Pro é 26 de 50 (52%) — abaixo da sua média (58%) e da geral (63%).,Sem data de engajamento: não há sinal de tempo. Score usa só encaixe e valor.,GTX Pro: USD 4.821 em jogo — 3º produto mais caro dos 7.,
EJCPWP6V,Gladys Colclough,Melvin Marxen,Central,GTX Pro,Bioholding,medical,Prospecting,,,4821.0,Engajar,2,50.9,ampla,50,24.6,,72.0,Seu histórico em GTX Pro é 26 de 50 (52%) — abaixo da sua média (58%) e da geral (63%).,Sem data de engajamento: não há sinal de tempo. Score usa só encaixe e valor.,GTX Pro: USD 4.821 em jogo — 3º produto mais caro dos 7.,
OA3RDG12,Gladys Colclough,Melvin Marxen,Central,GTX Pro,,,Prospecting,,,4821.0,Engajar,2,50.9,ampla,50,24.6,,72.0,Seu histórico em GTX Pro é 26 de 50 (52%) — abaixo da sua média (58%) e da geral (63%).,Sem data de engajamento: não há sinal de tempo. Score usa só encaixe e valor.,GTX Pro: USD 4.821 em jogo — 3º produto mais caro dos 7.,
TK9J8AOZ,Gladys Colclough,Melvin Marxen,Central,GTX Pro,Treequote,telecommunications,Prospecting,,,4821.0,Engajar,2,50.9,ampla,50,24.6,,72.0,Seu histórico em GTX Pro é 26 de 50 (52%) — abaixo da sua média (58%) e da geral (63%).,Sem data de engajamento: não há sinal de tempo. Score usa só encaixe e valor.,GTX Pro: USD 4.821 em jogo — 3º produto mais caro dos 7.,
XARW0KTX,Gladys Colclough,Melvin Marxen,Central,GTX Pro,,,Prospecting,,,4821.0,Engajar,2,50.9,ampla,50,24.6,,72.0,Seu histórico em GTX Pro é 26 de 50 (52%) — abaixo da sua média (58%) e da geral (63%).,Sem data de engajamento: não há sinal de tempo. Score usa só encaixe e valor.,GTX Pro: USD 4.821 em jogo — 3º produto mais caro dos 7.,
6IO91583,Versie Hillebrand,Dustin Brinkmann,Central,GTX Plus Basic,,,Prospecting,,,1096.0,Engajar,2,50.0,pequena,8,52.5,,48.0,Seu histórico em GTX Plus Basic é 4 de 8 (50%). Base pequena: o score usa 64% (puxado para a sua média de 67%).,Sem data de engajamento: não há sinal de tempo. Score usa só encaixe e valor.,GTX Plus Basic: USD 1.096 em jogo — 5º produto mais caro dos 7.,
C5B5WBY9,Versie Hillebrand,Dustin Brinkmann,Central,GTX Plus Basic,Sumace,retail,Prospecting,,,1096.0,Engajar,2,50.0,pequena,8,52.5,,48.0,Seu histórico em GTX Plus Basic é 4 de 8 (50%). Base pequena: o score usa 64% (puxado para a sua média de 67%).,Sem data de engajamento: não há sinal de tempo. Score usa só encaixe e valor.,GTX Plus Basic: USD 1.096 em jogo — 5º produto mais caro dos 7.,
2NO97U9Z,Marty Freudenburg,Melvin Marxen,Central,MG Advanced,,,Prospecting,,,3393.0,Engajar,2,49.7,média,41,28.0,,67.0,Seu histórico em MG Advanced é 20 de 41 (49%) — abaixo da sua média (63%) e da geral (63%).,Sem data de engajamento: não há sinal de tempo. Score usa só encaixe e valor.,MG Advanced: USD 3.393 em jogo — 4º produto mais caro dos 7.,
7KQAH6UI,Marty Freudenburg,Melvin Marxen,Central,MG Advanced,,,Prospecting,,,3393.0,Engajar,2,49.7,média,41,28.0,,67.0,Seu histórico em MG Advanced é 20 de 41 (49%) — abaixo da sua média (63%) e da geral (63%).,Sem data de engajamento: não há sinal de tempo. Score usa só encaixe e valor.,MG Advanced: USD 3.393 em jogo — 4º produto mais caro dos 7.,
94DGJSLN,Jonathan Berthelot,Melvin Marxen,Central,GTX Plus Basic,,,Prospecting,,,1096.0,Engajar,2,49.7,ampla,54,51.9,,48.0,Você fecha GTX Plus Basic em 34 de 54 deals (63%) — acima da média geral (63%).,Sem data de engajamento: não há sinal de tempo. Score usa só encaixe e valor.,GTX Plus Basic: USD 1.096 em jogo — 5º produto mais caro dos 7.,
A8PVW8RI,Marty Freudenburg,Melvin Marxen,Central,MG Advanced,Condax,medical,Prospecting,,,3393.0,Engajar,2,49.7,média,41,28.0,,67.0,Seu histórico em MG Advanced é 20 de 41 (49%) — abaixo da sua média (63%) e da geral (63%).,Sem data de engajamento: não há sinal de tempo. Score usa só encaixe e valor.,MG Advanced: USD 3.393 em jogo — 4º produto mais caro dos 7.,
AP74NF6M,Marty Freudenburg,Melvin Marxen,Central,MG Advanced,Iselectrics,technology,Prospecting,,,3393.0,Engajar,2,49.7,média,41,28.0,,67.0,Seu histórico em MG Advanced é 20 de 41 (49%) — abaixo da sua média (63%) e da geral (63%).,Sem data de engajamento: não há sinal de tempo. Score usa só encaixe e valor.,MG Advanced: USD 3.393 em jogo — 4º produto mais caro dos 7.,
ARBTXSEH,Jonathan Berthelot,Melvin Marxen,Central,GTX Plus Basic,Globex Corporation,technology,Prospecting,,,1096.0,Engajar,2,49.7,ampla,54,51.9,,48.0,Você fecha GTX Plus Basic em 34 de 54 deals (63%) — acima da média geral (63%).,Sem data de engajamento: não há sinal de tempo. Score usa só encaixe e valor.,GTX Plus Basic: USD 1.096 em jogo — 5º produto mais caro dos 7.,
B2YZJ212,Jonathan Berthelot,Melvin Marxen,Central,GTX Plus Basic,,,Prospecting,,,1096.0,Engajar,2,49.7,ampla,54,51.9,,48.0,Você fecha GTX Plus Basic em 34 de 54 deals (63%) — acima da média geral (63%).,Sem data de engajamento: não há sinal de tempo. Score usa só encaixe e valor.,GTX Plus Basic: USD 1.096 em jogo — 5º produto mais caro dos 7.,
BKI3OLP8,Marty Freudenburg,Melvin Marxen,Central,MG Advanced,,,Prospecting,,,3393.0,Engajar,2,49.7,média,41,28.0,,67.0,Seu histórico em MG Advanced é 20 de 41 (49%) — abaixo da sua média (63%) e da geral (63%).,Sem data de engajamento: não há sinal de tempo. Score usa só encaixe e valor.,MG Advanced: USD 3.393 em jogo — 4º produto mais caro dos 7.,
F1NWH30L,Marty Freudenburg,Melvin Marxen,Central,MG Advanced,,,Prospecting,,,3393.0,Engajar,2,49.7,média,41,28.0,,67.0,Seu histórico em MG Advanced é 20 de 41 (49%) — abaixo da sua média (63%) e da geral (63%).,Sem data de engajamento: não há sinal de tempo. Score usa só encaixe e valor.,MG Advanced: USD 3.393 em jogo — 4º produto mais caro dos 7.,
IRTO8ZJW,Jonathan Berthelot,Melvin Marxen,Central,GTX Plus Basic,,,Prospecting,,,1096.0,Engajar,2,49.7,ampla,54,51.9,,48.0,Você fecha GTX Plus Basic em 34 de 54 deals (63%) — acima da média geral (63%).,Sem data de engajamento: não há sinal de tempo. Score usa só encaixe e valor.,GTX Plus Basic: USD 1.096 em jogo — 5º produto mais caro dos 7.,
KTSP63I0,Marty Freudenburg,Melvin Marxen,Central,MG Advanced,,,Prospecting,,,3393.0,Engajar,2,49.7,média,41,28.0,,67.0,Seu histórico em MG Advanced é 20 de 41 (49%) — abaixo da sua média (63%) e da geral (63%).,Sem data de engajamento: não há sinal de tempo. Score usa só encaixe e valor.,MG Advanced: USD 3.393 em jogo — 4º produto mais caro dos 7.,
MI3MV7PU,Marty Freudenburg,Melvin Marxen,Central,MG Advanced,Acme Corporation,technology,Prospecting,,,3393.0,Engajar,2,49.7,média,41,28.0,,67.0,Seu histórico em MG Advanced é 20 de 41 (49%) — abaixo da sua média (63%) e da geral (63%).,Sem data de engajamento: não há sinal de tempo. Score usa só encaixe e valor.,MG Advanced: USD 3.393 em jogo — 4º produto mais caro dos 7.,
P4D8H19O,Jonathan Berthelot,Melvin Marxen,Central,GTX Plus Basic,Isdom,medical,Prospecting,,,1096.0,Engajar,2,49.7,ampla,54,51.9,,48.0,Você fecha GTX Plus Basic em 34 de 54 deals (63%) — acima da média geral (63%).,Sem data de engajamento: não há sinal de tempo. Score usa só encaixe e valor.,GTX Plus Basic: USD 1.096 em jogo — 5º produto mais caro dos 7.,
S4V0T890,Marty Freudenburg,Melvin Marxen,Central,MG Advanced,Finjob,employment,Prospecting,,,3393.0,Engajar,2,49.7,média,41,28.0,,67.0,Seu histórico em MG Advanced é 20 de 41 (49%) — abaixo da sua média (63%) e da geral (63%).,Sem data de engajamento: não há sinal de tempo. Score usa só encaixe e valor.,MG Advanced: USD 3.393 em jogo — 4º produto mais caro dos 7.,
UD1GNRL4,Jonathan Berthelot,Melvin Marxen,Central,GTX Plus Basic,,,Prospecting,,,1096.0,Engajar,2,49.7,ampla,54,51.9,,48.0,Você fecha GTX Plus Basic em 34 de 54 deals (63%) — acima da média geral (63%).,Sem data de engajamento: não há sinal de tempo. Score usa só encaixe e valor.,GTX Plus Basic: USD 1.096 em jogo — 5º produto mais caro dos 7.,
WJ7HDR4Q,Marty Freudenburg,Melvin Marxen,Central,MG Advanced,,,Prospecting,,,3393.0,Engajar,2,49.7,média,41,28.0,,67.0,Seu histórico em MG Advanced é 20 de 41 (49%) — abaixo da sua média (63%) e da geral (63%).,Sem data de engajamento: não há sinal de tempo. Score usa só encaixe e valor.,MG Advanced: USD 3.393 em jogo — 4º produto mais caro dos 7.,
0PXJYUT7,Niesha Huffines,Melvin Marxen,Central,GTX Plus Basic,,,Prospecting,,,1096.0,Engajar,2,48.4,ampla,54,49.0,,48.0,Seu histórico em GTX Plus Basic é 35 de 54 (65%) — abaixo da média geral (63%).,Sem data de engajamento: não há sinal de tempo. Score usa só encaixe e valor.,GTX Plus Basic: USD 1.096 em jogo — 5º produto mais caro dos 7.,
52WACRCG,Niesha Huffines,Melvin Marxen,Central,GTX Plus Basic,,,Prospecting,,,1096.0,Engajar,2,48.4,ampla,54,49.0,,48.0,Seu histórico em GTX Plus Basic é 35 de 54 (65%) — abaixo da média geral (63%).,Sem data de engajamento: não há sinal de tempo. Score usa só encaixe e valor.,GTX Plus Basic: USD 1.096 em jogo — 5º produto mais caro dos 7.,
D45LXDPW,Niesha Huffines,Melvin Marxen,Central,GTX Plus Basic,,,Prospecting,,,1096.0,Engajar,2,48.4,ampla,54,49.0,,48.0,Seu histórico em GTX Plus Basic é 35 de 54 (65%) — abaixo da média geral (63%).,Sem data de engajamento: não há sinal de tempo. Score usa só encaixe e valor.,GTX Plus Basic: USD 1.096 em jogo — 5º produto mais caro dos 7.,
E0S2ZL6X,Niesha Huffines,Melvin Marxen,Central,GTX Plus Basic,Streethex,retail,Prospecting,,,1096.0,Engajar,2,48.4,ampla,54,49.0,,48.0,Seu histórico em GTX Plus Basic é 35 de 54 (65%) — abaixo da média geral (63%).,Sem data de engajamento: não há sinal de tempo. Score usa só encaixe e valor.,GTX Plus Basic: USD 1.096 em jogo — 5º produto mais caro dos 7.,
MNCY3CKD,Niesha Huffines,Melvin Marxen,Central,GTX Plus Basic,Nam-zim,services,Prospecting,,,1096.0,Engajar,2,48.4,ampla,54,49.0,,48.0,Seu histórico em GTX Plus Basic é 35 de 54 (65%) — abaixo da média geral (63%).,Sem data de engajamento: não há sinal de tempo. Score usa só encaixe e valor.,GTX Plus Basic: USD 1.096 em jogo — 5º produto mais caro dos 7.,
XT9QCG8T,Niesha Huffines,Melvin Marxen,Central,GTX Plus Basic,Zoomit,entertainment,Prospecting,,,1096.0,Engajar,2,48.4,ampla,54,49.0,,48.0,Seu histórico em GTX Plus Basic é 35 de 54 (65%) — abaixo da média geral (63%).,Sem data de engajamento: não há sinal de tempo. Score usa só encaixe e valor.,GTX Plus Basic: USD 1.096 em jogo — 5º produto mais caro dos 7.,
0HR4TEU4,Marty Freudenburg,Melvin Marxen,Central,GTX Plus Basic,Plussunin,retail,Prospecting,,,1096.0,Engajar,2,48.2,ampla,56,48.5,,48.0,Seu histórico em GTX Plus Basic é 35 de 56 (62%) — abaixo da sua média (63%) e da geral (63%).,Sem data de engajamento: não há sinal de tempo. Score usa só encaixe e valor.,GTX Plus Basic: USD 1.096 em jogo — 5º produto mais caro dos 7.,
465ZW6J2,Marty Freudenburg,Melvin Marxen,Central,GTX Plus Basic,,,Prospecting,,,1096.0,Engajar,2,48.2,ampla,56,48.5,,48.0,Seu histórico em GTX Plus Basic é 35 de 56 (62%) — abaixo da sua média (63%) e da geral (63%).,Sem data de engajamento: não há sinal de tempo. Score usa só encaixe e valor.,GTX Plus Basic: USD 1.096 em jogo — 5º produto mais caro dos 7.,
6Z6DMG2V,Marty Freudenburg,Melvin Marxen,Central,GTX Plus Basic,,,Prospecting,,,1096.0,Engajar,2,48.2,ampla,56,48.5,,48.0,Seu histórico em GTX Plus Basic é 35 de 56 (62%) — abaixo da sua média (63%) e da geral (63%).,Sem data de engajamento: não há sinal de tempo. Score usa só encaixe e valor.,GTX Plus Basic: USD 1.096 em jogo — 5º produto mais caro dos 7.,
BZ96Z7AI,Marty Freudenburg,Melvin Marxen,Central,GTX Plus Basic,,,Prospecting,,,1096.0,Engajar,2,48.2,ampla,56,48.5,,48.0,Seu histórico em GTX Plus Basic é 35 de 56 (62%) — abaixo da sua média (63%) e da geral (63%).,Sem data de engajamento: não há sinal de tempo. Score usa só encaixe e valor.,GTX Plus Basic: USD 1.096 em jogo — 5º produto mais caro dos 7.,
EABYCHB3,Marty Freudenburg,Melvin Marxen,Central,GTX Plus Basic,,,Prospecting,,,1096.0,Engajar,2,48.2,ampla,56,48.5,,48.0,Seu histórico em GTX Plus Basic é 35 de 56 (62%) — abaixo da sua média (63%) e da geral (63%).,Sem data de engajamento: não há sinal de tempo. Score usa só encaixe e valor.,GTX Plus Basic: USD 1.096 em jogo — 5º produto mais caro dos 7.,
FMRVHL9O,Marty Freudenburg,Melvin Marxen,Central,GTX Plus Basic,Toughzap,retail,Prospecting,,,1096.0,Engajar,2,48.2,ampla,56,48.5,,48.0,Seu histórico em GTX Plus Basic é 35 de 56 (62%) — abaixo da sua média (63%) e da geral (63%).,Sem data de engajamento: não há sinal de tempo. Score usa só encaixe e valor.,GTX Plus Basic: USD 1.096 em jogo — 5º produto mais caro dos 7.,
I43F0Z77,Marty Freudenburg,Melvin Marxen,Central,GTX Plus Basic,Betasoloin,medical,Prospecting,,,1096.0,Engajar,2,48.2,ampla,56,48.5,,48.0,Seu histórico em GTX Plus Basic é 35 de 56 (62%) — abaixo da sua média (63%) e da geral (63%).,Sem data de engajamento: não há sinal de tempo. Score usa só encaixe e valor.,GTX Plus Basic: USD 1.096 em jogo — 5º produto mais caro dos 7.,
KOPIWJO5,Marty Freudenburg,Melvin Marxen,Central,GTX Plus Basic,,,Prospecting,,,1096.0,Engajar,2,48.2,ampla,56,48.5,,48.0,Seu histórico em GTX Plus Basic é 35 de 56 (62%) — abaixo da sua média (63%) e da geral (63%).,Sem data de engajamento: não há sinal de tempo. Score usa só encaixe e valor.,GTX Plus Basic: USD 1.096 em jogo — 5º produto mais caro dos 7.,
O8JCYJSV,Marty Freudenburg,Melvin Marxen,Central,GTX Plus Basic,Silis,medical,Prospecting,,,1096.0,Engajar,2,48.2,ampla,56,48.5,,48.0,Seu histórico em GTX Plus Basic é 35 de 56 (62%) — abaixo da sua média (63%) e da geral (63%).,Sem data de engajamento: não há sinal de tempo. Score usa só encaixe e valor.,GTX Plus Basic: USD 1.096 em jogo — 5º produto mais caro dos 7.,
QY7GTG6Y,Marty Freudenburg,Melvin Marxen,Central,GTX Plus Basic,,,Prospecting,,,1096.0,Engajar,2,48.2,ampla,56,48.5,,48.0,Seu histórico em GTX Plus Basic é 35 de 56 (62%) — abaixo da sua média (63%) e da geral (63%).,Sem data de engajamento: não há sinal de tempo. Score usa só encaixe e valor.,GTX Plus Basic: USD 1.096 em jogo — 5º produto mais caro dos 7.,
VUFZB941,Marty Freudenburg,Melvin Marxen,Central,GTX Plus Basic,,,Prospecting,,,1096.0,Engajar,2,48.2,ampla,56,48.5,,48.0,Seu histórico em GTX Plus Basic é 35 de 56 (62%) — abaixo da sua média (63%) e da geral (63%).,Sem data de engajamento: não há sinal de tempo. Score usa só encaixe e valor.,GTX Plus Basic: USD 1.096 em jogo — 5º produto mais caro dos 7.,
VZ28EXFN,Marty Freudenburg,Melvin Marxen,Central,GTX Plus Basic,,,Prospecting,,,1096.0,Engajar,2,48.2,ampla,56,48.5,,48.0,Seu histórico em GTX Plus Basic é 35 de 56 (62%) — abaixo da sua média (63%) e da geral (63%).,Sem data de engajamento: não há sinal de tempo. Score usa só encaixe e valor.,GTX Plus Basic: USD 1.096 em jogo — 5º produto mais caro dos 7.,
YMI68O7S,Marty Freudenburg,Melvin Marxen,Central,GTX Plus Basic,Zumgoity,medical,Prospecting,,,1096.0,Engajar,2,48.2,ampla,56,48.5,,48.0,Seu histórico em GTX Plus Basic é 35 de 56 (62%) — abaixo da sua média (63%) e da geral (63%).,Sem data de engajamento: não há sinal de tempo. Score usa só encaixe e valor.,GTX Plus Basic: USD 1.096 em jogo — 5º produto mais caro dos 7.,
YYMKOAVY,Marty Freudenburg,Melvin Marxen,Central,GTX Plus Basic,Donquadtech,technology,Prospecting,,,1096.0,Engajar,2,48.2,ampla,56,48.5,,48.0,Seu histórico em GTX Plus Basic é 35 de 56 (62%) — abaixo da sua média (63%) e da geral (63%).,Sem data de engajamento: não há sinal de tempo. Score usa só encaixe e valor.,GTX Plus Basic: USD 1.096 em jogo — 5º produto mais caro dos 7.,
38K5251H,Cecily Lampkin,Dustin Brinkmann,Central,GTX Basic,Fasehatice,retail,Prospecting,,,550.0,Engajar,2,47.3,média,24,60.2,,37.0,Você fecha GTX Basic em 16 de 24 deals (67%) — acima da média geral (63%).,Sem data de engajamento: não há sinal de tempo. Score usa só encaixe e valor.,GTX Basic: USD 550 em jogo — 6º produto mais caro dos 7.,
QR63ME8L,Cecily Lampkin,Dustin Brinkmann,Central,GTX Basic,,,Prospecting,,,550.0,Engajar,2,47.3,média,24,60.2,,37.0,Você fecha GTX Basic em 16 de 24 deals (67%) — acima da média geral (63%).,Sem data de engajamento: não há sinal de tempo. Score usa só encaixe e valor.,GTX Basic: USD 550 em jogo — 6º produto mais caro dos 7.,
5Q2BX622,Anna Snelling,Dustin Brinkmann,Central,MG Advanced,Inity,marketing,Prospecting,,,3393.0,Engajar,2,47.0,média,45,22.1,,67.0,Seu histórico em MG Advanced é 21 de 45 (47%) — abaixo da sua média (62%) e da geral (63%).,Sem data de engajamento: não há sinal de tempo. Score usa só encaixe e valor.,MG Advanced: USD 3.393 em jogo — 4º produto mais caro dos 7.,
5TGQL49J,Anna Snelling,Dustin Brinkmann,Central,MG Advanced,,,Prospecting,,,3393.0,Engajar,2,47.0,média,45,22.1,,67.0,Seu histórico em MG Advanced é 21 de 45 (47%) — abaixo da sua média (62%) e da geral (63%).,Sem data de engajamento: não há sinal de tempo. Score usa só encaixe e valor.,MG Advanced: USD 3.393 em jogo — 4º produto mais caro dos 7.,
BG0BLC6S,Anna Snelling,Dustin Brinkmann,Central,MG Advanced,Fasehatice,retail,Prospecting,,,3393.0,Engajar,2,47.0,média,45,22.1,,67.0,Seu histórico em MG Advanced é 21 de 45 (47%) — abaixo da sua média (62%) e da geral (63%).,Sem data de engajamento: não há sinal de tempo. Score usa só encaixe e valor.,MG Advanced: USD 3.393 em jogo — 4º produto mais caro dos 7.,
D382N39B,Anna Snelling,Dustin Brinkmann,Central,MG Advanced,,,Prospecting,,,3393.0,Engajar,2,47.0,média,45,22.1,,67.0,Seu histórico em MG Advanced é 21 de 45 (47%) — abaixo da sua média (62%) e da geral (63%).,Sem data de engajamento: não há sinal de tempo. Score usa só encaixe e valor.,MG Advanced: USD 3.393 em jogo — 4º produto mais caro dos 7.,
FEEOZHT8,Anna Snelling,Dustin Brinkmann,Central,MG Advanced,,,Prospecting,,,3393.0,Engajar,2,47.0,média,45,22.1,,67.0,Seu histórico em MG Advanced é 21 de 45 (47%) — abaixo da sua média (62%) e da geral (63%).,Sem data de engajamento: não há sinal de tempo. Score usa só encaixe e valor.,MG Advanced: USD 3.393 em jogo — 4º produto mais caro dos 7.,
I8NC3RFB,Anna Snelling,Dustin Brinkmann,Central,MG Advanced,,,Prospecting,,,3393.0,Engajar,2,47.0,média,45,22.1,,67.0,Seu histórico em MG Advanced é 21 de 45 (47%) — abaixo da sua média (62%) e da geral (63%).,Sem data de engajamento: não há sinal de tempo. Score usa só encaixe e valor.,MG Advanced: USD 3.393 em jogo — 4º produto mais caro dos 7.,
OEG8QG42,Anna Snelling,Dustin Brinkmann,Central,MG Advanced,Bioplex,medical,Prospecting,,,3393.0,Engajar,2,47.0,média,45,22.1,,67.0,Seu histórico em MG Advanced é 21 de 45 (47%) — abaixo da sua média (62%) e da geral (63%).,Sem data de engajamento: não há sinal de tempo. Score usa só encaixe e valor.,MG Advanced: USD 3.393 em jogo — 4º produto mais caro dos 7.,
OH0HJ6KK,Anna Snelling,Dustin Brinkmann,Central,MG Advanced,,,Prospecting,,,3393.0,Engajar,2,47.0,média,45,22.1,,67.0,Seu histórico em MG Advanced é 21 de 45 (47%) — abaixo da sua média (62%) e da geral (63%).,Sem data de engajamento: não há sinal de tempo. Score usa só encaixe e valor.,MG Advanced: USD 3.393 em jogo — 4º produto mais caro dos 7.,
RSY2XLKK,Anna Snelling,Dustin Brinkmann,Central,MG Advanced,Streethex,retail,Prospecting,,,3393.0,Engajar,2,47.0,média,45,22.1,,67.0,Seu histórico em MG Advanced é 21 de 45 (47%) — abaixo da sua média (62%) e da geral (63%).,Sem data de engajamento: não há sinal de tempo. Score usa só encaixe e valor.,MG Advanced: USD 3.393 em jogo — 4º produto mais caro dos 7.,
WTD6O2OR,Anna Snelling,Dustin Brinkmann,Central,MG Advanced,Betasoloin,medical,Prospecting,,,3393.0,Engajar,2,47.0,média,45,22.1,,67.0,Seu histórico em MG Advanced é 21 de 45 (47%) — abaixo da sua média (62%) e da geral (63%).,Sem data de engajamento: não há sinal de tempo. Score usa só encaixe e valor.,MG Advanced: USD 3.393 em jogo — 4º produto mais caro dos 7.,
Y7WAFW9D,Anna Snelling,Dustin Brinkmann,Central,MG Advanced,,,Prospecting,,,3393.0,Engajar,2,47.0,média,45,22.1,,67.0,Seu histórico em MG Advanced é 21 de 45 (47%) — abaixo da sua média (62%) e da geral (63%).,Sem data de engajamento: não há sinal de tempo. Score usa só encaixe e valor.,MG Advanced: USD 3.393 em jogo — 4º produto mais caro dos 7.,
YYUJ1DCF,Anna Snelling,Dustin Brinkmann,Central,MG Advanced,,,Prospecting,,,3393.0,Engajar,2,47.0,média,45,22.1,,67.0,Seu histórico em MG Advanced é 21 de 45 (47%) — abaixo da sua média (62%) e da geral (63%).,Sem data de engajamento: não há sinal de tempo. Score usa só encaixe e valor.,MG Advanced: USD 3.393 em jogo — 4º produto mais caro dos 7.,
2G5ZMOYC,Versie Hillebrand,Dustin Brinkmann,Central,GTX Basic,Scottech,marketing,Prospecting,,,550.0,Engajar,2,46.7,média,20,58.8,,37.0,Você fecha GTX Basic em 13 de 20 deals (65%) — acima da média geral (63%).,Sem data de engajamento: não há sinal de tempo. Score usa só encaixe e valor.,GTX Basic: USD 550 em jogo — 6º produto mais caro dos 7.,
2TI0MAKP,Versie Hillebrand,Dustin Brinkmann,Central,GTX Basic,Lexiqvolax,medical,Prospecting,,,550.0,Engajar,2,46.7,média,20,58.8,,37.0,Você fecha GTX Basic em 13 de 20 deals (65%) — acima da média geral (63%).,Sem data de engajamento: não há sinal de tempo. Score usa só encaixe e valor.,GTX Basic: USD 550 em jogo — 6º produto mais caro dos 7.,
2WWMPY7O,Versie Hillebrand,Dustin Brinkmann,Central,GTX Basic,,,Prospecting,,,550.0,Engajar,2,46.7,média,20,58.8,,37.0,Você fecha GTX Basic em 13 de 20 deals (65%) — acima da média geral (63%).,Sem data de engajamento: não há sinal de tempo. Score usa só encaixe e valor.,GTX Basic: USD 550 em jogo — 6º produto mais caro dos 7.,
EPOB4B15,Versie Hillebrand,Dustin Brinkmann,Central,GTX Basic,,,Prospecting,,,550.0,Engajar,2,46.7,média,20,58.8,,37.0,Você fecha GTX Basic em 13 de 20 deals (65%) — acima da média geral (63%).,Sem data de engajamento: não há sinal de tempo. Score usa só encaixe e valor.,GTX Basic: USD 550 em jogo — 6º produto mais caro dos 7.,
FNLAOXF8,Versie Hillebrand,Dustin Brinkmann,Central,GTX Basic,,,Prospecting,,,550.0,Engajar,2,46.7,média,20,58.8,,37.0,Você fecha GTX Basic em 13 de 20 deals (65%) — acima da média geral (63%).,Sem data de engajamento: não há sinal de tempo. Score usa só encaixe e valor.,GTX Basic: USD 550 em jogo — 6º produto mais caro dos 7.,
Z6VQW8TB,Versie Hillebrand,Dustin Brinkmann,Central,GTX Basic,,,Prospecting,,,550.0,Engajar,2,46.7,média,20,58.8,,37.0,Você fecha GTX Basic em 13 de 20 deals (65%) — acima da média geral (63%).,Sem data de engajamento: não há sinal de tempo. Score usa só encaixe e valor.,GTX Basic: USD 550 em jogo — 6º produto mais caro dos 7.,
ZHPJ73Q6,Versie Hillebrand,Dustin Brinkmann,Central,GTX Basic,Inity,marketing,Prospecting,,,550.0,Engajar,2,46.7,média,20,58.8,,37.0,Você fecha GTX Basic em 13 de 20 deals (65%) — acima da média geral (63%).,Sem data de engajamento: não há sinal de tempo. Score usa só encaixe e valor.,GTX Basic: USD 550 em jogo — 6º produto mais caro dos 7.,
03P9VXWG,Darcel Schlecht,Melvin Marxen,Central,GTX Basic,,,Prospecting,,,550.0,Engajar,2,46.4,ampla,53,58.1,,37.0,Você fecha GTX Basic em 36 de 53 deals (68%) — acima da média geral (63%).,Sem data de engajamento: não há sinal de tempo. Score usa só encaixe e valor.,GTX Basic: USD 550 em jogo — 6º produto mais caro dos 7.,
5ZATE1WV,Darcel Schlecht,Melvin Marxen,Central,GTX Basic,,,Prospecting,,,550.0,Engajar,2,46.4,ampla,53,58.1,,37.0,Você fecha GTX Basic em 36 de 53 deals (68%) — acima da média geral (63%).,Sem data de engajamento: não há sinal de tempo. Score usa só encaixe e valor.,GTX Basic: USD 550 em jogo — 6º produto mais caro dos 7.,
9L0WKMJ2,Darcel Schlecht,Melvin Marxen,Central,GTX Basic,,,Prospecting,,,550.0,Engajar,2,46.4,ampla,53,58.1,,37.0,Você fecha GTX Basic em 36 de 53 deals (68%) — acima da média geral (63%).,Sem data de engajamento: não há sinal de tempo. Score usa só encaixe e valor.,GTX Basic: USD 550 em jogo — 6º produto mais caro dos 7.,
CAONNFXN,Darcel Schlecht,Melvin Marxen,Central,GTX Basic,Kinnamplus,retail,Prospecting,,,550.0,Engajar,2,46.4,ampla,53,58.1,,37.0,Você fecha GTX Basic em 36 de 53 deals (68%) — acima da média geral (63%).,Sem data de engajamento: não há sinal de tempo. Score usa só encaixe e valor.,GTX Basic: USD 550 em jogo — 6º produto mais caro dos 7.,
CPEYUW7V,Darcel Schlecht,Melvin Marxen,Central,GTX Basic,,,Prospecting,,,550.0,Engajar,2,46.4,ampla,53,58.1,,37.0,Você fecha GTX Basic em 36 de 53 deals (68%) — acima da média geral (63%).,Sem data de engajamento: não há sinal de tempo. Score usa só encaixe e valor.,GTX Basic: USD 550 em jogo — 6º produto mais caro dos 7.,
LEJWV2Y5,Darcel Schlecht,Melvin Marxen,Central,GTX Basic,Donquadtech,technology,Prospecting,,,550.0,Engajar,2,46.4,ampla,53,58.1,,37.0,Você fecha GTX Basic em 36 de 53 deals (68%) — acima da média geral (63%).,Sem data de engajamento: não há sinal de tempo. Score usa só encaixe e valor.,GTX Basic: USD 550 em jogo — 6º produto mais caro dos 7.,
R1HFBU5H,Darcel Schlecht,Melvin Marxen,Central,GTX Basic,,,Prospecting,,,550.0,Engajar,2,46.4,ampla,53,58.1,,37.0,Você fecha GTX Basic em 36 de 53 deals (68%) — acima da média geral (63%).,Sem data de engajamento: não há sinal de tempo. Score usa só encaixe e valor.,GTX Basic: USD 550 em jogo — 6º produto mais caro dos 7.,
R8V3ALA8,Darcel Schlecht,Melvin Marxen,Central,GTX Basic,Konmatfix,marketing,Prospecting,,,550.0,Engajar,2,46.4,ampla,53,58.1,,37.0,Você fecha GTX Basic em 36 de 53 deals (68%) — acima da média geral (63%).,Sem data de engajamento: não há sinal de tempo. Score usa só encaixe e valor.,GTX Basic: USD 550 em jogo — 6º produto mais caro dos 7.,
RMJG8OS2,Darcel Schlecht,Melvin Marxen,Central,GTX Basic,,,Prospecting,,,550.0,Engajar,2,46.4,ampla,53,58.1,,37.0,Você fecha GTX Basic em 36 de 53 deals (68%) — acima da média geral (63%).,Sem data de engajamento: não há sinal de tempo. Score usa só encaixe e valor.,GTX Basic: USD 550 em jogo — 6º produto mais caro dos 7.,
3TMNC3GW,Lajuana Vencill,Dustin Brinkmann,Central,MG Advanced,Kinnamplus,retail,Prospecting,,,3393.0,Engajar,2,45.2,ampla,55,18.0,,67.0,Seu histórico em MG Advanced é 28 de 55 (51%) — abaixo da sua média (55%) e da geral (63%).,Sem data de engajamento: não há sinal de tempo. Score usa só encaixe e valor.,MG Advanced: USD 3.393 em jogo — 4º produto mais caro dos 7.,
44JDHBI8,Lajuana Vencill,Dustin Brinkmann,Central,MG Advanced,,,Prospecting,,,3393.0,Engajar,2,45.2,ampla,55,18.0,,67.0,Seu histórico em MG Advanced é 28 de 55 (51%) — abaixo da sua média (55%) e da geral (63%).,Sem data de engajamento: não há sinal de tempo. Score usa só encaixe e valor.,MG Advanced: USD 3.393 em jogo — 4º produto mais caro dos 7.,
4V17GRKW,Lajuana Vencill,Dustin Brinkmann,Central,MG Advanced,,,Prospecting,,,3393.0,Engajar,2,45.2,ampla,55,18.0,,67.0,Seu histórico em MG Advanced é 28 de 55 (51%) — abaixo da sua média (55%) e da geral (63%).,Sem data de engajamento: não há sinal de tempo. Score usa só encaixe e valor.,MG Advanced: USD 3.393 em jogo — 4º produto mais caro dos 7.,
4XQ43RJW,Lajuana Vencill,Dustin Brinkmann,Central,MG Advanced,,,Prospecting,,,3393.0,Engajar,2,45.2,ampla,55,18.0,,67.0,Seu histórico em MG Advanced é 28 de 55 (51%) — abaixo da sua média (55%) e da geral (63%).,Sem data de engajamento: não há sinal de tempo. Score usa só encaixe e valor.,MG Advanced: USD 3.393 em jogo — 4º produto mais caro dos 7.,
94ZZLWOH,Lajuana Vencill,Dustin Brinkmann,Central,MG Advanced,,,Prospecting,,,3393.0,Engajar,2,45.2,ampla,55,18.0,,67.0,Seu histórico em MG Advanced é 28 de 55 (51%) — abaixo da sua média (55%) e da geral (63%).,Sem data de engajamento: não há sinal de tempo. Score usa só encaixe e valor.,MG Advanced: USD 3.393 em jogo — 4º produto mais caro dos 7.,
EOJHYLXG,Lajuana Vencill,Dustin Brinkmann,Central,MG Advanced,,,Prospecting,,,3393.0,Engajar,2,45.2,ampla,55,18.0,,67.0,Seu histórico em MG Advanced é 28 de 55 (51%) — abaixo da sua média (55%) e da geral (63%).,Sem data de engajamento: não há sinal de tempo. Score usa só encaixe e valor.,MG Advanced: USD 3.393 em jogo — 4º produto mais caro dos 7.,
KKUHAY4O,Lajuana Vencill,Dustin Brinkmann,Central,MG Advanced,,,Prospecting,,,3393.0,Engajar,2,45.2,ampla,55,18.0,,67.0,Seu histórico em MG Advanced é 28 de 55 (51%) — abaixo da sua média (55%) e da geral (63%).,Sem data de engajamento: não há sinal de tempo. Score usa só encaixe e valor.,MG Advanced: USD 3.393 em jogo — 4º produto mais caro dos 7.,
MJK3UJ1B,Lajuana Vencill,Dustin Brinkmann,Central,MG Advanced,,,Prospecting,,,3393.0,Engajar,2,45.2,ampla,55,18.0,,67.0,Seu histórico em MG Advanced é 28 de 55 (51%) — abaixo da sua média (55%) e da geral (63%).,Sem data de engajamento: não há sinal de tempo. Score usa só encaixe e valor.,MG Advanced: USD 3.393 em jogo — 4º produto mais caro dos 7.,
NDJBDONI,Lajuana Vencill,Dustin Brinkmann,Central,MG Advanced,,,Prospecting,,,3393.0,Engajar,2,45.2,ampla,55,18.0,,67.0,Seu histórico em MG Advanced é 28 de 55 (51%) — abaixo da sua média (55%) e da geral (63%).,Sem data de engajamento: não há sinal de tempo. Score usa só encaixe e valor.,MG Advanced: USD 3.393 em jogo — 4º produto mais caro dos 7.,
P25KLAD2,Lajuana Vencill,Dustin Brinkmann,Central,MG Advanced,Rangreen,technology,Prospecting,,,3393.0,Engajar,2,45.2,ampla,55,18.0,,67.0,Seu histórico em MG Advanced é 28 de 55 (51%) — abaixo da sua média (55%) e da geral (63%).,Sem data de engajamento: não há sinal de tempo. Score usa só encaixe e valor.,MG Advanced: USD 3.393 em jogo — 4º produto mais caro dos 7.,
ZKJIVMSG,Lajuana Vencill,Dustin Brinkmann,Central,MG Advanced,Finjob,employment,Prospecting,,,3393.0,Engajar,2,45.2,ampla,55,18.0,,67.0,Seu histórico em MG Advanced é 28 de 55 (51%) — abaixo da sua média (55%) e da geral (63%).,Sem data de engajamento: não há sinal de tempo. Score usa só encaixe e valor.,MG Advanced: USD 3.393 em jogo — 4º produto mais caro dos 7.,
0RLU8I9Q,Jonathan Berthelot,Melvin Marxen,Central,GTX Basic,,,Prospecting,,,550.0,Engajar,2,44.8,ampla,110,54.6,,37.0,Você fecha GTX Basic em 71 de 110 deals (65%) — acima da média geral (63%).,Sem data de engajamento: não há sinal de tempo. Score usa só encaixe e valor.,GTX Basic: USD 550 em jogo — 6º produto mais caro dos 7.,
0XVL2UMH,Jonathan Berthelot,Melvin Marxen,Central,GTX Basic,Groovestreet,retail,Prospecting,,,550.0,Engajar,2,44.8,ampla,110,54.6,,37.0,Você fecha GTX Basic em 71 de 110 deals (65%) — acima da média geral (63%).,Sem data de engajamento: não há sinal de tempo. Score usa só encaixe e valor.,GTX Basic: USD 550 em jogo — 6º produto mais caro dos 7.,
22TUMCKT,Jonathan Berthelot,Melvin Marxen,Central,GTX Basic,,,Prospecting,,,550.0,Engajar,2,44.8,ampla,110,54.6,,37.0,Você fecha GTX Basic em 71 de 110 deals (65%) — acima da média geral (63%).,Sem data de engajamento: não há sinal de tempo. Score usa só encaixe e valor.,GTX Basic: USD 550 em jogo — 6º produto mais caro dos 7.,
2BD1SDBX,Jonathan Berthelot,Melvin Marxen,Central,GTX Basic,Vehement Capital Partners,finance,Prospecting,,,550.0,Engajar,2,44.8,ampla,110,54.6,,37.0,Você fecha GTX Basic em 71 de 110 deals (65%) — acima da média geral (63%).,Sem data de engajamento: não há sinal de tempo. Score usa só encaixe e valor.,GTX Basic: USD 550 em jogo — 6º produto mais caro dos 7.,
7UVKZD60,Jonathan Berthelot,Melvin Marxen,Central,GTX Basic,,,Prospecting,,,550.0,Engajar,2,44.8,ampla,110,54.6,,37.0,Você fecha GTX Basic em 71 de 110 deals (65%) — acima da média geral (63%).,Sem data de engajamento: não há sinal de tempo. Score usa só encaixe e valor.,GTX Basic: USD 550 em jogo — 6º produto mais caro dos 7.,
8Y3OMER4,Jonathan Berthelot,Melvin Marxen,Central,GTX Basic,,,Prospecting,,,550.0,Engajar,2,44.8,ampla,110,54.6,,37.0,Você fecha GTX Basic em 71 de 110 deals (65%) — acima da média geral (63%).,Sem data de engajamento: não há sinal de tempo. Score usa só encaixe e valor.,GTX Basic: USD 550 em jogo — 6º produto mais caro dos 7.,
AE3YDLK3,Jonathan Berthelot,Melvin Marxen,Central,GTX Basic,Xx-zobam,entertainment,Prospecting,,,550.0,Engajar,2,44.8,ampla,110,54.6,,37.0,Você fecha GTX Basic em 71 de 110 deals (65%) — acima da média geral (63%).,Sem data de engajamento: não há sinal de tempo. Score usa só encaixe e valor.,GTX Basic: USD 550 em jogo — 6º produto mais caro dos 7.,
C54CWZIT,Jonathan Berthelot,Melvin Marxen,Central,GTX Basic,Zencorporation,technology,Prospecting,,,550.0,Engajar,2,44.8,ampla,110,54.6,,37.0,Você fecha GTX Basic em 71 de 110 deals (65%) — acima da média geral (63%).,Sem data de engajamento: não há sinal de tempo. Score usa só encaixe e valor.,GTX Basic: USD 550 em jogo — 6º produto mais caro dos 7.,
D00AN5HY,Jonathan Berthelot,Melvin Marxen,Central,GTX Basic,,,Prospecting,,,550.0,Engajar,2,44.8,ampla,110,54.6,,37.0,Você fecha GTX Basic em 71 de 110 deals (65%) — acima da média geral (63%).,Sem data de engajamento: não há sinal de tempo. Score usa só encaixe e valor.,GTX Basic: USD 550 em jogo — 6º produto mais caro dos 7.,
DJDJ5A58,Jonathan Berthelot,Melvin Marxen,Central,GTX Basic,,,Prospecting,,,550.0,Engajar,2,44.8,ampla,110,54.6,,37.0,Você fecha GTX Basic em 71 de 110 deals (65%) — acima da média geral (63%).,Sem data de engajamento: não há sinal de tempo. Score usa só encaixe e valor.,GTX Basic: USD 550 em jogo — 6º produto mais caro dos 7.,
E6798P2J,Jonathan Berthelot,Melvin Marxen,Central,GTX Basic,,,Prospecting,,,550.0,Engajar,2,44.8,ampla,110,54.6,,37.0,Você fecha GTX Basic em 71 de 110 deals (65%) — acima da média geral (63%).,Sem data de engajamento: não há sinal de tempo. Score usa só encaixe e valor.,GTX Basic: USD 550 em jogo — 6º produto mais caro dos 7.,
MR08TTTT,Jonathan Berthelot,Melvin Marxen,Central,GTX Basic,,,Prospecting,,,550.0,Engajar,2,44.8,ampla,110,54.6,,37.0,Você fecha GTX Basic em 71 de 110 deals (65%) — acima da média geral (63%).,Sem data de engajamento: não há sinal de tempo. Score usa só encaixe e valor.,GTX Basic: USD 550 em jogo — 6º produto mais caro dos 7.,
NT38RBZY,Jonathan Berthelot,Melvin Marxen,Central,GTX Basic,Gogozoom,telecommunications,Prospecting,,,550.0,Engajar,2,44.8,ampla,110,54.6,,37.0,Você fecha GTX Basic em 71 de 110 deals (65%) — acima da média geral (63%).,Sem data de engajamento: não há sinal de tempo. Score usa só encaixe e valor.,GTX Basic: USD 550 em jogo — 6º produto mais caro dos 7.,
NVH71LD4,Jonathan Berthelot,Melvin Marxen,Central,GTX Basic,,,Prospecting,,,550.0,Engajar,2,44.8,ampla,110,54.6,,37.0,Você fecha GTX Basic em 71 de 110 deals (65%) — acima da média geral (63%).,Sem data de engajamento: não há sinal de tempo. Score usa só encaixe e valor.,GTX Basic: USD 550 em jogo — 6º produto mais caro dos 7.,
OIIFWY81,Jonathan Berthelot,Melvin Marxen,Central,GTX Basic,Conecom,technology,Prospecting,,,550.0,Engajar,2,44.8,ampla,110,54.6,,37.0,Você fecha GTX Basic em 71 de 110 deals (65%) — acima da média geral (63%).,Sem data de engajamento: não há sinal de tempo. Score usa só encaixe e valor.,GTX Basic: USD 550 em jogo — 6º produto mais caro dos 7.,
OQ1P1OLH,Jonathan Berthelot,Melvin Marxen,Central,GTX Basic,,,Prospecting,,,550.0,Engajar,2,44.8,ampla,110,54.6,,37.0,Você fecha GTX Basic em 71 de 110 deals (65%) — acima da média geral (63%).,Sem data de engajamento: não há sinal de tempo. Score usa só encaixe e valor.,GTX Basic: USD 550 em jogo — 6º produto mais caro dos 7.,
TN4KM3D1,Jonathan Berthelot,Melvin Marxen,Central,GTX Basic,Bluth Company,technology,Prospecting,,,550.0,Engajar,2,44.8,ampla,110,54.6,,37.0,Você fecha GTX Basic em 71 de 110 deals (65%) — acima da média geral (63%).,Sem data de engajamento: não há sinal de tempo. Score usa só encaixe e valor.,GTX Basic: USD 550 em jogo — 6º produto mais caro dos 7.,
UFZFCBOS,Jonathan Berthelot,Melvin Marxen,Central,GTX Basic,Lexiqvolax,medical,Prospecting,,,550.0,Engajar,2,44.8,ampla,110,54.6,,37.0,Você fecha GTX Basic em 71 de 110 deals (65%) — acima da média geral (63%).,Sem data de engajamento: não há sinal de tempo. Score usa só encaixe e valor.,GTX Basic: USD 550 em jogo — 6º produto mais caro dos 7.,
UY93W9NZ,Jonathan Berthelot,Melvin Marxen,Central,GTX Basic,,,Prospecting,,,550.0,Engajar,2,44.8,ampla,110,54.6,,37.0,Você fecha GTX Basic em 71 de 110 deals (65%) — acima da média geral (63%).,Sem data de engajamento: não há sinal de tempo. Score usa só encaixe e valor.,GTX Basic: USD 550 em jogo — 6º produto mais caro dos 7.,
WE2CEE8A,Jonathan Berthelot,Melvin Marxen,Central,GTX Basic,Dontechi,software,Prospecting,,,550.0,Engajar,2,44.8,ampla,110,54.6,,37.0,Você fecha GTX Basic em 71 de 110 deals (65%) — acima da média geral (63%).,Sem data de engajamento: não há sinal de tempo. Score usa só encaixe e valor.,GTX Basic: USD 550 em jogo — 6º produto mais caro dos 7.,
XVQ3OA99,Jonathan Berthelot,Melvin Marxen,Central,GTX Basic,,,Prospecting,,,550.0,Engajar,2,44.8,ampla,110,54.6,,37.0,Você fecha GTX Basic em 71 de 110 deals (65%) — acima da média geral (63%).,Sem data de engajamento: não há sinal de tempo. Score usa só encaixe e valor.,GTX Basic: USD 550 em jogo — 6º produto mais caro dos 7.,
ZT163LH3,Jonathan Berthelot,Melvin Marxen,Central,GTX Basic,,,Prospecting,,,550.0,Engajar,2,44.8,ampla,110,54.6,,37.0,Você fecha GTX Basic em 71 de 110 deals (65%) — acima da média geral (63%).,Sem data de engajamento: não há sinal de tempo. Score usa só encaixe e valor.,GTX Basic: USD 550 em jogo — 6º produto mais caro dos 7.,
566X0PLZ,Gladys Colclough,Melvin Marxen,Central,GTX Plus Basic,,,Prospecting,,,1096.0,Engajar,2,44.5,média,29,40.1,,48.0,Seu histórico em GTX Plus Basic é 18 de 29 (62%) — abaixo da média geral (63%).,Sem data de engajamento: não há sinal de tempo. Score usa só encaixe e valor.,GTX Plus Basic: USD 1.096 em jogo — 5º produto mais caro dos 7.,
9P9J2ANM,Gladys Colclough,Melvin Marxen,Central,GTX Plus Basic,,,Prospecting,,,1096.0,Engajar,2,44.5,média,29,40.1,,48.0,Seu histórico em GTX Plus Basic é 18 de 29 (62%) — abaixo da média geral (63%).,Sem data de engajamento: não há sinal de tempo. Score usa só encaixe e valor.,GTX Plus Basic: USD 1.096 em jogo — 5º produto mais caro dos 7.,
EB393LSH,Gladys Colclough,Melvin Marxen,Central,GTX Plus Basic,,,Prospecting,,,1096.0,Engajar,2,44.5,média,29,40.1,,48.0,Seu histórico em GTX Plus Basic é 18 de 29 (62%) — abaixo da média geral (63%).,Sem data de engajamento: não há sinal de tempo. Score usa só encaixe e valor.,GTX Plus Basic: USD 1.096 em jogo — 5º produto mais caro dos 7.,
HWKJ7TFJ,Gladys Colclough,Melvin Marxen,Central,GTX Plus Basic,,,Prospecting,,,1096.0,Engajar,2,44.5,média,29,40.1,,48.0,Seu histórico em GTX Plus Basic é 18 de 29 (62%) — abaixo da média geral (63%).,Sem data de engajamento: não há sinal de tempo. Score usa só encaixe e valor.,GTX Plus Basic: USD 1.096 em jogo — 5º produto mais caro dos 7.,
NXJNQ3Z9,Gladys Colclough,Melvin Marxen,Central,GTX Plus Basic,Plexzap,retail,Prospecting,,,1096.0,Engajar,2,44.5,média,29,40.1,,48.0,Seu histórico em GTX Plus Basic é 18 de 29 (62%) — abaixo da média geral (63%).,Sem data de engajamento: não há sinal de tempo. Score usa só encaixe e valor.,GTX Plus Basic: USD 1.096 em jogo — 5º produto mais caro dos 7.,
OJWGRIXN,Gladys Colclough,Melvin Marxen,Central,GTX Plus Basic,,,Prospecting,,,1096.0,Engajar,2,44.5,média,29,40.1,,48.0,Seu histórico em GTX Plus Basic é 18 de 29 (62%) — abaixo da média geral (63%).,Sem data de engajamento: não há sinal de tempo. Score usa só encaixe e valor.,GTX Plus Basic: USD 1.096 em jogo — 5º produto mais caro dos 7.,
Q62STRQQ,Gladys Colclough,Melvin Marxen,Central,GTX Plus Basic,,,Prospecting,,,1096.0,Engajar,2,44.5,média,29,40.1,,48.0,Seu histórico em GTX Plus Basic é 18 de 29 (62%) — abaixo da média geral (63%).,Sem data de engajamento: não há sinal de tempo. Score usa só encaixe e valor.,GTX Plus Basic: USD 1.096 em jogo — 5º produto mais caro dos 7.,
SFR7RG9V,Gladys Colclough,Melvin Marxen,Central,GTX Plus Basic,,,Prospecting,,,1096.0,Engajar,2,44.5,média,29,40.1,,48.0,Seu histórico em GTX Plus Basic é 18 de 29 (62%) — abaixo da média geral (63%).,Sem data de engajamento: não há sinal de tempo. Score usa só encaixe e valor.,GTX Plus Basic: USD 1.096 em jogo — 5º produto mais caro dos 7.,
TLJWMKEO,Gladys Colclough,Melvin Marxen,Central,GTX Plus Basic,Iselectrics,technology,Prospecting,,,1096.0,Engajar,2,44.5,média,29,40.1,,48.0,Seu histórico em GTX Plus Basic é 18 de 29 (62%) — abaixo da média geral (63%).,Sem data de engajamento: não há sinal de tempo. Score usa só encaixe e valor.,GTX Plus Basic: USD 1.096 em jogo — 5º produto mais caro dos 7.,
4AUWVKUU,Marty Freudenburg,Melvin Marxen,Central,GTX Basic,,,Prospecting,,,550.0,Engajar,2,43.7,média,26,52.1,,37.0,Você fecha GTX Basic em 17 de 26 deals (65%) — acima da média geral (63%).,Sem data de engajamento: não há sinal de tempo. Score usa só encaixe e valor.,GTX Basic: USD 550 em jogo — 6º produto mais caro dos 7.,
9CYYLZ11,Marty Freudenburg,Melvin Marxen,Central,GTX Basic,Stanredtax,finance,Prospecting,,,550.0,Engajar,2,43.7,média,26,52.1,,37.0,Você fecha GTX Basic em 17 de 26 deals (65%) — acima da média geral (63%).,Sem data de engajamento: não há sinal de tempo. Score usa só encaixe e valor.,GTX Basic: USD 550 em jogo — 6º produto mais caro dos 7.,
BW0NOLCK,Marty Freudenburg,Melvin Marxen,Central,GTX Basic,,,Prospecting,,,550.0,Engajar,2,43.7,média,26,52.1,,37.0,Você fecha GTX Basic em 17 de 26 deals (65%) — acima da média geral (63%).,Sem data de engajamento: não há sinal de tempo. Score usa só encaixe e valor.,GTX Basic: USD 550 em jogo — 6º produto mais caro dos 7.,
D00KRY2S,Marty Freudenburg,Melvin Marxen,Central,GTX Basic,,,Prospecting,,,550.0,Engajar,2,43.7,média,26,52.1,,37.0,Você fecha GTX Basic em 17 de 26 deals (65%) — acima da média geral (63%).,Sem data de engajamento: não há sinal de tempo. Score usa só encaixe e valor.,GTX Basic: USD 550 em jogo — 6º produto mais caro dos 7.,
ETJR6FUL,Marty Freudenburg,Melvin Marxen,Central,GTX Basic,Plexzap,retail,Prospecting,,,550.0,Engajar,2,43.7,média,26,52.1,,37.0,Você fecha GTX Basic em 17 de 26 deals (65%) — acima da média geral (63%).,Sem data de engajamento: não há sinal de tempo. Score usa só encaixe e valor.,GTX Basic: USD 550 em jogo — 6º produto mais caro dos 7.,
G7K3HJAT,Marty Freudenburg,Melvin Marxen,Central,GTX Basic,,,Prospecting,,,550.0,Engajar,2,43.7,média,26,52.1,,37.0,Você fecha GTX Basic em 17 de 26 deals (65%) — acima da média geral (63%).,Sem data de engajamento: não há sinal de tempo. Score usa só encaixe e valor.,GTX Basic: USD 550 em jogo — 6º produto mais caro dos 7.,
NBE5EMSV,Marty Freudenburg,Melvin Marxen,Central,GTX Basic,,,Prospecting,,,550.0,Engajar,2,43.7,média,26,52.1,,37.0,Você fecha GTX Basic em 17 de 26 deals (65%) — acima da média geral (63%).,Sem data de engajamento: não há sinal de tempo. Score usa só encaixe e valor.,GTX Basic: USD 550 em jogo — 6º produto mais caro dos 7.,
RGW7PKJ6,Marty Freudenburg,Melvin Marxen,Central,GTX Basic,Xx-zobam,entertainment,Prospecting,,,550.0,Engajar,2,43.7,média,26,52.1,,37.0,Você fecha GTX Basic em 17 de 26 deals (65%) — acima da média geral (63%).,Sem data de engajamento: não há sinal de tempo. Score usa só encaixe e valor.,GTX Basic: USD 550 em jogo — 6º produto mais caro dos 7.,
ZB3JRI67,Marty Freudenburg,Melvin Marxen,Central,GTX Basic,,,Prospecting,,,550.0,Engajar,2,43.7,média,26,52.1,,37.0,Você fecha GTX Basic em 17 de 26 deals (65%) — acima da média geral (63%).,Sem data de engajamento: não há sinal de tempo. Score usa só encaixe e valor.,GTX Basic: USD 550 em jogo — 6º produto mais caro dos 7.,
8O212QCV,Niesha Huffines,Melvin Marxen,Central,GTX Pro,,,Prospecting,,,4821.0,Engajar,2,43.6,pequena,14,8.0,,72.0,Seu histórico em GTX Pro é 2 de 14 (14%). Base pequena: o score usa 51% (puxado para a sua média de 60%).,Sem data de engajamento: não há sinal de tempo. Score usa só encaixe e valor.,GTX Pro: USD 4.821 em jogo — 3º produto mais caro dos 7.,
G4B3UCWQ,Niesha Huffines,Melvin Marxen,Central,GTX Pro,,,Prospecting,,,4821.0,Engajar,2,43.6,pequena,14,8.0,,72.0,Seu histórico em GTX Pro é 2 de 14 (14%). Base pequena: o score usa 51% (puxado para a sua média de 60%).,Sem data de engajamento: não há sinal de tempo. Score usa só encaixe e valor.,GTX Pro: USD 4.821 em jogo — 3º produto mais caro dos 7.,
X2REWR7J,Niesha Huffines,Melvin Marxen,Central,GTX Pro,,,Prospecting,,,4821.0,Engajar,2,43.6,pequena,14,8.0,,72.0,Seu histórico em GTX Pro é 2 de 14 (14%). Base pequena: o score usa 51% (puxado para a sua média de 60%).,Sem data de engajamento: não há sinal de tempo. Score usa só encaixe e valor.,GTX Pro: USD 4.821 em jogo — 3º produto mais caro dos 7.,
3LCLVRVV,Anna Snelling,Dustin Brinkmann,Central,GTX Basic,,,Prospecting,,,550.0,Engajar,2,41.7,ampla,51,47.5,,37.0,Seu histórico em GTX Basic é 32 de 51 (63%) — abaixo da média geral (63%).,Sem data de engajamento: não há sinal de tempo. Score usa só encaixe e valor.,GTX Basic: USD 550 em jogo — 6º produto mais caro dos 7.,
6CWZFOHJ,Anna Snelling,Dustin Brinkmann,Central,GTX Basic,Green-Plus,services,Prospecting,,,550.0,Engajar,2,41.7,ampla,51,47.5,,37.0,Seu histórico em GTX Basic é 32 de 51 (63%) — abaixo da média geral (63%).,Sem data de engajamento: não há sinal de tempo. Score usa só encaixe e valor.,GTX Basic: USD 550 em jogo — 6º produto mais caro dos 7.,
8E0VRCLW,Anna Snelling,Dustin Brinkmann,Central,GTX Basic,,,Prospecting,,,550.0,Engajar,2,41.7,ampla,51,47.5,,37.0,Seu histórico em GTX Basic é 32 de 51 (63%) — abaixo da média geral (63%).,Sem data de engajamento: não há sinal de tempo. Score usa só encaixe e valor.,GTX Basic: USD 550 em jogo — 6º produto mais caro dos 7.,
G99CS23F,Anna Snelling,Dustin Brinkmann,Central,GTX Basic,,,Prospecting,,,550.0,Engajar,2,41.7,ampla,51,47.5,,37.0,Seu histórico em GTX Basic é 32 de 51 (63%) — abaixo da média geral (63%).,Sem data de engajamento: não há sinal de tempo. Score usa só encaixe e valor.,GTX Basic: USD 550 em jogo — 6º produto mais caro dos 7.,
GR9S7VHI,Anna Snelling,Dustin Brinkmann,Central,GTX Basic,,,Prospecting,,,550.0,Engajar,2,41.7,ampla,51,47.5,,37.0,Seu histórico em GTX Basic é 32 de 51 (63%) — abaixo da média geral (63%).,Sem data de engajamento: não há sinal de tempo. Score usa só encaixe e valor.,GTX Basic: USD 550 em jogo — 6º produto mais caro dos 7.,
XRJ54GNR,Anna Snelling,Dustin Brinkmann,Central,GTX Basic,,,Prospecting,,,550.0,Engajar,2,41.7,ampla,51,47.5,,37.0,Seu histórico em GTX Basic é 32 de 51 (63%) — abaixo da média geral (63%).,Sem data de engajamento: não há sinal de tempo. Score usa só encaixe e valor.,GTX Basic: USD 550 em jogo — 6º produto mais caro dos 7.,
YIU1B39V,Anna Snelling,Dustin Brinkmann,Central,GTX Basic,,,Prospecting,,,550.0,Engajar,2,41.7,ampla,51,47.5,,37.0,Seu histórico em GTX Basic é 32 de 51 (63%) — abaixo da média geral (63%).,Sem data de engajamento: não há sinal de tempo. Score usa só encaixe e valor.,GTX Basic: USD 550 em jogo — 6º produto mais caro dos 7.,
8U9CA21G,Lajuana Vencill,Dustin Brinkmann,Central,GTX Plus Basic,,,Prospecting,,,1096.0,Engajar,2,40.7,média,25,31.6,,48.0,Seu histórico em GTX Plus Basic é 15 de 25 (60%) — abaixo da média geral (63%).,Sem data de engajamento: não há sinal de tempo. Score usa só encaixe e valor.,GTX Plus Basic: USD 1.096 em jogo — 5º produto mais caro dos 7.,
L7PPTHLF,Lajuana Vencill,Dustin Brinkmann,Central,GTX Plus Basic,,,Prospecting,,,1096.0,Engajar,2,40.7,média,25,31.6,,48.0,Seu histórico em GTX Plus Basic é 15 de 25 (60%) — abaixo da média geral (63%).,Sem data de engajamento: não há sinal de tempo. Score usa só encaixe e valor.,GTX Plus Basic: USD 1.096 em jogo — 5º produto mais caro dos 7.,
Q620I4AZ,Lajuana Vencill,Dustin Brinkmann,Central,GTX Plus Basic,,,Prospecting,,,1096.0,Engajar,2,40.7,média,25,31.6,,48.0,Seu histórico em GTX Plus Basic é 15 de 25 (60%) — abaixo da média geral (63%).,Sem data de engajamento: não há sinal de tempo. Score usa só encaixe e valor.,GTX Plus Basic: USD 1.096 em jogo — 5º produto mais caro dos 7.,
U0U1RIMI,Lajuana Vencill,Dustin Brinkmann,Central,GTX Plus Basic,,,Prospecting,,,1096.0,Engajar,2,40.7,média,25,31.6,,48.0,Seu histórico em GTX Plus Basic é 15 de 25 (60%) — abaixo da média geral (63%).,Sem data de engajamento: não há sinal de tempo. Score usa só encaixe e valor.,GTX Plus Basic: USD 1.096 em jogo — 5º produto mais caro dos 7.,
W2K1S9N3,Lajuana Vencill,Dustin Brinkmann,Central,GTX Plus Basic,Dalttechnology,software,Prospecting,,,1096.0,Engajar,2,40.7,média,25,31.6,,48.0,Seu histórico em GTX Plus Basic é 15 de 25 (60%) — abaixo da média geral (63%).,Sem data de engajamento: não há sinal de tempo. Score usa só encaixe e valor.,GTX Plus Basic: USD 1.096 em jogo — 5º produto mais caro dos 7.,
ZTFYF8PV,Lajuana Vencill,Dustin Brinkmann,Central,GTX Plus Basic,,,Prospecting,,,1096.0,Engajar,2,40.7,média,25,31.6,,48.0,Seu histórico em GTX Plus Basic é 15 de 25 (60%) — abaixo da média geral (63%).,Sem data de engajamento: não há sinal de tempo. Score usa só encaixe e valor.,GTX Plus Basic: USD 1.096 em jogo — 5º produto mais caro dos 7.,
OJDZN6UK,Anna Snelling,Dustin Brinkmann,Central,GTX Plus Basic,,,Prospecting,,,1096.0,Engajar,2,40.0,média,48,30.1,,48.0,Seu histórico em GTX Plus Basic é 25 de 48 (52%) — abaixo da sua média (62%) e da geral (63%).,Sem data de engajamento: não há sinal de tempo. Score usa só encaixe e valor.,GTX Plus Basic: USD 1.096 em jogo — 5º produto mais caro dos 7.,
OM60BJ4S,Anna Snelling,Dustin Brinkmann,Central,GTX Plus Basic,,,Prospecting,,,1096.0,Engajar,2,40.0,média,48,30.1,,48.0,Seu histórico em GTX Plus Basic é 25 de 48 (52%) — abaixo da sua média (62%) e da geral (63%).,Sem data de engajamento: não há sinal de tempo. Score usa só encaixe e valor.,GTX Plus Basic: USD 1.096 em jogo — 5º produto mais caro dos 7.,
Q9UWOC28,Anna Snelling,Dustin Brinkmann,Central,GTX Plus Basic,Plusstrip,entertainment,Prospecting,,,1096.0,Engajar,2,40.0,média,48,30.1,,48.0,Seu histórico em GTX Plus Basic é 25 de 48 (52%) — abaixo da sua média (62%) e da geral (63%).,Sem data de engajamento: não há sinal de tempo. Score usa só encaixe e valor.,GTX Plus Basic: USD 1.096 em jogo — 5º produto mais caro dos 7.,
YL29KX3L,Anna Snelling,Dustin Brinkmann,Central,GTX Plus Basic,Zumgoity,medical,Prospecting,,,1096.0,Engajar,2,40.0,média,48,30.1,,48.0,Seu histórico em GTX Plus Basic é 25 de 48 (52%) — abaixo da sua média (62%) e da geral (63%).,Sem data de engajamento: não há sinal de tempo. Score usa só encaixe e valor.,GTX Plus Basic: USD 1.096 em jogo — 5º produto mais caro dos 7.,
27ZK0L0F,Niesha Huffines,Melvin Marxen,Central,GTX Basic,,,Prospecting,,,550.0,Engajar,2,38.9,ampla,53,41.3,,37.0,Seu histórico em GTX Basic é 32 de 53 (60%) — abaixo da média geral (63%).,Sem data de engajamento: não há sinal de tempo. Score usa só encaixe e valor.,GTX Basic: USD 550 em jogo — 6º produto mais caro dos 7.,
647SQRGL,Niesha Huffines,Melvin Marxen,Central,GTX Basic,,,Prospecting,,,550.0,Engajar,2,38.9,ampla,53,41.3,,37.0,Seu histórico em GTX Basic é 32 de 53 (60%) — abaixo da média geral (63%).,Sem data de engajamento: não há sinal de tempo. Score usa só encaixe e valor.,GTX Basic: USD 550 em jogo — 6º produto mais caro dos 7.,
FJHKS2T2,Niesha Huffines,Melvin Marxen,Central,GTX Basic,Plussunin,retail,Prospecting,,,550.0,Engajar,2,38.9,ampla,53,41.3,,37.0,Seu histórico em GTX Basic é 32 de 53 (60%) — abaixo da média geral (63%).,Sem data de engajamento: não há sinal de tempo. Score usa só encaixe e valor.,GTX Basic: USD 550 em jogo — 6º produto mais caro dos 7.,
HUG2KAHE,Niesha Huffines,Melvin Marxen,Central,GTX Basic,,,Prospecting,,,550.0,Engajar,2,38.9,ampla,53,41.3,,37.0,Seu histórico em GTX Basic é 32 de 53 (60%) — abaixo da média geral (63%).,Sem data de engajamento: não há sinal de tempo. Score usa só encaixe e valor.,GTX Basic: USD 550 em jogo — 6º produto mais caro dos 7.,
K38J8D75,Niesha Huffines,Melvin Marxen,Central,GTX Basic,,,Prospecting,,,550.0,Engajar,2,38.9,ampla,53,41.3,,37.0,Seu histórico em GTX Basic é 32 de 53 (60%) — abaixo da média geral (63%).,Sem data de engajamento: não há sinal de tempo. Score usa só encaixe e valor.,GTX Basic: USD 550 em jogo — 6º produto mais caro dos 7.,
MON9ZE47,Niesha Huffines,Melvin Marxen,Central,GTX Basic,Groovestreet,retail,Prospecting,,,550.0,Engajar,2,38.9,ampla,53,41.3,,37.0,Seu histórico em GTX Basic é 32 de 53 (60%) — abaixo da média geral (63%).,Sem data de engajamento: não há sinal de tempo. Score usa só encaixe e valor.,GTX Basic: USD 550 em jogo — 6º produto mais caro dos 7.,
PGN9I1HU,Niesha Huffines,Melvin Marxen,Central,GTX Basic,,,Prospecting,,,550.0,Engajar,2,38.9,ampla,53,41.3,,37.0,Seu histórico em GTX Basic é 32 de 53 (60%) — abaixo da média geral (63%).,Sem data de engajamento: não há sinal de tempo. Score usa só encaixe e valor.,GTX Basic: USD 550 em jogo — 6º produto mais caro dos 7.,
TAKHOTRW,Niesha Huffines,Melvin Marxen,Central,GTX Basic,,,Prospecting,,,550.0,Engajar,2,38.9,ampla,53,41.3,,37.0,Seu histórico em GTX Basic é 32 de 53 (60%) — abaixo da média geral (63%).,Sem data de engajamento: não há sinal de tempo. Score usa só encaixe e valor.,GTX Basic: USD 550 em jogo — 6º produto mais caro dos 7.,
TS9QPHNA,Niesha Huffines,Melvin Marxen,Central,GTX Basic,,,Prospecting,,,550.0,Engajar,2,38.9,ampla,53,41.3,,37.0,Seu histórico em GTX Basic é 32 de 53 (60%) — abaixo da média geral (63%).,Sem data de engajamento: não há sinal de tempo. Score usa só encaixe e valor.,GTX Basic: USD 550 em jogo — 6º produto mais caro dos 7.,
UEI0RABV,Niesha Huffines,Melvin Marxen,Central,GTX Basic,,,Prospecting,,,550.0,Engajar,2,38.9,ampla,53,41.3,,37.0,Seu histórico em GTX Basic é 32 de 53 (60%) — abaixo da média geral (63%).,Sem data de engajamento: não há sinal de tempo. Score usa só encaixe e valor.,GTX Basic: USD 550 em jogo — 6º produto mais caro dos 7.,
UIP7MXOR,Niesha Huffines,Melvin Marxen,Central,GTX Basic,,,Prospecting,,,550.0,Engajar,2,38.9,ampla,53,41.3,,37.0,Seu histórico em GTX Basic é 32 de 53 (60%) — abaixo da média geral (63%).,Sem data de engajamento: não há sinal de tempo. Score usa só encaixe e valor.,GTX Basic: USD 550 em jogo — 6º produto mais caro dos 7.,
0M4K6F8Q,Gladys Colclough,Melvin Marxen,Central,GTX Basic,,,Prospecting,,,550.0,Engajar,2,34.1,média,26,30.4,,37.0,Seu histórico em GTX Basic é 14 de 26 (54%) — abaixo da sua média (58%) e da geral (63%).,Sem data de engajamento: não há sinal de tempo. Score usa só encaixe e valor.,GTX Basic: USD 550 em jogo — 6º produto mais caro dos 7.,
ATOYVLLB,Gladys Colclough,Melvin Marxen,Central,GTX Basic,,,Prospecting,,,550.0,Engajar,2,34.1,média,26,30.4,,37.0,Seu histórico em GTX Basic é 14 de 26 (54%) — abaixo da sua média (58%) e da geral (63%).,Sem data de engajamento: não há sinal de tempo. Score usa só encaixe e valor.,GTX Basic: USD 550 em jogo — 6º produto mais caro dos 7.,
NSYCCHCJ,Gladys Colclough,Melvin Marxen,Central,GTX Basic,,,Prospecting,,,550.0,Engajar,2,34.1,média,26,30.4,,37.0,Seu histórico em GTX Basic é 14 de 26 (54%) — abaixo da sua média (58%) e da geral (63%).,Sem data de engajamento: não há sinal de tempo. Score usa só encaixe e valor.,GTX Basic: USD 550 em jogo — 6º produto mais caro dos 7.,
RJ21Q4HO,Gladys Colclough,Melvin Marxen,Central,GTX Basic,Hottechi,technology,Prospecting,,,550.0,Engajar,2,34.1,média,26,30.4,,37.0,Seu histórico em GTX Basic é 14 de 26 (54%) — abaixo da sua média (58%) e da geral (63%).,Sem data de engajamento: não há sinal de tempo. Score usa só encaixe e valor.,GTX Basic: USD 550 em jogo — 6º produto mais caro dos 7.,
00400B1S,Lajuana Vencill,Dustin Brinkmann,Central,GTX Basic,,,Prospecting,,,550.0,Engajar,2,33.5,ampla,98,29.2,,37.0,Seu histórico em GTX Basic é 56 de 98 (57%) — abaixo da média geral (63%).,Sem data de engajamento: não há sinal de tempo. Score usa só encaixe e valor.,GTX Basic: USD 550 em jogo — 6º produto mais caro dos 7.,
0KSK9O00,Lajuana Vencill,Dustin Brinkmann,Central,GTX Basic,Bluth Company,technology,Prospecting,,,550.0,Engajar,2,33.5,ampla,98,29.2,,37.0,Seu histórico em GTX Basic é 56 de 98 (57%) — abaixo da média geral (63%).,Sem data de engajamento: não há sinal de tempo. Score usa só encaixe e valor.,GTX Basic: USD 550 em jogo — 6º produto mais caro dos 7.,
2RQOUJ9V,Lajuana Vencill,Dustin Brinkmann,Central,GTX Basic,,,Prospecting,,,550.0,Engajar,2,33.5,ampla,98,29.2,,37.0,Seu histórico em GTX Basic é 56 de 98 (57%) — abaixo da média geral (63%).,Sem data de engajamento: não há sinal de tempo. Score usa só encaixe e valor.,GTX Basic: USD 550 em jogo — 6º produto mais caro dos 7.,
6KW4PU0S,Lajuana Vencill,Dustin Brinkmann,Central,GTX Basic,,,Prospecting,,,550.0,Engajar,2,33.5,ampla,98,29.2,,37.0,Seu histórico em GTX Basic é 56 de 98 (57%) — abaixo da média geral (63%).,Sem data de engajamento: não há sinal de tempo. Score usa só encaixe e valor.,GTX Basic: USD 550 em jogo — 6º produto mais caro dos 7.,
76WK0KFZ,Lajuana Vencill,Dustin Brinkmann,Central,GTX Basic,Konex,technology,Prospecting,,,550.0,Engajar,2,33.5,ampla,98,29.2,,37.0,Seu histórico em GTX Basic é 56 de 98 (57%) — abaixo da média geral (63%).,Sem data de engajamento: não há sinal de tempo. Score usa só encaixe e valor.,GTX Basic: USD 550 em jogo — 6º produto mais caro dos 7.,
97WEHB4X,Lajuana Vencill,Dustin Brinkmann,Central,GTX Basic,,,Prospecting,,,550.0,Engajar,2,33.5,ampla,98,29.2,,37.0,Seu histórico em GTX Basic é 56 de 98 (57%) — abaixo da média geral (63%).,Sem data de engajamento: não há sinal de tempo. Score usa só encaixe e valor.,GTX Basic: USD 550 em jogo — 6º produto mais caro dos 7.,
9HFEMESD,Lajuana Vencill,Dustin Brinkmann,Central,GTX Basic,,,Prospecting,,,550.0,Engajar,2,33.5,ampla,98,29.2,,37.0,Seu histórico em GTX Basic é 56 de 98 (57%) — abaixo da média geral (63%).,Sem data de engajamento: não há sinal de tempo. Score usa só encaixe e valor.,GTX Basic: USD 550 em jogo — 6º produto mais caro dos 7.,
HLE798LQ,Lajuana Vencill,Dustin Brinkmann,Central,GTX Basic,,,Prospecting,,,550.0,Engajar,2,33.5,ampla,98,29.2,,37.0,Seu histórico em GTX Basic é 56 de 98 (57%) — abaixo da média geral (63%).,Sem data de engajamento: não há sinal de tempo. Score usa só encaixe e valor.,GTX Basic: USD 550 em jogo — 6º produto mais caro dos 7.,
IMN2GUYV,Lajuana Vencill,Dustin Brinkmann,Central,GTX Basic,Statholdings,employment,Prospecting,,,550.0,Engajar,2,33.5,ampla,98,29.2,,37.0,Seu histórico em GTX Basic é 56 de 98 (57%) — abaixo da média geral (63%).,Sem data de engajamento: não há sinal de tempo. Score usa só encaixe e valor.,GTX Basic: USD 550 em jogo — 6º produto mais caro dos 7.,
NB67WD27,Lajuana Vencill,Dustin Brinkmann,Central,GTX Basic,,,Prospecting,,,550.0,Engajar,2,33.5,ampla,98,29.2,,37.0,Seu histórico em GTX Basic é 56 de 98 (57%) — abaixo da média geral (63%).,Sem data de engajamento: não há sinal de tempo. Score usa só encaixe e valor.,GTX Basic: USD 550 em jogo — 6º produto mais caro dos 7.,
PAUK1IU0,Lajuana Vencill,Dustin Brinkmann,Central,GTX Basic,,,Prospecting,,,550.0,Engajar,2,33.5,ampla,98,29.2,,37.0,Seu histórico em GTX Basic é 56 de 98 (57%) — abaixo da média geral (63%).,Sem data de engajamento: não há sinal de tempo. Score usa só encaixe e valor.,GTX Basic: USD 550 em jogo — 6º produto mais caro dos 7.,
PELBIQ95,Lajuana Vencill,Dustin Brinkmann,Central,GTX Basic,,,Prospecting,,,550.0,Engajar,2,33.5,ampla,98,29.2,,37.0,Seu histórico em GTX Basic é 56 de 98 (57%) — abaixo da média geral (63%).,Sem data de engajamento: não há sinal de tempo. Score usa só encaixe e valor.,GTX Basic: USD 550 em jogo — 6º produto mais caro dos 7.,
Y533QVR5,Lajuana Vencill,Dustin Brinkmann,Central,GTX Basic,,,Prospecting,,,550.0,Engajar,2,33.5,ampla,98,29.2,,37.0,Seu histórico em GTX Basic é 56 de 98 (57%) — abaixo da média geral (63%).,Sem data de engajamento: não há sinal de tempo. Score usa só encaixe e valor.,GTX Basic: USD 550 em jogo — 6º produto mais caro dos 7.,
Z4JQEOMT,Lajuana Vencill,Dustin Brinkmann,Central,GTX Basic,,,Prospecting,,,550.0,Engajar,2,33.5,ampla,98,29.2,,37.0,Seu histórico em GTX Basic é 56 de 98 (57%) — abaixo da média geral (63%).,Sem data de engajamento: não há sinal de tempo. Score usa só encaixe e valor.,GTX Basic: USD 550 em jogo — 6º produto mais caro dos 7.,
0QMDTHBS,Jonathan Berthelot,Melvin Marxen,Central,MG Special,,,Prospecting,,,55.0,Engajar,2,32.5,média,26,73.1,,0.0,Você fecha MG Special em 21 de 26 deals (81%) — bem acima da média geral (63%).,Sem data de engajamento: não há sinal de tempo. Score usa só encaixe e valor.,MG Special: USD 55 em jogo — o produto mais barato do catálogo.,
11T4HX93,Jonathan Berthelot,Melvin Marxen,Central,MG Special,Bluth Company,technology,Prospecting,,,55.0,Engajar,2,32.5,média,26,73.1,,0.0,Você fecha MG Special em 21 de 26 deals (81%) — bem acima da média geral (63%).,Sem data de engajamento: não há sinal de tempo. Score usa só encaixe e valor.,MG Special: USD 55 em jogo — o produto mais barato do catálogo.,
DYA87PL1,Jonathan Berthelot,Melvin Marxen,Central,MG Special,,,Prospecting,,,55.0,Engajar,2,32.5,média,26,73.1,,0.0,Você fecha MG Special em 21 de 26 deals (81%) — bem acima da média geral (63%).,Sem data de engajamento: não há sinal de tempo. Score usa só encaixe e valor.,MG Special: USD 55 em jogo — o produto mais barato do catálogo.,
E0HMRMZ9,Jonathan Berthelot,Melvin Marxen,Central,MG Special,,,Prospecting,,,55.0,Engajar,2,32.5,média,26,73.1,,0.0,Você fecha MG Special em 21 de 26 deals (81%) — bem acima da média geral (63%).,Sem data de engajamento: não há sinal de tempo. Score usa só encaixe e valor.,MG Special: USD 55 em jogo — o produto mais barato do catálogo.,
GM5X0CSG,Jonathan Berthelot,Melvin Marxen,Central,MG Special,,,Prospecting,,,55.0,Engajar,2,32.5,média,26,73.1,,0.0,Você fecha MG Special em 21 de 26 deals (81%) — bem acima da média geral (63%).,Sem data de engajamento: não há sinal de tempo. Score usa só encaixe e valor.,MG Special: USD 55 em jogo — o produto mais barato do catálogo.,
URRD7VUB,Jonathan Berthelot,Melvin Marxen,Central,MG Special,Blackzim,retail,Prospecting,,,55.0,Engajar,2,32.5,média,26,73.1,,0.0,Você fecha MG Special em 21 de 26 deals (81%) — bem acima da média geral (63%).,Sem data de engajamento: não há sinal de tempo. Score usa só encaixe e valor.,MG Special: USD 55 em jogo — o produto mais barato do catálogo.,
10ALJD82,Anna Snelling,Dustin Brinkmann,Central,MG Special,Nam-zim,services,Prospecting,,,55.0,Engajar,2,30.3,ampla,144,68.1,,0.0,Você fecha MG Special em 102 de 144 deals (71%) — acima da média geral (63%).,Sem data de engajamento: não há sinal de tempo. Score usa só encaixe e valor.,MG Special: USD 55 em jogo — o produto mais barato do catálogo.,
426EL41A,Anna Snelling,Dustin Brinkmann,Central,MG Special,,,Prospecting,,,55.0,Engajar,2,30.3,ampla,144,68.1,,0.0,Você fecha MG Special em 102 de 144 deals (71%) — acima da média geral (63%).,Sem data de engajamento: não há sinal de tempo. Score usa só encaixe e valor.,MG Special: USD 55 em jogo — o produto mais barato do catálogo.,
47P0HBNM,Anna Snelling,Dustin Brinkmann,Central,MG Special,Plussunin,retail,Prospecting,,,55.0,Engajar,2,30.3,ampla,144,68.1,,0.0,Você fecha MG Special em 102 de 144 deals (71%) — acima da média geral (63%).,Sem data de engajamento: não há sinal de tempo. Score usa só encaixe e valor.,MG Special: USD 55 em jogo — o produto mais barato do catálogo.,
4ENCEYPG,Anna Snelling,Dustin Brinkmann,Central,MG Special,,,Prospecting,,,55.0,Engajar,2,30.3,ampla,144,68.1,,0.0,Você fecha MG Special em 102 de 144 deals (71%) — acima da média geral (63%).,Sem data de engajamento: não há sinal de tempo. Score usa só encaixe e valor.,MG Special: USD 55 em jogo — o produto mais barato do catálogo.,
4H8GZ075,Anna Snelling,Dustin Brinkmann,Central,MG Special,Scotfind,software,Prospecting,,,55.0,Engajar,2,30.3,ampla,144,68.1,,0.0,Você fecha MG Special em 102 de 144 deals (71%) — acima da média geral (63%).,Sem data de engajamento: não há sinal de tempo. Score usa só encaixe e valor.,MG Special: USD 55 em jogo — o produto mais barato do catálogo.,
5C59O9GU,Anna Snelling,Dustin Brinkmann,Central,MG Special,Conecom,technology,Prospecting,,,55.0,Engajar,2,30.3,ampla,144,68.1,,0.0,Você fecha MG Special em 102 de 144 deals (71%) — acima da média geral (63%).,Sem data de engajamento: não há sinal de tempo. Score usa só encaixe e valor.,MG Special: USD 55 em jogo — o produto mais barato do catálogo.,
5ELMZN3E,Anna Snelling,Dustin Brinkmann,Central,MG Special,,,Prospecting,,,55.0,Engajar,2,30.3,ampla,144,68.1,,0.0,Você fecha MG Special em 102 de 144 deals (71%) — acima da média geral (63%).,Sem data de engajamento: não há sinal de tempo. Score usa só encaixe e valor.,MG Special: USD 55 em jogo — o produto mais barato do catálogo.,
7Q90C2VN,Anna Snelling,Dustin Brinkmann,Central,MG Special,,,Prospecting,,,55.0,Engajar,2,30.3,ampla,144,68.1,,0.0,Você fecha MG Special em 102 de 144 deals (71%) — acima da média geral (63%).,Sem data de engajamento: não há sinal de tempo. Score usa só encaixe e valor.,MG Special: USD 55 em jogo — o produto mais barato do catálogo.,
ASDR6QEZ,Anna Snelling,Dustin Brinkmann,Central,MG Special,,,Prospecting,,,55.0,Engajar,2,30.3,ampla,144,68.1,,0.0,Você fecha MG Special em 102 de 144 deals (71%) — acima da média geral (63%).,Sem data de engajamento: não há sinal de tempo. Score usa só encaixe e valor.,MG Special: USD 55 em jogo — o produto mais barato do catálogo.,
D3ZJX20X,Anna Snelling,Dustin Brinkmann,Central,MG Special,,,Prospecting,,,55.0,Engajar,2,30.3,ampla,144,68.1,,0.0,Você fecha MG Special em 102 de 144 deals (71%) — acima da média geral (63%).,Sem data de engajamento: não há sinal de tempo. Score usa só encaixe e valor.,MG Special: USD 55 em jogo — o produto mais barato do catálogo.,
DW5BQ220,Anna Snelling,Dustin Brinkmann,Central,MG Special,Zoomit,entertainment,Prospecting,,,55.0,Engajar,2,30.3,ampla,144,68.1,,0.0,Você fecha MG Special em 102 de 144 deals (71%) — acima da média geral (63%).,Sem data de engajamento: não há sinal de tempo. Score usa só encaixe e valor.,MG Special: USD 55 em jogo — o produto mais barato do catálogo.,
DYXD1AXO,Anna Snelling,Dustin Brinkmann,Central,MG Special,,,Prospecting,,,55.0,Engajar,2,30.3,ampla,144,68.1,,0.0,Você fecha MG Special em 102 de 144 deals (71%) — acima da média geral (63%).,Sem data de engajamento: não há sinal de tempo. Score usa só encaixe e valor.,MG Special: USD 55 em jogo — o produto mais barato do catálogo.,
E6DGJSDW,Anna Snelling,Dustin Brinkmann,Central,MG Special,Green-Plus,services,Prospecting,,,55.0,Engajar,2,30.3,ampla,144,68.1,,0.0,Você fecha MG Special em 102 de 144 deals (71%) — acima da média geral (63%).,Sem data de engajamento: não há sinal de tempo. Score usa só encaixe e valor.,MG Special: USD 55 em jogo — o produto mais barato do catálogo.,
EU4DPJGN,Anna Snelling,Dustin Brinkmann,Central,MG Special,,,Prospecting,,,55.0,Engajar,2,30.3,ampla,144,68.1,,0.0,Você fecha MG Special em 102 de 144 deals (71%) — acima da média geral (63%).,Sem data de engajamento: não há sinal de tempo. Score usa só encaixe e valor.,MG Special: USD 55 em jogo — o produto mais barato do catálogo.,
F4W7Z1UU,Anna Snelling,Dustin Brinkmann,Central,MG Special,Vehement Capital Partners,finance,Prospecting,,,55.0,Engajar,2,30.3,ampla,144,68.1,,0.0,Você fecha MG Special em 102 de 144 deals (71%) — acima da média geral (63%).,Sem data de engajamento: não há sinal de tempo. Score usa só encaixe e valor.,MG Special: USD 55 em jogo — o produto mais barato do catálogo.,
GI94RTL5,Anna Snelling,Dustin Brinkmann,Central,MG Special,Labdrill,medical,Prospecting,,,55.0,Engajar,2,30.3,ampla,144,68.1,,0.0,Você fecha MG Special em 102 de 144 deals (71%) — acima da média geral (63%).,Sem data de engajamento: não há sinal de tempo. Score usa só encaixe e valor.,MG Special: USD 55 em jogo — o produto mais barato do catálogo.,
I93XL6Q9,Anna Snelling,Dustin Brinkmann,Central,MG Special,Finhigh,finance,Prospecting,,,55.0,Engajar,2,30.3,ampla,144,68.1,,0.0,Você fecha MG Special em 102 de 144 deals (71%) — acima da média geral (63%).,Sem data de engajamento: não há sinal de tempo. Score usa só encaixe e valor.,MG Special: USD 55 em jogo — o produto mais barato do catálogo.,
JC7DDV56,Anna Snelling,Dustin Brinkmann,Central,MG Special,,,Prospecting,,,55.0,Engajar,2,30.3,ampla,144,68.1,,0.0,Você fecha MG Special em 102 de 144 deals (71%) — acima da média geral (63%).,Sem data de engajamento: não há sinal de tempo. Score usa só encaixe e valor.,MG Special: USD 55 em jogo — o produto mais barato do catálogo.,
JHNDPI2N,Anna Snelling,Dustin Brinkmann,Central,MG Special,J-Texon,retail,Prospecting,,,55.0,Engajar,2,30.3,ampla,144,68.1,,0.0,Você fecha MG Special em 102 de 144 deals (71%) — acima da média geral (63%).,Sem data de engajamento: não há sinal de tempo. Score usa só encaixe e valor.,MG Special: USD 55 em jogo — o produto mais barato do catálogo.,
JSTHYUCD,Anna Snelling,Dustin Brinkmann,Central,MG Special,,,Prospecting,,,55.0,Engajar,2,30.3,ampla,144,68.1,,0.0,Você fecha MG Special em 102 de 144 deals (71%) — acima da média geral (63%).,Sem data de engajamento: não há sinal de tempo. Score usa só encaixe e valor.,MG Special: USD 55 em jogo — o produto mais barato do catálogo.,
OXKLRULK,Anna Snelling,Dustin Brinkmann,Central,MG Special,,,Prospecting,,,55.0,Engajar,2,30.3,ampla,144,68.1,,0.0,Você fecha MG Special em 102 de 144 deals (71%) — acima da média geral (63%).,Sem data de engajamento: não há sinal de tempo. Score usa só encaixe e valor.,MG Special: USD 55 em jogo — o produto mais barato do catálogo.,
UDAUS3DF,Anna Snelling,Dustin Brinkmann,Central,MG Special,Sonron,telecommunications,Prospecting,,,55.0,Engajar,2,30.3,ampla,144,68.1,,0.0,Você fecha MG Special em 102 de 144 deals (71%) — acima da média geral (63%).,Sem data de engajamento: não há sinal de tempo. Score usa só encaixe e valor.,MG Special: USD 55 em jogo — o produto mais barato do catálogo.,
UMD1BA4S,Anna Snelling,Dustin Brinkmann,Central,MG Special,Ganjaflex,retail,Prospecting,,,55.0,Engajar,2,30.3,ampla,144,68.1,,0.0,Você fecha MG Special em 102 de 144 deals (71%) — acima da média geral (63%).,Sem data de engajamento: não há sinal de tempo. Score usa só encaixe e valor.,MG Special: USD 55 em jogo — o produto mais barato do catálogo.,
V9JDJ861,Anna Snelling,Dustin Brinkmann,Central,MG Special,,,Prospecting,,,55.0,Engajar,2,30.3,ampla,144,68.1,,0.0,Você fecha MG Special em 102 de 144 deals (71%) — acima da média geral (63%).,Sem data de engajamento: não há sinal de tempo. Score usa só encaixe e valor.,MG Special: USD 55 em jogo — o produto mais barato do catálogo.,
Z89NKUC7,Anna Snelling,Dustin Brinkmann,Central,MG Special,Plussunin,retail,Prospecting,,,55.0,Engajar,2,30.3,ampla,144,68.1,,0.0,Você fecha MG Special em 102 de 144 deals (71%) — acima da média geral (63%).,Sem data de engajamento: não há sinal de tempo. Score usa só encaixe e valor.,MG Special: USD 55 em jogo — o produto mais barato do catálogo.,
ZIMT5RQ2,Anna Snelling,Dustin Brinkmann,Central,MG Special,,,Prospecting,,,55.0,Engajar,2,30.3,ampla,144,68.1,,0.0,Você fecha MG Special em 102 de 144 deals (71%) — acima da média geral (63%).,Sem data de engajamento: não há sinal de tempo. Score usa só encaixe e valor.,MG Special: USD 55 em jogo — o produto mais barato do catálogo.,
ZQRBJVZF,Anna Snelling,Dustin Brinkmann,Central,MG Special,Dontechi,software,Prospecting,,,55.0,Engajar,2,30.3,ampla,144,68.1,,0.0,Você fecha MG Special em 102 de 144 deals (71%) — acima da média geral (63%).,Sem data de engajamento: não há sinal de tempo. Score usa só encaixe e valor.,MG Special: USD 55 em jogo — o produto mais barato do catálogo.,
1FAU5C6V,Versie Hillebrand,Dustin Brinkmann,Central,MG Special,,,Prospecting,,,55.0,Engajar,2,30.2,ampla,169,67.9,,0.0,Você fecha MG Special em 117 de 169 deals (69%) — acima da média geral (63%).,Sem data de engajamento: não há sinal de tempo. Score usa só encaixe e valor.,MG Special: USD 55 em jogo — o produto mais barato do catálogo.,
5697WKA6,Versie Hillebrand,Dustin Brinkmann,Central,MG Special,,,Prospecting,,,55.0,Engajar,2,30.2,ampla,169,67.9,,0.0,Você fecha MG Special em 117 de 169 deals (69%) — acima da média geral (63%).,Sem data de engajamento: não há sinal de tempo. Score usa só encaixe e valor.,MG Special: USD 55 em jogo — o produto mais barato do catálogo.,
5P4OCP0Q,Versie Hillebrand,Dustin Brinkmann,Central,MG Special,,,Prospecting,,,55.0,Engajar,2,30.2,ampla,169,67.9,,0.0,Você fecha MG Special em 117 de 169 deals (69%) — acima da média geral (63%).,Sem data de engajamento: não há sinal de tempo. Score usa só encaixe e valor.,MG Special: USD 55 em jogo — o produto mais barato do catálogo.,
6QKBZAEQ,Versie Hillebrand,Dustin Brinkmann,Central,MG Special,,,Prospecting,,,55.0,Engajar,2,30.2,ampla,169,67.9,,0.0,Você fecha MG Special em 117 de 169 deals (69%) — acima da média geral (63%).,Sem data de engajamento: não há sinal de tempo. Score usa só encaixe e valor.,MG Special: USD 55 em jogo — o produto mais barato do catálogo.,
6WNENPQM,Versie Hillebrand,Dustin Brinkmann,Central,MG Special,Goodsilron,marketing,Prospecting,,,55.0,Engajar,2,30.2,ampla,169,67.9,,0.0,Você fecha MG Special em 117 de 169 deals (69%) — acima da média geral (63%).,Sem data de engajamento: não há sinal de tempo. Score usa só encaixe e valor.,MG Special: USD 55 em jogo — o produto mais barato do catálogo.,
8GNSME5U,Versie Hillebrand,Dustin Brinkmann,Central,MG Special,,,Prospecting,,,55.0,Engajar,2,30.2,ampla,169,67.9,,0.0,Você fecha MG Special em 117 de 169 deals (69%) — acima da média geral (63%).,Sem data de engajamento: não há sinal de tempo. Score usa só encaixe e valor.,MG Special: USD 55 em jogo — o produto mais barato do catálogo.,
A4M34F8C,Versie Hillebrand,Dustin Brinkmann,Central,MG Special,,,Prospecting,,,55.0,Engajar,2,30.2,ampla,169,67.9,,0.0,Você fecha MG Special em 117 de 169 deals (69%) — acima da média geral (63%).,Sem data de engajamento: não há sinal de tempo. Score usa só encaixe e valor.,MG Special: USD 55 em jogo — o produto mais barato do catálogo.,
A5DN7SE1,Versie Hillebrand,Dustin Brinkmann,Central,MG Special,,,Prospecting,,,55.0,Engajar,2,30.2,ampla,169,67.9,,0.0,Você fecha MG Special em 117 de 169 deals (69%) — acima da média geral (63%).,Sem data de engajamento: não há sinal de tempo. Score usa só encaixe e valor.,MG Special: USD 55 em jogo — o produto mais barato do catálogo.,
AV50UWVV,Versie Hillebrand,Dustin Brinkmann,Central,MG Special,,,Prospecting,,,55.0,Engajar,2,30.2,ampla,169,67.9,,0.0,Você fecha MG Special em 117 de 169 deals (69%) — acima da média geral (63%).,Sem data de engajamento: não há sinal de tempo. Score usa só encaixe e valor.,MG Special: USD 55 em jogo — o produto mais barato do catálogo.,
DGI6CB5K,Versie Hillebrand,Dustin Brinkmann,Central,MG Special,,,Prospecting,,,55.0,Engajar,2,30.2,ampla,169,67.9,,0.0,Você fecha MG Special em 117 de 169 deals (69%) — acima da média geral (63%).,Sem data de engajamento: não há sinal de tempo. Score usa só encaixe e valor.,MG Special: USD 55 em jogo — o produto mais barato do catálogo.,
DWGARGA2,Versie Hillebrand,Dustin Brinkmann,Central,MG Special,,,Prospecting,,,55.0,Engajar,2,30.2,ampla,169,67.9,,0.0,Você fecha MG Special em 117 de 169 deals (69%) — acima da média geral (63%).,Sem data de engajamento: não há sinal de tempo. Score usa só encaixe e valor.,MG Special: USD 55 em jogo — o produto mais barato do catálogo.,
E54FFQBM,Versie Hillebrand,Dustin Brinkmann,Central,MG Special,,,Prospecting,,,55.0,Engajar,2,30.2,ampla,169,67.9,,0.0,Você fecha MG Special em 117 de 169 deals (69%) — acima da média geral (63%).,Sem data de engajamento: não há sinal de tempo. Score usa só encaixe e valor.,MG Special: USD 55 em jogo — o produto mais barato do catálogo.,
JD7ACALY,Versie Hillebrand,Dustin Brinkmann,Central,MG Special,,,Prospecting,,,55.0,Engajar,2,30.2,ampla,169,67.9,,0.0,Você fecha MG Special em 117 de 169 deals (69%) — acima da média geral (63%).,Sem data de engajamento: não há sinal de tempo. Score usa só encaixe e valor.,MG Special: USD 55 em jogo — o produto mais barato do catálogo.,
JQ338VQC,Versie Hillebrand,Dustin Brinkmann,Central,MG Special,Blackzim,retail,Prospecting,,,55.0,Engajar,2,30.2,ampla,169,67.9,,0.0,Você fecha MG Special em 117 de 169 deals (69%) — acima da média geral (63%).,Sem data de engajamento: não há sinal de tempo. Score usa só encaixe e valor.,MG Special: USD 55 em jogo — o produto mais barato do catálogo.,
KAZ72JJ0,Versie Hillebrand,Dustin Brinkmann,Central,MG Special,,,Prospecting,,,55.0,Engajar,2,30.2,ampla,169,67.9,,0.0,Você fecha MG Special em 117 de 169 deals (69%) — acima da média geral (63%).,Sem data de engajamento: não há sinal de tempo. Score usa só encaixe e valor.,MG Special: USD 55 em jogo — o produto mais barato do catálogo.,
KIOF5EM0,Versie Hillebrand,Dustin Brinkmann,Central,MG Special,,,Prospecting,,,55.0,Engajar,2,30.2,ampla,169,67.9,,0.0,Você fecha MG Special em 117 de 169 deals (69%) — acima da média geral (63%).,Sem data de engajamento: não há sinal de tempo. Score usa só encaixe e valor.,MG Special: USD 55 em jogo — o produto mais barato do catálogo.,
KLUS7RVS,Versie Hillebrand,Dustin Brinkmann,Central,MG Special,Opentech,finance,Prospecting,,,55.0,Engajar,2,30.2,ampla,169,67.9,,0.0,Você fecha MG Special em 117 de 169 deals (69%) — acima da média geral (63%).,Sem data de engajamento: não há sinal de tempo. Score usa só encaixe e valor.,MG Special: USD 55 em jogo — o produto mais barato do catálogo.,
MTH7D617,Versie Hillebrand,Dustin Brinkmann,Central,MG Special,,,Prospecting,,,55.0,Engajar,2,30.2,ampla,169,67.9,,0.0,Você fecha MG Special em 117 de 169 deals (69%) — acima da média geral (63%).,Sem data de engajamento: não há sinal de tempo. Score usa só encaixe e valor.,MG Special: USD 55 em jogo — o produto mais barato do catálogo.,
NSGU1K3N,Versie Hillebrand,Dustin Brinkmann,Central,MG Special,,,Prospecting,,,55.0,Engajar,2,30.2,ampla,169,67.9,,0.0,Você fecha MG Special em 117 de 169 deals (69%) — acima da média geral (63%).,Sem data de engajamento: não há sinal de tempo. Score usa só encaixe e valor.,MG Special: USD 55 em jogo — o produto mais barato do catálogo.,
P43NZA0V,Versie Hillebrand,Dustin Brinkmann,Central,MG Special,,,Prospecting,,,55.0,Engajar,2,30.2,ampla,169,67.9,,0.0,Você fecha MG Special em 117 de 169 deals (69%) — acima da média geral (63%).,Sem data de engajamento: não há sinal de tempo. Score usa só encaixe e valor.,MG Special: USD 55 em jogo — o produto mais barato do catálogo.,
Q5RRTVJK,Versie Hillebrand,Dustin Brinkmann,Central,MG Special,,,Prospecting,,,55.0,Engajar,2,30.2,ampla,169,67.9,,0.0,Você fecha MG Special em 117 de 169 deals (69%) — acima da média geral (63%).,Sem data de engajamento: não há sinal de tempo. Score usa só encaixe e valor.,MG Special: USD 55 em jogo — o produto mais barato do catálogo.,
QVWEPN6J,Versie Hillebrand,Dustin Brinkmann,Central,MG Special,,,Prospecting,,,55.0,Engajar,2,30.2,ampla,169,67.9,,0.0,Você fecha MG Special em 117 de 169 deals (69%) — acima da média geral (63%).,Sem data de engajamento: não há sinal de tempo. Score usa só encaixe e valor.,MG Special: USD 55 em jogo — o produto mais barato do catálogo.,
ROM4I2T0,Versie Hillebrand,Dustin Brinkmann,Central,MG Special,Rundofase,technology,Prospecting,,,55.0,Engajar,2,30.2,ampla,169,67.9,,0.0,Você fecha MG Special em 117 de 169 deals (69%) — acima da média geral (63%).,Sem data de engajamento: não há sinal de tempo. Score usa só encaixe e valor.,MG Special: USD 55 em jogo — o produto mais barato do catálogo.,
S6BD2RV6,Versie Hillebrand,Dustin Brinkmann,Central,MG Special,,,Prospecting,,,55.0,Engajar,2,30.2,ampla,169,67.9,,0.0,Você fecha MG Special em 117 de 169 deals (69%) — acima da média geral (63%).,Sem data de engajamento: não há sinal de tempo. Score usa só encaixe e valor.,MG Special: USD 55 em jogo — o produto mais barato do catálogo.,
SH4FSTJV,Versie Hillebrand,Dustin Brinkmann,Central,MG Special,,,Prospecting,,,55.0,Engajar,2,30.2,ampla,169,67.9,,0.0,Você fecha MG Special em 117 de 169 deals (69%) — acima da média geral (63%).,Sem data de engajamento: não há sinal de tempo. Score usa só encaixe e valor.,MG Special: USD 55 em jogo — o produto mais barato do catálogo.,
SPTF1MZ4,Versie Hillebrand,Dustin Brinkmann,Central,MG Special,,,Prospecting,,,55.0,Engajar,2,30.2,ampla,169,67.9,,0.0,Você fecha MG Special em 117 de 169 deals (69%) — acima da média geral (63%).,Sem data de engajamento: não há sinal de tempo. Score usa só encaixe e valor.,MG Special: USD 55 em jogo — o produto mais barato do catálogo.,
TFPZNRS3,Versie Hillebrand,Dustin Brinkmann,Central,MG Special,,,Prospecting,,,55.0,Engajar,2,30.2,ampla,169,67.9,,0.0,Você fecha MG Special em 117 de 169 deals (69%) — acima da média geral (63%).,Sem data de engajamento: não há sinal de tempo. Score usa só encaixe e valor.,MG Special: USD 55 em jogo — o produto mais barato do catálogo.,
UK00OVV2,Versie Hillebrand,Dustin Brinkmann,Central,MG Special,,,Prospecting,,,55.0,Engajar,2,30.2,ampla,169,67.9,,0.0,Você fecha MG Special em 117 de 169 deals (69%) — acima da média geral (63%).,Sem data de engajamento: não há sinal de tempo. Score usa só encaixe e valor.,MG Special: USD 55 em jogo — o produto mais barato do catálogo.,
VW8CEV4C,Versie Hillebrand,Dustin Brinkmann,Central,MG Special,Konmatfix,marketing,Prospecting,,,55.0,Engajar,2,30.2,ampla,169,67.9,,0.0,Você fecha MG Special em 117 de 169 deals (69%) — acima da média geral (63%).,Sem data de engajamento: não há sinal de tempo. Score usa só encaixe e valor.,MG Special: USD 55 em jogo — o produto mais barato do catálogo.,
W2149WNZ,Versie Hillebrand,Dustin Brinkmann,Central,MG Special,Golddex,finance,Prospecting,,,55.0,Engajar,2,30.2,ampla,169,67.9,,0.0,Você fecha MG Special em 117 de 169 deals (69%) — acima da média geral (63%).,Sem data de engajamento: não há sinal de tempo. Score usa só encaixe e valor.,MG Special: USD 55 em jogo — o produto mais barato do catálogo.,
WAT7H38N,Versie Hillebrand,Dustin Brinkmann,Central,MG Special,,,Prospecting,,,55.0,Engajar,2,30.2,ampla,169,67.9,,0.0,Você fecha MG Special em 117 de 169 deals (69%) — acima da média geral (63%).,Sem data de engajamento: não há sinal de tempo. Score usa só encaixe e valor.,MG Special: USD 55 em jogo — o produto mais barato do catálogo.,
WI5RHGX9,Versie Hillebrand,Dustin Brinkmann,Central,MG Special,,,Prospecting,,,55.0,Engajar,2,30.2,ampla,169,67.9,,0.0,Você fecha MG Special em 117 de 169 deals (69%) — acima da média geral (63%).,Sem data de engajamento: não há sinal de tempo. Score usa só encaixe e valor.,MG Special: USD 55 em jogo — o produto mais barato do catálogo.,
WJK0O5J9,Versie Hillebrand,Dustin Brinkmann,Central,MG Special,Doncon,technology,Prospecting,,,55.0,Engajar,2,30.2,ampla,169,67.9,,0.0,Você fecha MG Special em 117 de 169 deals (69%) — acima da média geral (63%).,Sem data de engajamento: não há sinal de tempo. Score usa só encaixe e valor.,MG Special: USD 55 em jogo — o produto mais barato do catálogo.,
1BB5LME9,Marty Freudenburg,Melvin Marxen,Central,MG Special,Globex Corporation,technology,Prospecting,,,55.0,Engajar,2,27.0,média,23,60.8,,0.0,Você fecha MG Special em 17 de 23 deals (74%) — bem acima da média geral (63%).,Sem data de engajamento: não há sinal de tempo. Score usa só encaixe e valor.,MG Special: USD 55 em jogo — o produto mais barato do catálogo.,
7WXPAXAV,Marty Freudenburg,Melvin Marxen,Central,MG Special,Rangreen,technology,Prospecting,,,55.0,Engajar,2,27.0,média,23,60.8,,0.0,Você fecha MG Special em 17 de 23 deals (74%) — bem acima da média geral (63%).,Sem data de engajamento: não há sinal de tempo. Score usa só encaixe e valor.,MG Special: USD 55 em jogo — o produto mais barato do catálogo.,
BTH2O9OF,Marty Freudenburg,Melvin Marxen,Central,MG Special,,,Prospecting,,,55.0,Engajar,2,27.0,média,23,60.8,,0.0,Você fecha MG Special em 17 de 23 deals (74%) — bem acima da média geral (63%).,Sem data de engajamento: não há sinal de tempo. Score usa só encaixe e valor.,MG Special: USD 55 em jogo — o produto mais barato do catálogo.,
COGXUYLL,Marty Freudenburg,Melvin Marxen,Central,MG Special,Doncon,technology,Prospecting,,,55.0,Engajar,2,27.0,média,23,60.8,,0.0,Você fecha MG Special em 17 de 23 deals (74%) — bem acima da média geral (63%).,Sem data de engajamento: não há sinal de tempo. Score usa só encaixe e valor.,MG Special: USD 55 em jogo — o produto mais barato do catálogo.,
GSOR2INK,Marty Freudenburg,Melvin Marxen,Central,MG Special,,,Prospecting,,,55.0,Engajar,2,27.0,média,23,60.8,,0.0,Você fecha MG Special em 17 de 23 deals (74%) — bem acima da média geral (63%).,Sem data de engajamento: não há sinal de tempo. Score usa só encaixe e valor.,MG Special: USD 55 em jogo — o produto mais barato do catálogo.,
HW367OVT,Marty Freudenburg,Melvin Marxen,Central,MG Special,,,Prospecting,,,55.0,Engajar,2,27.0,média,23,60.8,,0.0,Você fecha MG Special em 17 de 23 deals (74%) — bem acima da média geral (63%).,Sem data de engajamento: não há sinal de tempo. Score usa só encaixe e valor.,MG Special: USD 55 em jogo — o produto mais barato do catálogo.,
O6NIPA7N,Marty Freudenburg,Melvin Marxen,Central,MG Special,,,Prospecting,,,55.0,Engajar,2,27.0,média,23,60.8,,0.0,Você fecha MG Special em 17 de 23 deals (74%) — bem acima da média geral (63%).,Sem data de engajamento: não há sinal de tempo. Score usa só encaixe e valor.,MG Special: USD 55 em jogo — o produto mais barato do catálogo.,
ZVO432VF,Marty Freudenburg,Melvin Marxen,Central,MG Special,Faxquote,telecommunications,Prospecting,,,55.0,Engajar,2,27.0,média,23,60.8,,0.0,Você fecha MG Special em 17 de 23 deals (74%) — bem acima da média geral (63%).,Sem data de engajamento: não há sinal de tempo. Score usa só encaixe e valor.,MG Special: USD 55 em jogo — o produto mais barato do catálogo.,
8NI8O26G,Cecily Lampkin,Dustin Brinkmann,Central,MG Special,Goodsilron,marketing,Prospecting,,,55.0,Engajar,2,25.2,média,39,56.7,,0.0,Você fecha MG Special em 25 de 39 deals (64%) — acima da média geral (63%).,Sem data de engajamento: não há sinal de tempo. Score usa só encaixe e valor.,MG Special: USD 55 em jogo — o produto mais barato do catálogo.,
9BM1CGBV,Cecily Lampkin,Dustin Brinkmann,Central,MG Special,Sumace,retail,Prospecting,,,55.0,Engajar,2,25.2,média,39,56.7,,0.0,Você fecha MG Special em 25 de 39 deals (64%) — acima da média geral (63%).,Sem data de engajamento: não há sinal de tempo. Score usa só encaixe e valor.,MG Special: USD 55 em jogo — o produto mais barato do catálogo.,
9F9NDO41,Cecily Lampkin,Dustin Brinkmann,Central,MG Special,,,Prospecting,,,55.0,Engajar,2,25.2,média,39,56.7,,0.0,Você fecha MG Special em 25 de 39 deals (64%) — acima da média geral (63%).,Sem data de engajamento: não há sinal de tempo. Score usa só encaixe e valor.,MG Special: USD 55 em jogo — o produto mais barato do catálogo.,
DS5HZHDA,Cecily Lampkin,Dustin Brinkmann,Central,MG Special,Betatech,medical,Prospecting,,,55.0,Engajar,2,25.2,média,39,56.7,,0.0,Você fecha MG Special em 25 de 39 deals (64%) — acima da média geral (63%).,Sem data de engajamento: não há sinal de tempo. Score usa só encaixe e valor.,MG Special: USD 55 em jogo — o produto mais barato do catálogo.,
GSBUIL1E,Cecily Lampkin,Dustin Brinkmann,Central,MG Special,,,Prospecting,,,55.0,Engajar,2,25.2,média,39,56.7,,0.0,Você fecha MG Special em 25 de 39 deals (64%) — acima da média geral (63%).,Sem data de engajamento: não há sinal de tempo. Score usa só encaixe e valor.,MG Special: USD 55 em jogo — o produto mais barato do catálogo.,
TLZGG7G5,Cecily Lampkin,Dustin Brinkmann,Central,MG Special,Conecom,technology,Prospecting,,,55.0,Engajar,2,25.2,média,39,56.7,,0.0,Você fecha MG Special em 25 de 39 deals (64%) — acima da média geral (63%).,Sem data de engajamento: não há sinal de tempo. Score usa só encaixe e valor.,MG Special: USD 55 em jogo — o produto mais barato do catálogo.,
7CZU8GS1,Darcel Schlecht,Melvin Marxen,Central,MG Special,,,Prospecting,,,55.0,Engajar,2,23.5,média,43,53.0,,0.0,Você fecha MG Special em 28 de 43 deals (65%) — acima da média geral (63%).,Sem data de engajamento: não há sinal de tempo. Score usa só encaixe e valor.,MG Special: USD 55 em jogo — o produto mais barato do catálogo.,
7N6AHU7C,Darcel Schlecht,Melvin Marxen,Central,MG Special,,,Prospecting,,,55.0,Engajar,2,23.5,média,43,53.0,,0.0,Você fecha MG Special em 28 de 43 deals (65%) — acima da média geral (63%).,Sem data de engajamento: não há sinal de tempo. Score usa só encaixe e valor.,MG Special: USD 55 em jogo — o produto mais barato do catálogo.,
APXWBOOT,Darcel Schlecht,Melvin Marxen,Central,MG Special,,,Prospecting,,,55.0,Engajar,2,23.5,média,43,53.0,,0.0,Você fecha MG Special em 28 de 43 deals (65%) — acima da média geral (63%).,Sem data de engajamento: não há sinal de tempo. Score usa só encaixe e valor.,MG Special: USD 55 em jogo — o produto mais barato do catálogo.,
M64OQCC3,Darcel Schlecht,Melvin Marxen,Central,MG Special,,,Prospecting,,,55.0,Engajar,2,23.5,média,43,53.0,,0.0,Você fecha MG Special em 28 de 43 deals (65%) — acima da média geral (63%).,Sem data de engajamento: não há sinal de tempo. Score usa só encaixe e valor.,MG Special: USD 55 em jogo — o produto mais barato do catálogo.,
TR7WLH5Q,Darcel Schlecht,Melvin Marxen,Central,MG Special,,,Prospecting,,,55.0,Engajar,2,23.5,média,43,53.0,,0.0,Você fecha MG Special em 28 de 43 deals (65%) — acima da média geral (63%).,Sem data de engajamento: não há sinal de tempo. Score usa só encaixe e valor.,MG Special: USD 55 em jogo — o produto mais barato do catálogo.,
TWWD62O3,Darcel Schlecht,Melvin Marxen,Central,MG Special,,,Prospecting,,,55.0,Engajar,2,23.5,média,43,53.0,,0.0,Você fecha MG Special em 28 de 43 deals (65%) — acima da média geral (63%).,Sem data de engajamento: não há sinal de tempo. Score usa só encaixe e valor.,MG Special: USD 55 em jogo — o produto mais barato do catálogo.,
WR9CQB8E,Darcel Schlecht,Melvin Marxen,Central,MG Special,,,Prospecting,,,55.0,Engajar,2,23.5,média,43,53.0,,0.0,Você fecha MG Special em 28 de 43 deals (65%) — acima da média geral (63%).,Sem data de engajamento: não há sinal de tempo. Score usa só encaixe e valor.,MG Special: USD 55 em jogo — o produto mais barato do catálogo.,
1969NL80,Moses Frase,Dustin Brinkmann,Central,MG Special,,,Prospecting,,,55.0,Engajar,2,19.4,média,46,43.6,,0.0,Seu histórico em MG Special é 26 de 46 (57%) — abaixo da sua média (66%) e da geral (63%).,Sem data de engajamento: não há sinal de tempo. Score usa só encaixe e valor.,MG Special: USD 55 em jogo — o produto mais barato do catálogo.,
32NDDT4L,Moses Frase,Dustin Brinkmann,Central,MG Special,,,Prospecting,,,55.0,Engajar,2,19.4,média,46,43.6,,0.0,Seu histórico em MG Special é 26 de 46 (57%) — abaixo da sua média (66%) e da geral (63%).,Sem data de engajamento: não há sinal de tempo. Score usa só encaixe e valor.,MG Special: USD 55 em jogo — o produto mais barato do catálogo.,
473F6L9F,Moses Frase,Dustin Brinkmann,Central,MG Special,,,Prospecting,,,55.0,Engajar,2,19.4,média,46,43.6,,0.0,Seu histórico em MG Special é 26 de 46 (57%) — abaixo da sua média (66%) e da geral (63%).,Sem data de engajamento: não há sinal de tempo. Score usa só encaixe e valor.,MG Special: USD 55 em jogo — o produto mais barato do catálogo.,
CLPDG9BG,Moses Frase,Dustin Brinkmann,Central,MG Special,Yearin,retail,Prospecting,,,55.0,Engajar,2,19.4,média,46,43.6,,0.0,Seu histórico em MG Special é 26 de 46 (57%) — abaixo da sua média (66%) e da geral (63%).,Sem data de engajamento: não há sinal de tempo. Score usa só encaixe e valor.,MG Special: USD 55 em jogo — o produto mais barato do catálogo.,
IKR0NSUE,Moses Frase,Dustin Brinkmann,Central,MG Special,,,Prospecting,,,55.0,Engajar,2,19.4,média,46,43.6,,0.0,Seu histórico em MG Special é 26 de 46 (57%) — abaixo da sua média (66%) e da geral (63%).,Sem data de engajamento: não há sinal de tempo. Score usa só encaixe e valor.,MG Special: USD 55 em jogo — o produto mais barato do catálogo.,
KN4LCS4D,Moses Frase,Dustin Brinkmann,Central,MG Special,,,Prospecting,,,55.0,Engajar,2,19.4,média,46,43.6,,0.0,Seu histórico em MG Special é 26 de 46 (57%) — abaixo da sua média (66%) e da geral (63%).,Sem data de engajamento: não há sinal de tempo. Score usa só encaixe e valor.,MG Special: USD 55 em jogo — o produto mais barato do catálogo.,
BUOI3TBI,Gladys Colclough,Melvin Marxen,Central,MG Special,Rundofase,technology,Prospecting,,,55.0,Engajar,2,17.8,média,49,40.0,,0.0,Seu histórico em MG Special é 30 de 49 (61%) — abaixo da média geral (63%).,Sem data de engajamento: não há sinal de tempo. Score usa só encaixe e valor.,MG Special: USD 55 em jogo — o produto mais barato do catálogo.,
D8ZJ6F45,Gladys Colclough,Melvin Marxen,Central,MG Special,Yearin,retail,Prospecting,,,55.0,Engajar,2,17.8,média,49,40.0,,0.0,Seu histórico em MG Special é 30 de 49 (61%) — abaixo da média geral (63%).,Sem data de engajamento: não há sinal de tempo. Score usa só encaixe e valor.,MG Special: USD 55 em jogo — o produto mais barato do catálogo.,
DOP1NORG,Gladys Colclough,Melvin Marxen,Central,MG Special,Plexzap,retail,Prospecting,,,55.0,Engajar,2,17.8,média,49,40.0,,0.0,Seu histórico em MG Special é 30 de 49 (61%) — abaixo da média geral (63%).,Sem data de engajamento: não há sinal de tempo. Score usa só encaixe e valor.,MG Special: USD 55 em jogo — o produto mais barato do catálogo.,
F22C6LKO,Gladys Colclough,Melvin Marxen,Central,MG Special,The New York Inquirer,medical,Prospecting,,,55.0,Engajar,2,17.8,média,49,40.0,,0.0,Seu histórico em MG Special é 30 de 49 (61%) — abaixo da média geral (63%).,Sem data de engajamento: não há sinal de tempo. Score usa só encaixe e valor.,MG Special: USD 55 em jogo — o produto mais barato do catálogo.,
HP50ZWIZ,Gladys Colclough,Melvin Marxen,Central,MG Special,,,Prospecting,,,55.0,Engajar,2,17.8,média,49,40.0,,0.0,Seu histórico em MG Special é 30 de 49 (61%) — abaixo da média geral (63%).,Sem data de engajamento: não há sinal de tempo. Score usa só encaixe e valor.,MG Special: USD 55 em jogo — o produto mais barato do catálogo.,
OIBR7UA7,Gladys Colclough,Melvin Marxen,Central,MG Special,,,Prospecting,,,55.0,Engajar,2,17.8,média,49,40.0,,0.0,Seu histórico em MG Special é 30 de 49 (61%) — abaixo da média geral (63%).,Sem data de engajamento: não há sinal de tempo. Score usa só encaixe e valor.,MG Special: USD 55 em jogo — o produto mais barato do catálogo.,
P0B49XCI,Gladys Colclough,Melvin Marxen,Central,MG Special,Codehow,software,Prospecting,,,55.0,Engajar,2,17.8,média,49,40.0,,0.0,Seu histórico em MG Special é 30 de 49 (61%) — abaixo da média geral (63%).,Sem data de engajamento: não há sinal de tempo. Score usa só encaixe e valor.,MG Special: USD 55 em jogo — o produto mais barato do catálogo.,
Q9CASEJL,Gladys Colclough,Melvin Marxen,Central,MG Special,,,Prospecting,,,55.0,Engajar,2,17.8,média,49,40.0,,0.0,Seu histórico em MG Special é 30 de 49 (61%) — abaixo da média geral (63%).,Sem data de engajamento: não há sinal de tempo. Score usa só encaixe e valor.,MG Special: USD 55 em jogo — o produto mais barato do catálogo.,
WA3U0EVI,Gladys Colclough,Melvin Marxen,Central,MG Special,,,Prospecting,,,55.0,Engajar,2,17.8,média,49,40.0,,0.0,Seu histórico em MG Special é 30 de 49 (61%) — abaixo da média geral (63%).,Sem data de engajamento: não há sinal de tempo. Score usa só encaixe e valor.,MG Special: USD 55 em jogo — o produto mais barato do catálogo.,
X3KQZM1K,Gladys Colclough,Melvin Marxen,Central,MG Special,,,Prospecting,,,55.0,Engajar,2,17.8,média,49,40.0,,0.0,Seu histórico em MG Special é 30 de 49 (61%) — abaixo da média geral (63%).,Sem data de engajamento: não há sinal de tempo. Score usa só encaixe e valor.,MG Special: USD 55 em jogo — o produto mais barato do catálogo.,
6IG2A8KD,Niesha Huffines,Melvin Marxen,Central,MG Special,,,Prospecting,,,55.0,Engajar,2,15.8,média,22,35.6,,0.0,Seu histórico em MG Special é 12 de 22 (55%) — abaixo da sua média (60%) e da geral (63%).,Sem data de engajamento: não há sinal de tempo. Score usa só encaixe e valor.,MG Special: USD 55 em jogo — o produto mais barato do catálogo.,
8TLX2786,Niesha Huffines,Melvin Marxen,Central,MG Special,,,Prospecting,,,55.0,Engajar,2,15.8,média,22,35.6,,0.0,Seu histórico em MG Special é 12 de 22 (55%) — abaixo da sua média (60%) e da geral (63%).,Sem data de engajamento: não há sinal de tempo. Score usa só encaixe e valor.,MG Special: USD 55 em jogo — o produto mais barato do catálogo.,
K7L1RE8B,Niesha Huffines,Melvin Marxen,Central,MG Special,,,Prospecting,,,55.0,Engajar,2,15.8,média,22,35.6,,0.0,Seu histórico em MG Special é 12 de 22 (55%) — abaixo da sua média (60%) e da geral (63%).,Sem data de engajamento: não há sinal de tempo. Score usa só encaixe e valor.,MG Special: USD 55 em jogo — o produto mais barato do catálogo.,
MFU6Y5HX,Niesha Huffines,Melvin Marxen,Central,MG Special,,,Prospecting,,,55.0,Engajar,2,15.8,média,22,35.6,,0.0,Seu histórico em MG Special é 12 de 22 (55%) — abaixo da sua média (60%) e da geral (63%).,Sem data de engajamento: não há sinal de tempo. Score usa só encaixe e valor.,MG Special: USD 55 em jogo — o produto mais barato do catálogo.,
RKP2DVSU,Niesha Huffines,Melvin Marxen,Central,MG Special,Hottechi,technology,Prospecting,,,55.0,Engajar,2,15.8,média,22,35.6,,0.0,Seu histórico em MG Special é 12 de 22 (55%) — abaixo da sua média (60%) e da geral (63%).,Sem data de engajamento: não há sinal de tempo. Score usa só encaixe e valor.,MG Special: USD 55 em jogo — o produto mais barato do catálogo.,
RPCZJOE2,Niesha Huffines,Melvin Marxen,Central,MG Special,,,Prospecting,,,55.0,Engajar,2,15.8,média,22,35.6,,0.0,Seu histórico em MG Special é 12 de 22 (55%) — abaixo da sua média (60%) e da geral (63%).,Sem data de engajamento: não há sinal de tempo. Score usa só encaixe e valor.,MG Special: USD 55 em jogo — o produto mais barato do catálogo.,
T3T4OE0A,Niesha Huffines,Melvin Marxen,Central,MG Special,Konex,technology,Prospecting,,,55.0,Engajar,2,15.8,média,22,35.6,,0.0,Seu histórico em MG Special é 12 de 22 (55%) — abaixo da sua média (60%) e da geral (63%).,Sem data de engajamento: não há sinal de tempo. Score usa só encaixe e valor.,MG Special: USD 55 em jogo — o produto mais barato do catálogo.,
Y0EKPBLQ,Niesha Huffines,Melvin Marxen,Central,MG Special,,,Prospecting,,,55.0,Engajar,2,15.8,média,22,35.6,,0.0,Seu histórico em MG Special é 12 de 22 (55%) — abaixo da sua média (60%) e da geral (63%).,Sem data de engajamento: não há sinal de tempo. Score usa só encaixe e valor.,MG Special: USD 55 em jogo — o produto mais barato do catálogo.,
Z9CW6K35,Niesha Huffines,Melvin Marxen,Central,MG Special,,,Prospecting,,,55.0,Engajar,2,15.8,média,22,35.6,,0.0,Seu histórico em MG Special é 12 de 22 (55%) — abaixo da sua média (60%) e da geral (63%).,Sem data de engajamento: não há sinal de tempo. Score usa só encaixe e valor.,MG Special: USD 55 em jogo — o produto mais barato do catálogo.,
GLQLEZJM,Lajuana Vencill,Dustin Brinkmann,Central,MG Special,,,Prospecting,,,55.0,Engajar,2,8.3,média,36,18.6,,0.0,Seu histórico em MG Special é 18 de 36 (50%) — abaixo da sua média (55%) e da geral (63%).,Sem data de engajamento: não há sinal de tempo. Score usa só encaixe e valor.,MG Special: USD 55 em jogo — o produto mais barato do catálogo.,
HSGGBG9J,Lajuana Vencill,Dustin Brinkmann,Central,MG Special,Codehow,software,Prospecting,,,55.0,Engajar,2,8.3,média,36,18.6,,0.0,Seu histórico em MG Special é 18 de 36 (50%) — abaixo da sua média (55%) e da geral (63%).,Sem data de engajamento: não há sinal de tempo. Score usa só encaixe e valor.,MG Special: USD 55 em jogo — o produto mais barato do catálogo.,
JZ4QLP1W,Lajuana Vencill,Dustin Brinkmann,Central,MG Special,Bioplex,medical,Prospecting,,,55.0,Engajar,2,8.3,média,36,18.6,,0.0,Seu histórico em MG Special é 18 de 36 (50%) — abaixo da sua média (55%) e da geral (63%).,Sem data de engajamento: não há sinal de tempo. Score usa só encaixe e valor.,MG Special: USD 55 em jogo — o produto mais barato do catálogo.,
M4WW6I1S,Lajuana Vencill,Dustin Brinkmann,Central,MG Special,,,Prospecting,,,55.0,Engajar,2,8.3,média,36,18.6,,0.0,Seu histórico em MG Special é 18 de 36 (50%) — abaixo da sua média (55%) e da geral (63%).,Sem data de engajamento: não há sinal de tempo. Score usa só encaixe e valor.,MG Special: USD 55 em jogo — o produto mais barato do catálogo.,
N6JMQG0E,Lajuana Vencill,Dustin Brinkmann,Central,MG Special,,,Prospecting,,,55.0,Engajar,2,8.3,média,36,18.6,,0.0,Seu histórico em MG Special é 18 de 36 (50%) — abaixo da sua média (55%) e da geral (63%).,Sem data de engajamento: não há sinal de tempo. Score usa só encaixe e valor.,MG Special: USD 55 em jogo — o produto mais barato do catálogo.,
O7MBZPN4,Lajuana Vencill,Dustin Brinkmann,Central,MG Special,,,Prospecting,,,55.0,Engajar,2,8.3,média,36,18.6,,0.0,Seu histórico em MG Special é 18 de 36 (50%) — abaixo da sua média (55%) e da geral (63%).,Sem data de engajamento: não há sinal de tempo. Score usa só encaixe e valor.,MG Special: USD 55 em jogo — o produto mais barato do catálogo.,
TBNPWPNE,Lajuana Vencill,Dustin Brinkmann,Central,MG Special,,,Prospecting,,,55.0,Engajar,2,8.3,média,36,18.6,,0.0,Seu histórico em MG Special é 18 de 36 (50%) — abaixo da sua média (55%) e da geral (63%).,Sem data de engajamento: não há sinal de tempo. Score usa só encaixe e valor.,MG Special: USD 55 em jogo — o produto mais barato do catálogo.,
XS7B6QT7,Lajuana Vencill,Dustin Brinkmann,Central,MG Special,,,Prospecting,,,55.0,Engajar,2,8.3,média,36,18.6,,0.0,Seu histórico em MG Special é 18 de 36 (50%) — abaixo da sua média (55%) e da geral (63%).,Sem data de engajamento: não há sinal de tempo. Score usa só encaixe e valor.,MG Special: USD 55 em jogo — o produto mais barato do catálogo.,
125VIRMX,Elease Gluck,Celia Rouche,West,GTK 500,Warephase,services,Engaging,2016-12-19,377.0,26768.0,Decidir,3,,pequena,12,47.6,,100.0,Seu histórico em GTK 500 é 7 de 12 (58%). Base pequena: o score usa 62% (puxado para a sua média de 63%).,"Há 377 dias em Engaging. Nenhum deal do histórico fechou depois de 138 dias; 1291 abertos já passaram disso sem fechar. Não é esforço, é decisão: requalificar ou descartar.",GTK 500: USD 26.768 em jogo — o produto mais caro do catálogo.,
A7SA2L21,Elease Gluck,Celia Rouche,West,GTK 500,,,Engaging,2017-01-30,335.0,26768.0,Decidir,3,,pequena,12,47.6,,100.0,Seu histórico em GTK 500 é 7 de 12 (58%). Base pequena: o score usa 62% (puxado para a sua média de 63%).,"Há 335 dias em Engaging. Nenhum deal do histórico fechou depois de 138 dias; 1291 abertos já passaram disso sem fechar. Não é esforço, é decisão: requalificar ou descartar.",GTK 500: USD 26.768 em jogo — o produto mais caro do catálogo.,
YFB7Y92U,Elease Gluck,Celia Rouche,West,GTK 500,,,Engaging,2017-02-07,327.0,26768.0,Decidir,3,,pequena,12,47.6,,100.0,Seu histórico em GTK 500 é 7 de 12 (58%). Base pequena: o score usa 62% (puxado para a sua média de 63%).,"Há 327 dias em Engaging. Nenhum deal do histórico fechou depois de 138 dias; 1291 abertos já passaram disso sem fechar. Não é esforço, é decisão: requalificar ou descartar.",GTK 500: USD 26.768 em jogo — o produto mais caro do catálogo.,
SCS5H8V1,Markita Hansen,Celia Rouche,West,GTK 500,Vehement Capital Partners,finance,Engaging,2017-02-14,320.0,26768.0,Decidir,3,,pequena,5,34.4,,100.0,Seu histórico em GTK 500 é 3 de 5 (60%). Base pequena: o score usa 58% (puxado para a sua média de 57%).,"Há 320 dias em Engaging. Nenhum deal do histórico fechou depois de 138 dias; 1291 abertos já passaram disso sem fechar. Não é esforço, é decisão: requalificar ou descartar.",GTK 500: USD 26.768 em jogo — o produto mais caro do catálogo.,
AKMV6WN5,Elease Gluck,Celia Rouche,West,GTK 500,,,Engaging,2017-04-06,269.0,26768.0,Decidir,3,,pequena,12,47.6,,100.0,Seu histórico em GTK 500 é 7 de 12 (58%). Base pequena: o score usa 62% (puxado para a sua média de 63%).,"Há 269 dias em Engaging. Nenhum deal do histórico fechou depois de 138 dias; 1291 abertos já passaram disso sem fechar. Não é esforço, é decisão: requalificar ou descartar.",GTK 500: USD 26.768 em jogo — o produto mais caro do catálogo.,
DJMPI9TO,Elease Gluck,Celia Rouche,West,GTK 500,Xx-zobam,entertainment,Engaging,2017-04-18,257.0,26768.0,Decidir,3,,pequena,12,47.6,,100.0,Seu histórico em GTK 500 é 7 de 12 (58%). Base pequena: o score usa 62% (puxado para a sua média de 63%).,"Há 257 dias em Engaging. Nenhum deal do histórico fechou depois de 138 dias; 1291 abertos já passaram disso sem fechar. Não é esforço, é decisão: requalificar ou descartar.",GTK 500: USD 26.768 em jogo — o produto mais caro do catálogo.,
GL1YE4PQ,Markita Hansen,Celia Rouche,West,GTK 500,,,Engaging,2017-05-09,236.0,26768.0,Decidir,3,,pequena,5,34.4,,100.0,Seu histórico em GTK 500 é 3 de 5 (60%). Base pequena: o score usa 58% (puxado para a sua média de 57%).,"Há 236 dias em Engaging. Nenhum deal do histórico fechou depois de 138 dias; 1291 abertos já passaram disso sem fechar. Não é esforço, é decisão: requalificar ou descartar.",GTK 500: USD 26.768 em jogo — o produto mais caro do catálogo.,
N3GVE0VP,Markita Hansen,Celia Rouche,West,GTK 500,,,Engaging,2017-05-18,227.0,26768.0,Decidir,3,,pequena,5,34.4,,100.0,Seu histórico em GTK 500 é 3 de 5 (60%). Base pequena: o score usa 58% (puxado para a sua média de 57%).,"Há 227 dias em Engaging. Nenhum deal do histórico fechou depois de 138 dias; 1291 abertos já passaram disso sem fechar. Não é esforço, é decisão: requalificar ou descartar.",GTK 500: USD 26.768 em jogo — o produto mais caro do catálogo.,
GG85QBTM,Elease Gluck,Celia Rouche,West,GTK 500,Lexiqvolax,medical,Engaging,2017-06-10,204.0,26768.0,Decidir,3,,pequena,12,47.6,,100.0,Seu histórico em GTK 500 é 7 de 12 (58%). Base pequena: o score usa 62% (puxado para a sua média de 63%).,"Há 204 dias em Engaging. Nenhum deal do histórico fechou depois de 138 dias; 1291 abertos já passaram disso sem fechar. Não é esforço, é decisão: requalificar ou descartar.",GTK 500: USD 26.768 em jogo — o produto mais caro do catálogo.,
5URQT67R,Markita Hansen,Celia Rouche,West,GTK 500,Treequote,telecommunications,Engaging,2017-06-14,200.0,26768.0,Decidir,3,,pequena,5,34.4,,100.0,Seu histórico em GTK 500 é 3 de 5 (60%). Base pequena: o score usa 58% (puxado para a sua média de 57%).,"Há 200 dias em Engaging. Nenhum deal do histórico fechou depois de 138 dias; 1291 abertos já passaram disso sem fechar. Não é esforço, é decisão: requalificar ou descartar.",GTK 500: USD 26.768 em jogo — o produto mais caro do catálogo.,
021Z2J9L,Markita Hansen,Celia Rouche,West,GTK 500,Rundofase,technology,Engaging,2017-07-23,161.0,26768.0,Decidir,3,,pequena,5,34.4,,100.0,Seu histórico em GTK 500 é 3 de 5 (60%). Base pequena: o score usa 58% (puxado para a sua média de 57%).,"Há 161 dias em Engaging. Nenhum deal do histórico fechou depois de 138 dias; 1291 abertos já passaram disso sem fechar. Não é esforço, é decisão: requalificar ou descartar.",GTK 500: USD 26.768 em jogo — o produto mais caro do catálogo.,
9SRD5NCR,Rosalina Dieter,Celia Rouche,West,GTK 500,,,Engaging,2017-07-27,157.0,26768.0,Decidir,3,,pequena,6,61.9,,100.0,Seu histórico em GTK 500 é 5 de 6 (83%). Base pequena: o score usa 67% (puxado para a sua média de 65%).,"Há 157 dias em Engaging. Nenhum deal do histórico fechou depois de 138 dias; 1291 abertos já passaram disso sem fechar. Não é esforço, é decisão: requalificar ou descartar.",GTK 500: USD 26.768 em jogo — o produto mais caro do catálogo.,
DO6VKC2G,Marty Freudenburg,Melvin Marxen,Central,GTK 500,,,Engaging,2017-08-01,152.0,26768.0,Decidir,3,,pequena,0,49.3,,100.0,Você ainda não fechou nenhum GTK 500. O score usa a sua média geral (63%).,"Há 152 dias em Engaging. Nenhum deal do histórico fechou depois de 138 dias; 1291 abertos já passaram disso sem fechar. Não é esforço, é decisão: requalificar ou descartar.",GTK 500: USD 26.768 em jogo — o produto mais caro do catálogo.,
A04V2WB3,Elease Gluck,Celia Rouche,West,GTK 500,,,Engaging,2017-08-03,150.0,26768.0,Decidir,3,,pequena,12,47.6,,100.0,Seu histórico em GTK 500 é 7 de 12 (58%). Base pequena: o score usa 62% (puxado para a sua média de 63%).,"Há 150 dias em Engaging. Nenhum deal do histórico fechou depois de 138 dias; 1291 abertos já passaram disso sem fechar. Não é esforço, é decisão: requalificar ou descartar.",GTK 500: USD 26.768 em jogo — o produto mais caro do catálogo.,
UAE5ZC7O,Daniell Hammack,Rocco Neubert,East,GTX Plus Pro,,,Engaging,2016-12-05,391.0,5482.0,Decidir,3,,média,27,50.4,,74.0,Você fecha GTX Plus Pro em 18 de 27 deals (67%) — acima da média geral (63%).,"Há 391 dias em Engaging. Nenhum deal do histórico fechou depois de 138 dias; 1291 abertos já passaram disso sem fechar. Não é esforço, é decisão: requalificar ou descartar.",GTX Plus Pro: USD 5.482 em jogo — 2º produto mais caro dos 7.,
WALNFJ70,Kary Hendrixson,Summer Sewald,West,GTX Plus Pro,,,Engaging,2016-12-08,388.0,5482.0,Decidir,3,,média,31,50.4,,74.0,Você fecha GTX Plus Pro em 20 de 31 deals (65%) — acima da média geral (63%).,"Há 388 dias em Engaging. Nenhum deal do histórico fechou depois de 138 dias; 1291 abertos já passaram disso sem fechar. Não é esforço, é decisão: requalificar ou descartar.",GTX Plus Pro: USD 5.482 em jogo — 2º produto mais caro dos 7.,
EZVKSQ9C,Boris Faz,Rocco Neubert,East,GTX Plus Pro,Genco Pura Olive Oil Company,retail,Engaging,2016-12-16,380.0,5482.0,Decidir,3,,média,29,53.2,,74.0,Você fecha GTX Plus Pro em 18 de 29 deals (62%) — acima da média geral (63%).,"Há 380 dias em Engaging. Nenhum deal do histórico fechou depois de 138 dias; 1291 abertos já passaram disso sem fechar. Não é esforço, é decisão: requalificar ou descartar.",GTX Plus Pro: USD 5.482 em jogo — 2º produto mais caro dos 7.,
DWUXMAGZ,Corliss Cosme,Cara Losch,East,GTX Plus Pro,,,Engaging,2016-12-17,379.0,5482.0,Decidir,3,,média,38,76.4,,74.0,Você fecha GTX Plus Pro em 30 de 38 deals (79%) — bem acima da média geral (63%).,"Há 379 dias em Engaging. Nenhum deal do histórico fechou depois de 138 dias; 1291 abertos já passaram disso sem fechar. Não é esforço, é decisão: requalificar ou descartar.",GTX Plus Pro: USD 5.482 em jogo — 2º produto mais caro dos 7.,
2HT2R2GY,Cassey Cress,Rocco Neubert,East,GTX Plus Pro,,,Engaging,2016-12-29,367.0,5482.0,Decidir,3,,média,32,39.8,,74.0,Seu histórico em GTX Plus Pro é 18 de 32 (56%) — abaixo da sua média (62%) e da geral (63%).,"Há 367 dias em Engaging. Nenhum deal do histórico fechou depois de 138 dias; 1291 abertos já passaram disso sem fechar. Não é esforço, é decisão: requalificar ou descartar.",GTX Plus Pro: USD 5.482 em jogo — 2º produto mais caro dos 7.,
QM6VR1H5,Daniell Hammack,Rocco Neubert,East,GTX Plus Pro,,,Engaging,2017-01-04,361.0,5482.0,Decidir,3,,média,27,50.4,,74.0,Você fecha GTX Plus Pro em 18 de 27 deals (67%) — acima da média geral (63%).,"Há 361 dias em Engaging. Nenhum deal do histórico fechou depois de 138 dias; 1291 abertos já passaram disso sem fechar. Não é esforço, é decisão: requalificar ou descartar.",GTX Plus Pro: USD 5.482 em jogo — 2º produto mais caro dos 7.,
M16D8PYH,Daniell Hammack,Rocco Neubert,East,GTX Plus Pro,,,Engaging,2017-01-05,360.0,5482.0,Decidir,3,,média,27,50.4,,74.0,Você fecha GTX Plus Pro em 18 de 27 deals (67%) — acima da média geral (63%).,"Há 360 dias em Engaging. Nenhum deal do histórico fechou depois de 138 dias; 1291 abertos já passaram disso sem fechar. Não é esforço, é decisão: requalificar ou descartar.",GTX Plus Pro: USD 5.482 em jogo — 2º produto mais caro dos 7.,
T7T1YIM7,Boris Faz,Rocco Neubert,East,GTX Plus Pro,,,Engaging,2017-01-06,359.0,5482.0,Decidir,3,,média,29,53.2,,74.0,Você fecha GTX Plus Pro em 18 de 29 deals (62%) — acima da média geral (63%).,"Há 359 dias em Engaging. Nenhum deal do histórico fechou depois de 138 dias; 1291 abertos já passaram disso sem fechar. Não é esforço, é decisão: requalificar ou descartar.",GTX Plus Pro: USD 5.482 em jogo — 2º produto mais caro dos 7.,
Y6UBZM6P,Vicki Laflamme,Celia Rouche,West,GTX Plus Pro,,,Engaging,2017-01-09,356.0,5482.0,Decidir,3,,média,27,46.5,,74.0,Seu histórico em GTX Plus Pro é 16 de 27 (59%) — abaixo da sua média (64%) e da geral (63%).,"Há 356 dias em Engaging. Nenhum deal do histórico fechou depois de 138 dias; 1291 abertos já passaram disso sem fechar. Não é esforço, é decisão: requalificar ou descartar.",GTX Plus Pro: USD 5.482 em jogo — 2º produto mais caro dos 7.,
8LW65NDL,Violet Mclelland,Cara Losch,East,GTX Plus Pro,,,Engaging,2017-01-10,355.0,5482.0,Decidir,3,,pequena,5,43.1,,74.0,Seu histórico em GTX Plus Pro é 2 de 5 (40%). Base pequena: o score usa 61% (puxado para a sua média de 63%).,"Há 355 dias em Engaging. Nenhum deal do histórico fechou depois de 138 dias; 1291 abertos já passaram disso sem fechar. Não é esforço, é decisão: requalificar ou descartar.",GTX Plus Pro: USD 5.482 em jogo — 2º produto mais caro dos 7.,
RIW4VWBW,Hayden Neloms,Celia Rouche,West,GTX Plus Pro,,,Engaging,2017-01-10,355.0,5482.0,Decidir,3,,pequena,10,80.1,,74.0,Seu histórico em GTX Plus Pro é 9 de 10 (90%). Base pequena: o score usa 72% (puxado para a sua média de 70%).,"Há 355 dias em Engaging. Nenhum deal do histórico fechou depois de 138 dias; 1291 abertos já passaram disso sem fechar. Não é esforço, é decisão: requalificar ou descartar.",GTX Plus Pro: USD 5.482 em jogo — 2º produto mais caro dos 7.,
5VYJCJAE,Corliss Cosme,Cara Losch,East,GTX Plus Pro,Zoomit,entertainment,Engaging,2017-01-15,350.0,5482.0,Decidir,3,,média,38,76.4,,74.0,Você fecha GTX Plus Pro em 30 de 38 deals (79%) — bem acima da média geral (63%).,"Há 350 dias em Engaging. Nenhum deal do histórico fechou depois de 138 dias; 1291 abertos já passaram disso sem fechar. Não é esforço, é decisão: requalificar ou descartar.",GTX Plus Pro: USD 5.482 em jogo — 2º produto mais caro dos 7.,
S3W6Q07M,Kami Bicknell,Summer Sewald,West,GTX Plus Pro,Acme Corporation,technology,Engaging,2017-01-16,349.0,5482.0,Decidir,3,,pequena,18,69.5,,74.0,Seu histórico em GTX Plus Pro é 15 de 18 (83%). Base pequena: o score usa 69% (puxado para a sua média de 64%).,"Há 349 dias em Engaging. Nenhum deal do histórico fechou depois de 138 dias; 1291 abertos já passaram disso sem fechar. Não é esforço, é decisão: requalificar ou descartar.",GTX Plus Pro: USD 5.482 em jogo — 2º produto mais caro dos 7.,
DZ57QIQN,Daniell Hammack,Rocco Neubert,East,GTX Plus Pro,,,Engaging,2017-01-18,347.0,5482.0,Decidir,3,,média,27,50.4,,74.0,Você fecha GTX Plus Pro em 18 de 27 deals (67%) — acima da média geral (63%).,"Há 347 dias em Engaging. Nenhum deal do histórico fechou depois de 138 dias; 1291 abertos já passaram disso sem fechar. Não é esforço, é decisão: requalificar ou descartar.",GTX Plus Pro: USD 5.482 em jogo — 2º produto mais caro dos 7.,
HZIU2NOT,Kary Hendrixson,Summer Sewald,West,GTX Plus Pro,,,Engaging,2017-02-04,330.0,5482.0,Decidir,3,,média,31,50.4,,74.0,Você fecha GTX Plus Pro em 20 de 31 deals (65%) — acima da média geral (63%).,"Há 330 dias em Engaging. Nenhum deal do histórico fechou depois de 138 dias; 1291 abertos já passaram disso sem fechar. Não é esforço, é decisão: requalificar ou descartar.",GTX Plus Pro: USD 5.482 em jogo — 2º produto mais caro dos 7.,
L2S4T3VA,Cassey Cress,Rocco Neubert,East,GTX Plus Pro,,,Engaging,2017-02-08,326.0,5482.0,Decidir,3,,média,32,39.8,,74.0,Seu histórico em GTX Plus Pro é 18 de 32 (56%) — abaixo da sua média (62%) e da geral (63%).,"Há 326 dias em Engaging. Nenhum deal do histórico fechou depois de 138 dias; 1291 abertos já passaram disso sem fechar. Não é esforço, é decisão: requalificar ou descartar.",GTX Plus Pro: USD 5.482 em jogo — 2º produto mais caro dos 7.,
5BXUKFPR,James Ascencio,Summer Sewald,West,GTX Plus Pro,,,Engaging,2017-02-11,323.0,5482.0,Decidir,3,,ampla,64,63.3,,74.0,Você fecha GTX Plus Pro em 44 de 64 deals (69%) — acima da média geral (63%).,"Há 323 dias em Engaging. Nenhum deal do histórico fechou depois de 138 dias; 1291 abertos já passaram disso sem fechar. Não é esforço, é decisão: requalificar ou descartar.",GTX Plus Pro: USD 5.482 em jogo — 2º produto mais caro dos 7.,
JQA8H6M5,Kami Bicknell,Summer Sewald,West,GTX Plus Pro,,,Engaging,2017-02-15,319.0,5482.0,Decidir,3,,pequena,18,69.5,,74.0,Seu histórico em GTX Plus Pro é 15 de 18 (83%). Base pequena: o score usa 69% (puxado para a sua média de 64%).,"Há 319 dias em Engaging. Nenhum deal do histórico fechou depois de 138 dias; 1291 abertos já passaram disso sem fechar. Não é esforço, é decisão: requalificar ou descartar.",GTX Plus Pro: USD 5.482 em jogo — 2º produto mais caro dos 7.,
W24IDMVV,Corliss Cosme,Cara Losch,East,GTX Plus Pro,,,Engaging,2017-02-15,319.0,5482.0,Decidir,3,,média,38,76.4,,74.0,Você fecha GTX Plus Pro em 30 de 38 deals (79%) — bem acima da média geral (63%).,"Há 319 dias em Engaging. Nenhum deal do histórico fechou depois de 138 dias; 1291 abertos já passaram disso sem fechar. Não é esforço, é decisão: requalificar ou descartar.",GTX Plus Pro: USD 5.482 em jogo — 2º produto mais caro dos 7.,
1GIP77EP,Maureen Marcano,Summer Sewald,West,GTX Plus Pro,,,Engaging,2017-02-21,313.0,5482.0,Decidir,3,,média,32,84.7,,74.0,Você fecha GTX Plus Pro em 26 de 32 deals (81%) — bem acima da média geral (63%).,"Há 313 dias em Engaging. Nenhum deal do histórico fechou depois de 138 dias; 1291 abertos já passaram disso sem fechar. Não é esforço, é decisão: requalificar ou descartar.",GTX Plus Pro: USD 5.482 em jogo — 2º produto mais caro dos 7.,
DN6SG3US,Wilburn Farren,Cara Losch,East,GTX Plus Pro,,,Engaging,2017-02-25,309.0,5482.0,Decidir,3,,pequena,11,55.7,,74.0,Seu histórico em GTX Plus Pro é 6 de 11 (55%). Base pequena: o score usa 65% (puxado para a sua média de 70%).,"Há 309 dias em Engaging. Nenhum deal do histórico fechou depois de 138 dias; 1291 abertos já passaram disso sem fechar. Não é esforço, é decisão: requalificar ou descartar.",GTX Plus Pro: USD 5.482 em jogo — 2º produto mais caro dos 7.,
R5RSH4JV,Boris Faz,Rocco Neubert,East,GTX Plus Pro,,,Engaging,2017-02-25,309.0,5482.0,Decidir,3,,média,29,53.2,,74.0,Você fecha GTX Plus Pro em 18 de 29 deals (62%) — acima da média geral (63%).,"Há 309 dias em Engaging. Nenhum deal do histórico fechou depois de 138 dias; 1291 abertos já passaram disso sem fechar. Não é esforço, é decisão: requalificar ou descartar.",GTX Plus Pro: USD 5.482 em jogo — 2º produto mais caro dos 7.,
X1D1HYMM,James Ascencio,Summer Sewald,West,GTX Plus Pro,,,Engaging,2017-02-25,309.0,5482.0,Decidir,3,,ampla,64,63.3,,74.0,Você fecha GTX Plus Pro em 44 de 64 deals (69%) — acima da média geral (63%).,"Há 309 dias em Engaging. Nenhum deal do histórico fechou depois de 138 dias; 1291 abertos já passaram disso sem fechar. Não é esforço, é decisão: requalificar ou descartar.",GTX Plus Pro: USD 5.482 em jogo — 2º produto mais caro dos 7.,
9E8A7MQ8,Kary Hendrixson,Summer Sewald,West,GTX Plus Pro,Blackzim,retail,Engaging,2017-02-26,308.0,5482.0,Decidir,3,,média,31,50.4,,74.0,Você fecha GTX Plus Pro em 20 de 31 deals (65%) — acima da média geral (63%).,"Há 308 dias em Engaging. Nenhum deal do histórico fechou depois de 138 dias; 1291 abertos já passaram disso sem fechar. Não é esforço, é decisão: requalificar ou descartar.",GTX Plus Pro: USD 5.482 em jogo — 2º produto mais caro dos 7.,
JSZZN48S,James Ascencio,Summer Sewald,West,GTX Plus Pro,,,Engaging,2017-02-28,306.0,5482.0,Decidir,3,,ampla,64,63.3,,74.0,Você fecha GTX Plus Pro em 44 de 64 deals (69%) — acima da média geral (63%).,"Há 306 dias em Engaging. Nenhum deal do histórico fechou depois de 138 dias; 1291 abertos já passaram disso sem fechar. Não é esforço, é decisão: requalificar ou descartar.",GTX Plus Pro: USD 5.482 em jogo — 2º produto mais caro dos 7.,
TV300INP,Wilburn Farren,Cara Losch,East,GTX Plus Pro,,,Engaging,2017-03-03,303.0,5482.0,Decidir,3,,pequena,11,55.7,,74.0,Seu histórico em GTX Plus Pro é 6 de 11 (55%). Base pequena: o score usa 65% (puxado para a sua média de 70%).,"Há 303 dias em Engaging. Nenhum deal do histórico fechou depois de 138 dias; 1291 abertos já passaram disso sem fechar. Não é esforço, é decisão: requalificar ou descartar.",GTX Plus Pro: USD 5.482 em jogo — 2º produto mais caro dos 7.,
1B27CZ2M,James Ascencio,Summer Sewald,West,GTX Plus Pro,,,Engaging,2017-03-10,296.0,5482.0,Decidir,3,,ampla,64,63.3,,74.0,Você fecha GTX Plus Pro em 44 de 64 deals (69%) — acima da média geral (63%).,"Há 296 dias em Engaging. Nenhum deal do histórico fechou depois de 138 dias; 1291 abertos já passaram disso sem fechar. Não é esforço, é decisão: requalificar ou descartar.",GTX Plus Pro: USD 5.482 em jogo — 2º produto mais caro dos 7.,
MN6E59H6,Markita Hansen,Celia Rouche,West,GTX Plus Pro,,,Engaging,2017-03-14,292.0,5482.0,Decidir,3,,pequena,14,27.9,,74.0,Seu histórico em GTX Plus Pro é 7 de 14 (50%). Base pequena: o score usa 57% (puxado para a sua média de 57%).,"Há 292 dias em Engaging. Nenhum deal do histórico fechou depois de 138 dias; 1291 abertos já passaram disso sem fechar. Não é esforço, é decisão: requalificar ou descartar.",GTX Plus Pro: USD 5.482 em jogo — 2º produto mais caro dos 7.,
AF7XJNED,Rosie Papadopoulos,Cara Losch,East,GTX Plus Pro,,,Engaging,2017-03-16,290.0,5482.0,Decidir,3,,pequena,18,45.6,,74.0,Seu histórico em GTX Plus Pro é 10 de 18 (56%). Base pequena: o score usa 62% (puxado para a sua média de 64%).,"Há 290 dias em Engaging. Nenhum deal do histórico fechou depois de 138 dias; 1291 abertos já passaram disso sem fechar. Não é esforço, é decisão: requalificar ou descartar.",GTX Plus Pro: USD 5.482 em jogo — 2º produto mais caro dos 7.,
RQULJHTU,Daniell Hammack,Rocco Neubert,East,GTX Plus Pro,,,Engaging,2017-03-16,290.0,5482.0,Decidir,3,,média,27,50.4,,74.0,Você fecha GTX Plus Pro em 18 de 27 deals (67%) — acima da média geral (63%).,"Há 290 dias em Engaging. Nenhum deal do histórico fechou depois de 138 dias; 1291 abertos já passaram disso sem fechar. Não é esforço, é decisão: requalificar ou descartar.",GTX Plus Pro: USD 5.482 em jogo — 2º produto mais caro dos 7.,
04YGLJ3N,Kary Hendrixson,Summer Sewald,West,GTX Plus Pro,,,Engaging,2017-03-17,289.0,5482.0,Decidir,3,,média,31,50.4,,74.0,Você fecha GTX Plus Pro em 20 de 31 deals (65%) — acima da média geral (63%).,"Há 289 dias em Engaging. Nenhum deal do histórico fechou depois de 138 dias; 1291 abertos já passaram disso sem fechar. Não é esforço, é decisão: requalificar ou descartar.",GTX Plus Pro: USD 5.482 em jogo — 2º produto mais caro dos 7.,
1GT10YJD,Vicki Laflamme,Celia Rouche,West,GTX Plus Pro,,,Engaging,2017-03-17,289.0,5482.0,Decidir,3,,média,27,46.5,,74.0,Seu histórico em GTX Plus Pro é 16 de 27 (59%) — abaixo da sua média (64%) e da geral (63%).,"Há 289 dias em Engaging. Nenhum deal do histórico fechou depois de 138 dias; 1291 abertos já passaram disso sem fechar. Não é esforço, é decisão: requalificar ou descartar.",GTX Plus Pro: USD 5.482 em jogo — 2º produto mais caro dos 7.,
IN9S33CD,Rosalina Dieter,Celia Rouche,West,GTX Plus Pro,Finhigh,finance,Engaging,2017-03-17,289.0,5482.0,Decidir,3,,pequena,2,53.4,,74.0,Seu histórico em GTX Plus Pro é 1 de 2 (50%). Base pequena: o score usa 64% (puxado para a sua média de 65%).,"Há 289 dias em Engaging. Nenhum deal do histórico fechou depois de 138 dias; 1291 abertos já passaram disso sem fechar. Não é esforço, é decisão: requalificar ou descartar.",GTX Plus Pro: USD 5.482 em jogo — 2º produto mais caro dos 7.,
43LFUTVM,Zane Levy,Summer Sewald,West,GTX Plus Pro,,,Engaging,2017-03-24,282.0,5482.0,Decidir,3,,média,32,50.7,,74.0,Você fecha GTX Plus Pro em 21 de 32 deals (66%) — acima da média geral (63%).,"Há 282 dias em Engaging. Nenhum deal do histórico fechou depois de 138 dias; 1291 abertos já passaram disso sem fechar. Não é esforço, é decisão: requalificar ou descartar.",GTX Plus Pro: USD 5.482 em jogo — 2º produto mais caro dos 7.,
CR6ZLEWC,Kary Hendrixson,Summer Sewald,West,GTX Plus Pro,,,Engaging,2017-03-24,282.0,5482.0,Decidir,3,,média,31,50.4,,74.0,Você fecha GTX Plus Pro em 20 de 31 deals (65%) — acima da média geral (63%).,"Há 282 dias em Engaging. Nenhum deal do histórico fechou depois de 138 dias; 1291 abertos já passaram disso sem fechar. Não é esforço, é decisão: requalificar ou descartar.",GTX Plus Pro: USD 5.482 em jogo — 2º produto mais caro dos 7.,
M41NS5DN,Cassey Cress,Rocco Neubert,East,GTX Plus Pro,,,Engaging,2017-03-24,282.0,5482.0,Decidir,3,,média,32,39.8,,74.0,Seu histórico em GTX Plus Pro é 18 de 32 (56%) — abaixo da sua média (62%) e da geral (63%).,"Há 282 dias em Engaging. Nenhum deal do histórico fechou depois de 138 dias; 1291 abertos já passaram disso sem fechar. Não é esforço, é decisão: requalificar ou descartar.",GTX Plus Pro: USD 5.482 em jogo — 2º produto mais caro dos 7.,
5G4I94TF,Kary Hendrixson,Summer Sewald,West,GTX Plus Pro,Statholdings,employment,Engaging,2017-03-26,280.0,5482.0,Decidir,3,,média,31,50.4,,74.0,Você fecha GTX Plus Pro em 20 de 31 deals (65%) — acima da média geral (63%).,"Há 280 dias em Engaging. Nenhum deal do histórico fechou depois de 138 dias; 1291 abertos já passaram disso sem fechar. Não é esforço, é decisão: requalificar ou descartar.",GTX Plus Pro: USD 5.482 em jogo — 2º produto mais caro dos 7.,
LIQZNH9U,Kary Hendrixson,Summer Sewald,West,GTX Plus Pro,,,Engaging,2017-03-31,275.0,5482.0,Decidir,3,,média,31,50.4,,74.0,Você fecha GTX Plus Pro em 20 de 31 deals (65%) — acima da média geral (63%).,"Há 275 dias em Engaging. Nenhum deal do histórico fechou depois de 138 dias; 1291 abertos já passaram disso sem fechar. Não é esforço, é decisão: requalificar ou descartar.",GTX Plus Pro: USD 5.482 em jogo — 2º produto mais caro dos 7.,
DQ7GS2BN,James Ascencio,Summer Sewald,West,GTX Plus Pro,,,Engaging,2017-04-02,273.0,5482.0,Decidir,3,,ampla,64,63.3,,74.0,Você fecha GTX Plus Pro em 44 de 64 deals (69%) — acima da média geral (63%).,"Há 273 dias em Engaging. Nenhum deal do histórico fechou depois de 138 dias; 1291 abertos já passaram disso sem fechar. Não é esforço, é decisão: requalificar ou descartar.",GTX Plus Pro: USD 5.482 em jogo — 2º produto mais caro dos 7.,
MB7G8DWS,Cassey Cress,Rocco Neubert,East,GTX Plus Pro,,,Engaging,2017-04-03,272.0,5482.0,Decidir,3,,média,32,39.8,,74.0,Seu histórico em GTX Plus Pro é 18 de 32 (56%) — abaixo da sua média (62%) e da geral (63%).,"Há 272 dias em Engaging. Nenhum deal do histórico fechou depois de 138 dias; 1291 abertos já passaram disso sem fechar. Não é esforço, é decisão: requalificar ou descartar.",GTX Plus Pro: USD 5.482 em jogo — 2º produto mais caro dos 7.,
D62905BC,Maureen Marcano,Summer Sewald,West,GTX Plus Pro,,,Engaging,2017-04-04,271.0,5482.0,Decidir,3,,média,32,84.7,,74.0,Você fecha GTX Plus Pro em 26 de 32 deals (81%) — bem acima da média geral (63%).,"Há 271 dias em Engaging. Nenhum deal do histórico fechou depois de 138 dias; 1291 abertos já passaram disso sem fechar. Não é esforço, é decisão: requalificar ou descartar.",GTX Plus Pro: USD 5.482 em jogo — 2º produto mais caro dos 7.,
LXZD2PZD,Corliss Cosme,Cara Losch,East,GTX Plus Pro,,,Engaging,2017-04-04,271.0,5482.0,Decidir,3,,média,38,76.4,,74.0,Você fecha GTX Plus Pro em 30 de 38 deals (79%) — bem acima da média geral (63%).,"Há 271 dias em Engaging. Nenhum deal do histórico fechou depois de 138 dias; 1291 abertos já passaram disso sem fechar. Não é esforço, é decisão: requalificar ou descartar.",GTX Plus Pro: USD 5.482 em jogo — 2º produto mais caro dos 7.,
FM505XD5,Daniell Hammack,Rocco Neubert,East,GTX Plus Pro,Y-corporation,employment,Engaging,2017-04-08,267.0,5482.0,Decidir,3,,média,27,50.4,,74.0,Você fecha GTX Plus Pro em 18 de 27 deals (67%) — acima da média geral (63%).,"Há 267 dias em Engaging. Nenhum deal do histórico fechou depois de 138 dias; 1291 abertos já passaram disso sem fechar. Não é esforço, é decisão: requalificar ou descartar.",GTX Plus Pro: USD 5.482 em jogo — 2º produto mais caro dos 7.,
CVFUMOK9,Corliss Cosme,Cara Losch,East,GTX Plus Pro,Rangreen,technology,Engaging,2017-04-12,263.0,5482.0,Decidir,3,,média,38,76.4,,74.0,Você fecha GTX Plus Pro em 30 de 38 deals (79%) — bem acima da média geral (63%).,"Há 263 dias em Engaging. Nenhum deal do histórico fechou depois de 138 dias; 1291 abertos já passaram disso sem fechar. Não é esforço, é decisão: requalificar ou descartar.",GTX Plus Pro: USD 5.482 em jogo — 2º produto mais caro dos 7.,
LSVGDJ1A,Kary Hendrixson,Summer Sewald,West,GTX Plus Pro,,,Engaging,2017-04-17,258.0,5482.0,Decidir,3,,média,31,50.4,,74.0,Você fecha GTX Plus Pro em 20 de 31 deals (65%) — acima da média geral (63%).,"Há 258 dias em Engaging. Nenhum deal do histórico fechou depois de 138 dias; 1291 abertos já passaram disso sem fechar. Não é esforço, é decisão: requalificar ou descartar.",GTX Plus Pro: USD 5.482 em jogo — 2º produto mais caro dos 7.,
BYF6ABTZ,Kary Hendrixson,Summer Sewald,West,GTX Plus Pro,Opentech,finance,Engaging,2017-04-18,257.0,5482.0,Decidir,3,,média,31,50.4,,74.0,Você fecha GTX Plus Pro em 20 de 31 deals (65%) — acima da média geral (63%).,"Há 257 dias em Engaging. Nenhum deal do histórico fechou depois de 138 dias; 1291 abertos já passaram disso sem fechar. Não é esforço, é decisão: requalificar ou descartar.",GTX Plus Pro: USD 5.482 em jogo — 2º produto mais caro dos 7.,
Q8BZ3PC9,Rosie Papadopoulos,Cara Losch,East,GTX Plus Pro,,,Engaging,2017-04-18,257.0,5482.0,Decidir,3,,pequena,18,45.6,,74.0,Seu histórico em GTX Plus Pro é 10 de 18 (56%). Base pequena: o score usa 62% (puxado para a sua média de 64%).,"Há 257 dias em Engaging. Nenhum deal do histórico fechou depois de 138 dias; 1291 abertos já passaram disso sem fechar. Não é esforço, é decisão: requalificar ou descartar.",GTX Plus Pro: USD 5.482 em jogo — 2º produto mais caro dos 7.,
RXAQJKSL,Corliss Cosme,Cara Losch,East,GTX Plus Pro,,,Engaging,2017-04-26,249.0,5482.0,Decidir,3,,média,38,76.4,,74.0,Você fecha GTX Plus Pro em 30 de 38 deals (79%) — bem acima da média geral (63%).,"Há 249 dias em Engaging. Nenhum deal do histórico fechou depois de 138 dias; 1291 abertos já passaram disso sem fechar. Não é esforço, é decisão: requalificar ou descartar.",GTX Plus Pro: USD 5.482 em jogo — 2º produto mais caro dos 7.,
0KEO3OP7,Daniell Hammack,Rocco Neubert,East,GTX Plus Pro,,,Engaging,2017-04-27,248.0,5482.0,Decidir,3,,média,27,50.4,,74.0,Você fecha GTX Plus Pro em 18 de 27 deals (67%) — acima da média geral (63%).,"Há 248 dias em Engaging. Nenhum deal do histórico fechou depois de 138 dias; 1291 abertos já passaram disso sem fechar. Não é esforço, é decisão: requalificar ou descartar.",GTX Plus Pro: USD 5.482 em jogo — 2º produto mais caro dos 7.,
VMIAO42Z,Vicki Laflamme,Celia Rouche,West,GTX Plus Pro,Donquadtech,technology,Engaging,2017-04-28,247.0,5482.0,Decidir,3,,média,27,46.5,,74.0,Seu histórico em GTX Plus Pro é 16 de 27 (59%) — abaixo da sua média (64%) e da geral (63%).,"Há 247 dias em Engaging. Nenhum deal do histórico fechou depois de 138 dias; 1291 abertos já passaram disso sem fechar. Não é esforço, é decisão: requalificar ou descartar.",GTX Plus Pro: USD 5.482 em jogo — 2º produto mais caro dos 7.,
Q2CLAKLM,Daniell Hammack,Rocco Neubert,East,GTX Plus Pro,,,Engaging,2017-04-30,245.0,5482.0,Decidir,3,,média,27,50.4,,74.0,Você fecha GTX Plus Pro em 18 de 27 deals (67%) — acima da média geral (63%).,"Há 245 dias em Engaging. Nenhum deal do histórico fechou depois de 138 dias; 1291 abertos já passaram disso sem fechar. Não é esforço, é decisão: requalificar ou descartar.",GTX Plus Pro: USD 5.482 em jogo — 2º produto mais caro dos 7.,
OIO2H2MY,Boris Faz,Rocco Neubert,East,GTX Plus Pro,,,Engaging,2017-05-01,244.0,5482.0,Decidir,3,,média,29,53.2,,74.0,Você fecha GTX Plus Pro em 18 de 29 deals (62%) — acima da média geral (63%).,"Há 244 dias em Engaging. Nenhum deal do histórico fechou depois de 138 dias; 1291 abertos já passaram disso sem fechar. Não é esforço, é decisão: requalificar ou descartar.",GTX Plus Pro: USD 5.482 em jogo — 2º produto mais caro dos 7.,
OLGT0VHP,James Ascencio,Summer Sewald,West,GTX Plus Pro,Statholdings,employment,Engaging,2017-05-01,244.0,5482.0,Decidir,3,,ampla,64,63.3,,74.0,Você fecha GTX Plus Pro em 44 de 64 deals (69%) — acima da média geral (63%).,"Há 244 dias em Engaging. Nenhum deal do histórico fechou depois de 138 dias; 1291 abertos já passaram disso sem fechar. Não é esforço, é decisão: requalificar ou descartar.",GTX Plus Pro: USD 5.482 em jogo — 2º produto mais caro dos 7.,
R1K16RZO,Maureen Marcano,Summer Sewald,West,GTX Plus Pro,,,Engaging,2017-05-01,244.0,5482.0,Decidir,3,,média,32,84.7,,74.0,Você fecha GTX Plus Pro em 26 de 32 deals (81%) — bem acima da média geral (63%).,"Há 244 dias em Engaging. Nenhum deal do histórico fechou depois de 138 dias; 1291 abertos já passaram disso sem fechar. Não é esforço, é decisão: requalificar ou descartar.",GTX Plus Pro: USD 5.482 em jogo — 2º produto mais caro dos 7.,
UYQJ2A1O,Vicki Laflamme,Celia Rouche,West,GTX Plus Pro,,,Engaging,2017-05-01,244.0,5482.0,Decidir,3,,média,27,46.5,,74.0,Seu histórico em GTX Plus Pro é 16 de 27 (59%) — abaixo da sua média (64%) e da geral (63%).,"Há 244 dias em Engaging. Nenhum deal do histórico fechou depois de 138 dias; 1291 abertos já passaram disso sem fechar. Não é esforço, é decisão: requalificar ou descartar.",GTX Plus Pro: USD 5.482 em jogo — 2º produto mais caro dos 7.,
8WB5HXOB,Zane Levy,Summer Sewald,West,GTX Plus Pro,,,Engaging,2017-05-02,243.0,5482.0,Decidir,3,,média,32,50.7,,74.0,Você fecha GTX Plus Pro em 21 de 32 deals (66%) — acima da média geral (63%).,"Há 243 dias em Engaging. Nenhum deal do histórico fechou depois de 138 dias; 1291 abertos já passaram disso sem fechar. Não é esforço, é decisão: requalificar ou descartar.",GTX Plus Pro: USD 5.482 em jogo — 2º produto mais caro dos 7.,
86C26QSR,Markita Hansen,Celia Rouche,West,GTX Plus Pro,,,Engaging,2017-05-03,242.0,5482.0,Decidir,3,,pequena,14,27.9,,74.0,Seu histórico em GTX Plus Pro é 7 de 14 (50%). Base pequena: o score usa 57% (puxado para a sua média de 57%).,"Há 242 dias em Engaging. Nenhum deal do histórico fechou depois de 138 dias; 1291 abertos já passaram disso sem fechar. Não é esforço, é decisão: requalificar ou descartar.",GTX Plus Pro: USD 5.482 em jogo — 2º produto mais caro dos 7.,
HF74MC9F,Corliss Cosme,Cara Losch,East,GTX Plus Pro,Ganjaflex,retail,Engaging,2017-05-06,239.0,5482.0,Decidir,3,,média,38,76.4,,74.0,Você fecha GTX Plus Pro em 30 de 38 deals (79%) — bem acima da média geral (63%).,"Há 239 dias em Engaging. Nenhum deal do histórico fechou depois de 138 dias; 1291 abertos já passaram disso sem fechar. Não é esforço, é decisão: requalificar ou descartar.",GTX Plus Pro: USD 5.482 em jogo — 2º produto mais caro dos 7.,
IGHYUSN8,Vicki Laflamme,Celia Rouche,West,GTX Plus Pro,Golddex,finance,Engaging,2017-05-06,239.0,5482.0,Decidir,3,,média,27,46.5,,74.0,Seu histórico em GTX Plus Pro é 16 de 27 (59%) — abaixo da sua média (64%) e da geral (63%).,"Há 239 dias em Engaging. Nenhum deal do histórico fechou depois de 138 dias; 1291 abertos já passaram disso sem fechar. Não é esforço, é decisão: requalificar ou descartar.",GTX Plus Pro: USD 5.482 em jogo — 2º produto mais caro dos 7.,
73086D08,Markita Hansen,Celia Rouche,West,GTX Plus Pro,,,Engaging,2017-05-07,238.0,5482.0,Decidir,3,,pequena,14,27.9,,74.0,Seu histórico em GTX Plus Pro é 7 de 14 (50%). Base pequena: o score usa 57% (puxado para a sua média de 57%).,"Há 238 dias em Engaging. Nenhum deal do histórico fechou depois de 138 dias; 1291 abertos já passaram disso sem fechar. Não é esforço, é decisão: requalificar ou descartar.",GTX Plus Pro: USD 5.482 em jogo — 2º produto mais caro dos 7.,
E8QHX9TE,Vicki Laflamme,Celia Rouche,West,GTX Plus Pro,,,Engaging,2017-05-11,234.0,5482.0,Decidir,3,,média,27,46.5,,74.0,Seu histórico em GTX Plus Pro é 16 de 27 (59%) — abaixo da sua média (64%) e da geral (63%).,"Há 234 dias em Engaging. Nenhum deal do histórico fechou depois de 138 dias; 1291 abertos já passaram disso sem fechar. Não é esforço, é decisão: requalificar ou descartar.",GTX Plus Pro: USD 5.482 em jogo — 2º produto mais caro dos 7.,
MV227O65,Maureen Marcano,Summer Sewald,West,GTX Plus Pro,Sonron,telecommunications,Engaging,2017-05-11,234.0,5482.0,Decidir,3,,média,32,84.7,,74.0,Você fecha GTX Plus Pro em 26 de 32 deals (81%) — bem acima da média geral (63%).,"Há 234 dias em Engaging. Nenhum deal do histórico fechou depois de 138 dias; 1291 abertos já passaram disso sem fechar. Não é esforço, é decisão: requalificar ou descartar.",GTX Plus Pro: USD 5.482 em jogo — 2º produto mais caro dos 7.,
EF24VTVA,James Ascencio,Summer Sewald,West,GTX Plus Pro,Kinnamplus,retail,Engaging,2017-05-14,231.0,5482.0,Decidir,3,,ampla,64,63.3,,74.0,Você fecha GTX Plus Pro em 44 de 64 deals (69%) — acima da média geral (63%).,"Há 231 dias em Engaging. Nenhum deal do histórico fechou depois de 138 dias; 1291 abertos já passaram disso sem fechar. Não é esforço, é decisão: requalificar ou descartar.",GTX Plus Pro: USD 5.482 em jogo — 2º produto mais caro dos 7.,
KJHM27ZM,Daniell Hammack,Rocco Neubert,East,GTX Plus Pro,Labdrill,medical,Engaging,2017-05-15,230.0,5482.0,Decidir,3,,média,27,50.4,,74.0,Você fecha GTX Plus Pro em 18 de 27 deals (67%) — acima da média geral (63%).,"Há 230 dias em Engaging. Nenhum deal do histórico fechou depois de 138 dias; 1291 abertos já passaram disso sem fechar. Não é esforço, é decisão: requalificar ou descartar.",GTX Plus Pro: USD 5.482 em jogo — 2º produto mais caro dos 7.,
04OAV3CV,Elease Gluck,Celia Rouche,West,GTX Plus Pro,,,Engaging,2017-05-17,228.0,5482.0,Decidir,3,,pequena,6,34.1,,74.0,Seu histórico em GTX Plus Pro é 1 de 6 (17%). Base pequena: o score usa 58% (puxado para a sua média de 63%).,"Há 228 dias em Engaging. Nenhum deal do histórico fechou depois de 138 dias; 1291 abertos já passaram disso sem fechar. Não é esforço, é decisão: requalificar ou descartar.",GTX Plus Pro: USD 5.482 em jogo — 2º produto mais caro dos 7.,
2BXYT4PD,Hayden Neloms,Celia Rouche,West,GTX Plus Pro,Funholding,finance,Engaging,2017-05-18,227.0,5482.0,Decidir,3,,pequena,10,80.1,,74.0,Seu histórico em GTX Plus Pro é 9 de 10 (90%). Base pequena: o score usa 72% (puxado para a sua média de 70%).,"Há 227 dias em Engaging. Nenhum deal do histórico fechou depois de 138 dias; 1291 abertos já passaram disso sem fechar. Não é esforço, é decisão: requalificar ou descartar.",GTX Plus Pro: USD 5.482 em jogo — 2º produto mais caro dos 7.,
D85PDC6S,James Ascencio,Summer Sewald,West,GTX Plus Pro,,,Engaging,2017-05-18,227.0,5482.0,Decidir,3,,ampla,64,63.3,,74.0,Você fecha GTX Plus Pro em 44 de 64 deals (69%) — acima da média geral (63%).,"Há 227 dias em Engaging. Nenhum deal do histórico fechou depois de 138 dias; 1291 abertos já passaram disso sem fechar. Não é esforço, é decisão: requalificar ou descartar.",GTX Plus Pro: USD 5.482 em jogo — 2º produto mais caro dos 7.,
HU970PDK,James Ascencio,Summer Sewald,West,GTX Plus Pro,Donquadtech,technology,Engaging,2017-05-18,227.0,5482.0,Decidir,3,,ampla,64,63.3,,74.0,Você fecha GTX Plus Pro em 44 de 64 deals (69%) — acima da média geral (63%).,"Há 227 dias em Engaging. Nenhum deal do histórico fechou depois de 138 dias; 1291 abertos já passaram disso sem fechar. Não é esforço, é decisão: requalificar ou descartar.",GTX Plus Pro: USD 5.482 em jogo — 2º produto mais caro dos 7.,
JL9ERNVY,Boris Faz,Rocco Neubert,East,GTX Plus Pro,,,Engaging,2017-05-20,225.0,5482.0,Decidir,3,,média,29,53.2,,74.0,Você fecha GTX Plus Pro em 18 de 29 deals (62%) — acima da média geral (63%).,"Há 225 dias em Engaging. Nenhum deal do histórico fechou depois de 138 dias; 1291 abertos já passaram disso sem fechar. Não é esforço, é decisão: requalificar ou descartar.",GTX Plus Pro: USD 5.482 em jogo — 2º produto mais caro dos 7.,
PPUSV3RG,Kary Hendrixson,Summer Sewald,West,GTX Plus Pro,,,Engaging,2017-05-21,224.0,5482.0,Decidir,3,,média,31,50.4,,74.0,Você fecha GTX Plus Pro em 20 de 31 deals (65%) — acima da média geral (63%).,"Há 224 dias em Engaging. Nenhum deal do histórico fechou depois de 138 dias; 1291 abertos já passaram disso sem fechar. Não é esforço, é decisão: requalificar ou descartar.",GTX Plus Pro: USD 5.482 em jogo — 2º produto mais caro dos 7.,
WS3BIQ4S,Markita Hansen,Celia Rouche,West,GTX Plus Pro,,,Engaging,2017-05-22,223.0,5482.0,Decidir,3,,pequena,14,27.9,,74.0,Seu histórico em GTX Plus Pro é 7 de 14 (50%). Base pequena: o score usa 57% (puxado para a sua média de 57%).,"Há 223 dias em Engaging. Nenhum deal do histórico fechou depois de 138 dias; 1291 abertos já passaram disso sem fechar. Não é esforço, é decisão: requalificar ou descartar.",GTX Plus Pro: USD 5.482 em jogo — 2º produto mais caro dos 7.,
41RF80KQ,Boris Faz,Rocco Neubert,East,GTX Plus Pro,,,Engaging,2017-05-23,222.0,5482.0,Decidir,3,,média,29,53.2,,74.0,Você fecha GTX Plus Pro em 18 de 29 deals (62%) — acima da média geral (63%).,"Há 222 dias em Engaging. Nenhum deal do histórico fechou depois de 138 dias; 1291 abertos já passaram disso sem fechar. Não é esforço, é decisão: requalificar ou descartar.",GTX Plus Pro: USD 5.482 em jogo — 2º produto mais caro dos 7.,
K7TV5UBZ,James Ascencio,Summer Sewald,West,GTX Plus Pro,,,Engaging,2017-05-24,221.0,5482.0,Decidir,3,,ampla,64,63.3,,74.0,Você fecha GTX Plus Pro em 44 de 64 deals (69%) — acima da média geral (63%).,"Há 221 dias em Engaging. Nenhum deal do histórico fechou depois de 138 dias; 1291 abertos já passaram disso sem fechar. Não é esforço, é decisão: requalificar ou descartar.",GTX Plus Pro: USD 5.482 em jogo — 2º produto mais caro dos 7.,
0STR2QEA,Corliss Cosme,Cara Losch,East,GTX Plus Pro,Inity,marketing,Engaging,2017-05-25,220.0,5482.0,Decidir,3,,média,38,76.4,,74.0,Você fecha GTX Plus Pro em 30 de 38 deals (79%) — bem acima da média geral (63%).,"Há 220 dias em Engaging. Nenhum deal do histórico fechou depois de 138 dias; 1291 abertos já passaram disso sem fechar. Não é esforço, é decisão: requalificar ou descartar.",GTX Plus Pro: USD 5.482 em jogo — 2º produto mais caro dos 7.,
ZK4S74FD,Vicki Laflamme,Celia Rouche,West,GTX Plus Pro,Singletechno,retail,Engaging,2017-05-25,220.0,5482.0,Decidir,3,,média,27,46.5,,74.0,Seu histórico em GTX Plus Pro é 16 de 27 (59%) — abaixo da sua média (64%) e da geral (63%).,"Há 220 dias em Engaging. Nenhum deal do histórico fechou depois de 138 dias; 1291 abertos já passaram disso sem fechar. Não é esforço, é decisão: requalificar ou descartar.",GTX Plus Pro: USD 5.482 em jogo — 2º produto mais caro dos 7.,
VXTVHC1Z,Boris Faz,Rocco Neubert,East,GTX Plus Pro,,,Engaging,2017-05-28,217.0,5482.0,Decidir,3,,média,29,53.2,,74.0,Você fecha GTX Plus Pro em 18 de 29 deals (62%) — acima da média geral (63%).,"Há 217 dias em Engaging. Nenhum deal do histórico fechou depois de 138 dias; 1291 abertos já passaram disso sem fechar. Não é esforço, é decisão: requalificar ou descartar.",GTX Plus Pro: USD 5.482 em jogo — 2º produto mais caro dos 7.,
C6TQMD3C,Vicki Laflamme,Celia Rouche,West,GTX Plus Pro,,,Engaging,2017-06-07,207.0,5482.0,Decidir,3,,média,27,46.5,,74.0,Seu histórico em GTX Plus Pro é 16 de 27 (59%) — abaixo da sua média (64%) e da geral (63%).,"Há 207 dias em Engaging. Nenhum deal do histórico fechou depois de 138 dias; 1291 abertos já passaram disso sem fechar. Não é esforço, é decisão: requalificar ou descartar.",GTX Plus Pro: USD 5.482 em jogo — 2º produto mais caro dos 7.,
AY3KTIXX,James Ascencio,Summer Sewald,West,GTX Plus Pro,Cheers,entertainment,Engaging,2017-06-08,206.0,5482.0,Decidir,3,,ampla,64,63.3,,74.0,Você fecha GTX Plus Pro em 44 de 64 deals (69%) — acima da média geral (63%).,"Há 206 dias em Engaging. Nenhum deal do histórico fechou depois de 138 dias; 1291 abertos já passaram disso sem fechar. Não é esforço, é decisão: requalificar ou descartar.",GTX Plus Pro: USD 5.482 em jogo — 2º produto mais caro dos 7.,
7HSRDCCK,Kary Hendrixson,Summer Sewald,West,GTX Plus Pro,,,Engaging,2017-06-13,201.0,5482.0,Decidir,3,,média,31,50.4,,74.0,Você fecha GTX Plus Pro em 20 de 31 deals (65%) — acima da média geral (63%).,"Há 201 dias em Engaging. Nenhum deal do histórico fechou depois de 138 dias; 1291 abertos já passaram disso sem fechar. Não é esforço, é decisão: requalificar ou descartar.",GTX Plus Pro: USD 5.482 em jogo — 2º produto mais caro dos 7.,
HEWKNHTH,Daniell Hammack,Rocco Neubert,East,GTX Plus Pro,,,Engaging,2017-06-18,196.0,5482.0,Decidir,3,,média,27,50.4,,74.0,Você fecha GTX Plus Pro em 18 de 27 deals (67%) — acima da média geral (63%).,"Há 196 dias em Engaging. Nenhum deal do histórico fechou depois de 138 dias; 1291 abertos já passaram disso sem fechar. Não é esforço, é decisão: requalificar ou descartar.",GTX Plus Pro: USD 5.482 em jogo — 2º produto mais caro dos 7.,
WEKW3XIN,Cassey Cress,Rocco Neubert,East,GTX Plus Pro,Condax,medical,Engaging,2017-06-20,194.0,5482.0,Decidir,3,,média,32,39.8,,74.0,Seu histórico em GTX Plus Pro é 18 de 32 (56%) — abaixo da sua média (62%) e da geral (63%).,"Há 194 dias em Engaging. Nenhum deal do histórico fechou depois de 138 dias; 1291 abertos já passaram disso sem fechar. Não é esforço, é decisão: requalificar ou descartar.",GTX Plus Pro: USD 5.482 em jogo — 2º produto mais caro dos 7.,
EBLSL27F,Boris Faz,Rocco Neubert,East,GTX Plus Pro,,,Engaging,2017-06-24,190.0,5482.0,Decidir,3,,média,29,53.2,,74.0,Você fecha GTX Plus Pro em 18 de 29 deals (62%) — acima da média geral (63%).,"Há 190 dias em Engaging. Nenhum deal do histórico fechou depois de 138 dias; 1291 abertos já passaram disso sem fechar. Não é esforço, é decisão: requalificar ou descartar.",GTX Plus Pro: USD 5.482 em jogo — 2º produto mais caro dos 7.,
2FNTCPOU,Vicki Laflamme,Celia Rouche,West,GTX Plus Pro,,,Engaging,2017-06-25,189.0,5482.0,Decidir,3,,média,27,46.5,,74.0,Seu histórico em GTX Plus Pro é 16 de 27 (59%) — abaixo da sua média (64%) e da geral (63%).,"Há 189 dias em Engaging. Nenhum deal do histórico fechou depois de 138 dias; 1291 abertos já passaram disso sem fechar. Não é esforço, é decisão: requalificar ou descartar.",GTX Plus Pro: USD 5.482 em jogo — 2º produto mais caro dos 7.,
FOJG3OCO,Corliss Cosme,Cara Losch,East,GTX Plus Pro,,,Engaging,2017-07-01,183.0,5482.0,Decidir,3,,média,38,76.4,,74.0,Você fecha GTX Plus Pro em 30 de 38 deals (79%) — bem acima da média geral (63%).,"Há 183 dias em Engaging. Nenhum deal do histórico fechou depois de 138 dias; 1291 abertos já passaram disso sem fechar. Não é esforço, é decisão: requalificar ou descartar.",GTX Plus Pro: USD 5.482 em jogo — 2º produto mais caro dos 7.,
49T60OCI,Cassey Cress,Rocco Neubert,East,GTX Plus Pro,Scottech,marketing,Engaging,2017-07-04,180.0,5482.0,Decidir,3,,média,32,39.8,,74.0,Seu histórico em GTX Plus Pro é 18 de 32 (56%) — abaixo da sua média (62%) e da geral (63%).,"Há 180 dias em Engaging. Nenhum deal do histórico fechou depois de 138 dias; 1291 abertos já passaram disso sem fechar. Não é esforço, é decisão: requalificar ou descartar.",GTX Plus Pro: USD 5.482 em jogo — 2º produto mais caro dos 7.,
QP0QCP8Y,Kary Hendrixson,Summer Sewald,West,GTX Plus Pro,Dalttechnology,software,Engaging,2017-07-05,179.0,5482.0,Decidir,3,,média,31,50.4,,74.0,Você fecha GTX Plus Pro em 20 de 31 deals (65%) — acima da média geral (63%).,"Há 179 dias em Engaging. Nenhum deal do histórico fechou depois de 138 dias; 1291 abertos já passaram disso sem fechar. Não é esforço, é decisão: requalificar ou descartar.",GTX Plus Pro: USD 5.482 em jogo — 2º produto mais caro dos 7.,
K1K48OTP,Kary Hendrixson,Summer Sewald,West,GTX Plus Pro,Conecom,technology,Engaging,2017-07-07,177.0,5482.0,Decidir,3,,média,31,50.4,,74.0,Você fecha GTX Plus Pro em 20 de 31 deals (65%) — acima da média geral (63%).,"Há 177 dias em Engaging. Nenhum deal do histórico fechou depois de 138 dias; 1291 abertos já passaram disso sem fechar. Não é esforço, é decisão: requalificar ou descartar.",GTX Plus Pro: USD 5.482 em jogo — 2º produto mais caro dos 7.,
YYTZSTL0,Rosie Papadopoulos,Cara Losch,East,GTX Plus Pro,,,Engaging,2017-07-07,177.0,5482.0,Decidir,3,,pequena,18,45.6,,74.0,Seu histórico em GTX Plus Pro é 10 de 18 (56%). Base pequena: o score usa 62% (puxado para a sua média de 64%).,"Há 177 dias em Engaging. Nenhum deal do histórico fechou depois de 138 dias; 1291 abertos já passaram disso sem fechar. Não é esforço, é decisão: requalificar ou descartar.",GTX Plus Pro: USD 5.482 em jogo — 2º produto mais caro dos 7.,
NK1B8YME,Cassey Cress,Rocco Neubert,East,GTX Plus Pro,,,Engaging,2017-07-09,175.0,5482.0,Decidir,3,,média,32,39.8,,74.0,Seu histórico em GTX Plus Pro é 18 de 32 (56%) — abaixo da sua média (62%) e da geral (63%).,"Há 175 dias em Engaging. Nenhum deal do histórico fechou depois de 138 dias; 1291 abertos já passaram disso sem fechar. Não é esforço, é decisão: requalificar ou descartar.",GTX Plus Pro: USD 5.482 em jogo — 2º produto mais caro dos 7.,
0T9KUEQ2,Cassey Cress,Rocco Neubert,East,GTX Plus Pro,,,Engaging,2017-07-11,173.0,5482.0,Decidir,3,,média,32,39.8,,74.0,Seu histórico em GTX Plus Pro é 18 de 32 (56%) — abaixo da sua média (62%) e da geral (63%).,"Há 173 dias em Engaging. Nenhum deal do histórico fechou depois de 138 dias; 1291 abertos já passaram disso sem fechar. Não é esforço, é decisão: requalificar ou descartar.",GTX Plus Pro: USD 5.482 em jogo — 2º produto mais caro dos 7.,
JB3J080M,Kary Hendrixson,Summer Sewald,West,GTX Plus Pro,,,Engaging,2017-07-11,173.0,5482.0,Decidir,3,,média,31,50.4,,74.0,Você fecha GTX Plus Pro em 20 de 31 deals (65%) — acima da média geral (63%).,"Há 173 dias em Engaging. Nenhum deal do histórico fechou depois de 138 dias; 1291 abertos já passaram disso sem fechar. Não é esforço, é decisão: requalificar ou descartar.",GTX Plus Pro: USD 5.482 em jogo — 2º produto mais caro dos 7.,
M2A8EY5Q,Hayden Neloms,Celia Rouche,West,GTX Plus Pro,,,Engaging,2017-07-16,168.0,5482.0,Decidir,3,,pequena,10,80.1,,74.0,Seu histórico em GTX Plus Pro é 9 de 10 (90%). Base pequena: o score usa 72% (puxado para a sua média de 70%).,"Há 168 dias em Engaging. Nenhum deal do histórico fechou depois de 138 dias; 1291 abertos já passaram disso sem fechar. Não é esforço, é decisão: requalificar ou descartar.",GTX Plus Pro: USD 5.482 em jogo — 2º produto mais caro dos 7.,
7A3R2M9T,Vicki Laflamme,Celia Rouche,West,GTX Plus Pro,Sonron,telecommunications,Engaging,2017-07-17,167.0,5482.0,Decidir,3,,média,27,46.5,,74.0,Seu histórico em GTX Plus Pro é 16 de 27 (59%) — abaixo da sua média (64%) e da geral (63%).,"Há 167 dias em Engaging. Nenhum deal do histórico fechou depois de 138 dias; 1291 abertos já passaram disso sem fechar. Não é esforço, é decisão: requalificar ou descartar.",GTX Plus Pro: USD 5.482 em jogo — 2º produto mais caro dos 7.,
E3XLWCWX,Marty Freudenburg,Melvin Marxen,Central,GTX Plus Pro,Ontomedia,employment,Engaging,2017-07-19,165.0,5482.0,Decidir,3,,média,32,60.9,,74.0,Você fecha GTX Plus Pro em 23 de 32 deals (72%) — acima da média geral (63%).,"Há 165 dias em Engaging. Nenhum deal do histórico fechou depois de 138 dias; 1291 abertos já passaram disso sem fechar. Não é esforço, é decisão: requalificar ou descartar.",GTX Plus Pro: USD 5.482 em jogo — 2º produto mais caro dos 7.,
I3KQNE9V,Darcel Schlecht,Melvin Marxen,Central,GTX Plus Pro,Isdom,medical,Engaging,2017-07-19,165.0,5482.0,Decidir,3,,média,47,61.3,,74.0,Você fecha GTX Plus Pro em 33 de 47 deals (70%) — acima da média geral (63%).,"Há 165 dias em Engaging. Nenhum deal do histórico fechou depois de 138 dias; 1291 abertos já passaram disso sem fechar. Não é esforço, é decisão: requalificar ou descartar.",GTX Plus Pro: USD 5.482 em jogo — 2º produto mais caro dos 7.,
1FEHFRKX,Anna Snelling,Dustin Brinkmann,Central,GTX Plus Pro,Labdrill,medical,Engaging,2017-07-20,164.0,5482.0,Decidir,3,,média,48,40.3,,74.0,Seu histórico em GTX Plus Pro é 28 de 48 (58%) — abaixo da sua média (62%) e da geral (63%).,"Há 164 dias em Engaging. Nenhum deal do histórico fechou depois de 138 dias; 1291 abertos já passaram disso sem fechar. Não é esforço, é decisão: requalificar ou descartar.",GTX Plus Pro: USD 5.482 em jogo — 2º produto mais caro dos 7.,
BBOWBQA6,Niesha Huffines,Melvin Marxen,Central,GTX Plus Pro,Blackzim,retail,Engaging,2017-07-20,164.0,5482.0,Decidir,3,,pequena,15,56.7,,74.0,Seu histórico em GTX Plus Pro é 12 de 15 (80%). Base pequena: o score usa 65% (puxado para a sua média de 60%).,"Há 164 dias em Engaging. Nenhum deal do histórico fechou depois de 138 dias; 1291 abertos já passaram disso sem fechar. Não é esforço, é decisão: requalificar ou descartar.",GTX Plus Pro: USD 5.482 em jogo — 2º produto mais caro dos 7.,
F3EOBN5A,Moses Frase,Dustin Brinkmann,Central,GTX Plus Pro,Genco Pura Olive Oil Company,retail,Engaging,2017-07-20,164.0,5482.0,Decidir,3,,média,24,45.7,,74.0,Seu histórico em GTX Plus Pro é 13 de 24 (54%) — abaixo da sua média (66%) e da geral (63%).,"Há 164 dias em Engaging. Nenhum deal do histórico fechou depois de 138 dias; 1291 abertos já passaram disso sem fechar. Não é esforço, é decisão: requalificar ou descartar.",GTX Plus Pro: USD 5.482 em jogo — 2º produto mais caro dos 7.,
LD4F6QTP,Anna Snelling,Dustin Brinkmann,Central,GTX Plus Pro,Groovestreet,retail,Engaging,2017-07-20,164.0,5482.0,Decidir,3,,média,48,40.3,,74.0,Seu histórico em GTX Plus Pro é 28 de 48 (58%) — abaixo da sua média (62%) e da geral (63%).,"Há 164 dias em Engaging. Nenhum deal do histórico fechou depois de 138 dias; 1291 abertos já passaram disso sem fechar. Não é esforço, é decisão: requalificar ou descartar.",GTX Plus Pro: USD 5.482 em jogo — 2º produto mais caro dos 7.,
3YDXZ4FA,Versie Hillebrand,Dustin Brinkmann,Central,GTX Plus Pro,,,Engaging,2017-07-21,163.0,5482.0,Decidir,3,,média,21,65.1,,74.0,Você fecha GTX Plus Pro em 15 de 21 deals (71%) — acima da média geral (63%).,"Há 163 dias em Engaging. Nenhum deal do histórico fechou depois de 138 dias; 1291 abertos já passaram disso sem fechar. Não é esforço, é decisão: requalificar ou descartar.",GTX Plus Pro: USD 5.482 em jogo — 2º produto mais caro dos 7.,
CBQRKYZP,Marty Freudenburg,Melvin Marxen,Central,GTX Plus Pro,Silis,medical,Engaging,2017-07-21,163.0,5482.0,Decidir,3,,média,32,60.9,,74.0,Você fecha GTX Plus Pro em 23 de 32 deals (72%) — acima da média geral (63%).,"Há 163 dias em Engaging. Nenhum deal do histórico fechou depois de 138 dias; 1291 abertos já passaram disso sem fechar. Não é esforço, é decisão: requalificar ou descartar.",GTX Plus Pro: USD 5.482 em jogo — 2º produto mais caro dos 7.,
IMLG35AP,Lajuana Vencill,Dustin Brinkmann,Central,GTX Plus Pro,,,Engaging,2017-07-22,162.0,5482.0,Decidir,3,,pequena,17,29.6,,74.0,Seu histórico em GTX Plus Pro é 10 de 17 (59%). Base pequena: o score usa 57% (puxado para a sua média de 55%).,"Há 162 dias em Engaging. Nenhum deal do histórico fechou depois de 138 dias; 1291 abertos já passaram disso sem fechar. Não é esforço, é decisão: requalificar ou descartar.",GTX Plus Pro: USD 5.482 em jogo — 2º produto mais caro dos 7.,
T4AW06MM,Anna Snelling,Dustin Brinkmann,Central,GTX Plus Pro,,,Engaging,2017-07-22,162.0,5482.0,Decidir,3,,média,48,40.3,,74.0,Seu histórico em GTX Plus Pro é 28 de 48 (58%) — abaixo da sua média (62%) e da geral (63%).,"Há 162 dias em Engaging. Nenhum deal do histórico fechou depois de 138 dias; 1291 abertos já passaram disso sem fechar. Não é esforço, é decisão: requalificar ou descartar.",GTX Plus Pro: USD 5.482 em jogo — 2º produto mais caro dos 7.,
9Q7NSPTF,Cassey Cress,Rocco Neubert,East,GTX Plus Pro,,,Engaging,2017-07-23,161.0,5482.0,Decidir,3,,média,32,39.8,,74.0,Seu histórico em GTX Plus Pro é 18 de 32 (56%) — abaixo da sua média (62%) e da geral (63%).,"Há 161 dias em Engaging. Nenhum deal do histórico fechou depois de 138 dias; 1291 abertos já passaram disso sem fechar. Não é esforço, é decisão: requalificar ou descartar.",GTX Plus Pro: USD 5.482 em jogo — 2º produto mais caro dos 7.,
513PSPBN,Anna Snelling,Dustin Brinkmann,Central,GTX Plus Pro,,,Engaging,2017-07-24,160.0,5482.0,Decidir,3,,média,48,40.3,,74.0,Seu histórico em GTX Plus Pro é 28 de 48 (58%) — abaixo da sua média (62%) e da geral (63%).,"Há 160 dias em Engaging. Nenhum deal do histórico fechou depois de 138 dias; 1291 abertos já passaram disso sem fechar. Não é esforço, é decisão: requalificar ou descartar.",GTX Plus Pro: USD 5.482 em jogo — 2º produto mais caro dos 7.,
7FZ9CBZ3,Anna Snelling,Dustin Brinkmann,Central,GTX Plus Pro,Scotfind,software,Engaging,2017-07-24,160.0,5482.0,Decidir,3,,média,48,40.3,,74.0,Seu histórico em GTX Plus Pro é 28 de 48 (58%) — abaixo da sua média (62%) e da geral (63%).,"Há 160 dias em Engaging. Nenhum deal do histórico fechou depois de 138 dias; 1291 abertos já passaram disso sem fechar. Não é esforço, é decisão: requalificar ou descartar.",GTX Plus Pro: USD 5.482 em jogo — 2º produto mais caro dos 7.,
RTWAUR7C,Gladys Colclough,Melvin Marxen,Central,GTX Plus Pro,Y-corporation,employment,Engaging,2017-07-24,160.0,5482.0,Decidir,3,,média,25,33.0,,74.0,Seu histórico em GTX Plus Pro é 14 de 25 (56%) — abaixo da sua média (58%) e da geral (63%).,"Há 160 dias em Engaging. Nenhum deal do histórico fechou depois de 138 dias; 1291 abertos já passaram disso sem fechar. Não é esforço, é decisão: requalificar ou descartar.",GTX Plus Pro: USD 5.482 em jogo — 2º produto mais caro dos 7.,
RV5Y8DRY,Marty Freudenburg,Melvin Marxen,Central,GTX Plus Pro,,,Engaging,2017-07-25,159.0,5482.0,Decidir,3,,média,32,60.9,,74.0,Você fecha GTX Plus Pro em 23 de 32 deals (72%) — acima da média geral (63%).,"Há 159 dias em Engaging. Nenhum deal do histórico fechou depois de 138 dias; 1291 abertos já passaram disso sem fechar. Não é esforço, é decisão: requalificar ou descartar.",GTX Plus Pro: USD 5.482 em jogo — 2º produto mais caro dos 7.,
7TFHGN6O,Darcel Schlecht,Melvin Marxen,Central,GTX Plus Pro,Inity,marketing,Engaging,2017-07-26,158.0,5482.0,Decidir,3,,média,47,61.3,,74.0,Você fecha GTX Plus Pro em 33 de 47 deals (70%) — acima da média geral (63%).,"Há 158 dias em Engaging. Nenhum deal do histórico fechou depois de 138 dias; 1291 abertos já passaram disso sem fechar. Não é esforço, é decisão: requalificar ou descartar.",GTX Plus Pro: USD 5.482 em jogo — 2º produto mais caro dos 7.,
FPLXC8Z3,Kary Hendrixson,Summer Sewald,West,GTX Plus Pro,,,Engaging,2017-07-26,158.0,5482.0,Decidir,3,,média,31,50.4,,74.0,Você fecha GTX Plus Pro em 20 de 31 deals (65%) — acima da média geral (63%).,"Há 158 dias em Engaging. Nenhum deal do histórico fechou depois de 138 dias; 1291 abertos já passaram disso sem fechar. Não é esforço, é decisão: requalificar ou descartar.",GTX Plus Pro: USD 5.482 em jogo — 2º produto mais caro dos 7.,
OD895EQM,Lajuana Vencill,Dustin Brinkmann,Central,GTX Plus Pro,,,Engaging,2017-07-26,158.0,5482.0,Decidir,3,,pequena,17,29.6,,74.0,Seu histórico em GTX Plus Pro é 10 de 17 (59%). Base pequena: o score usa 57% (puxado para a sua média de 55%).,"Há 158 dias em Engaging. Nenhum deal do histórico fechou depois de 138 dias; 1291 abertos já passaram disso sem fechar. Não é esforço, é decisão: requalificar ou descartar.",GTX Plus Pro: USD 5.482 em jogo — 2º produto mais caro dos 7.,
18YA4UUP,Versie Hillebrand,Dustin Brinkmann,Central,GTX Plus Pro,Xx-zobam,entertainment,Engaging,2017-07-27,157.0,5482.0,Decidir,3,,média,21,65.1,,74.0,Você fecha GTX Plus Pro em 15 de 21 deals (71%) — acima da média geral (63%).,"Há 157 dias em Engaging. Nenhum deal do histórico fechou depois de 138 dias; 1291 abertos já passaram disso sem fechar. Não é esforço, é decisão: requalificar ou descartar.",GTX Plus Pro: USD 5.482 em jogo — 2º produto mais caro dos 7.,
1T5WFCEJ,Anna Snelling,Dustin Brinkmann,Central,GTX Plus Pro,,,Engaging,2017-07-27,157.0,5482.0,Decidir,3,,média,48,40.3,,74.0,Seu histórico em GTX Plus Pro é 28 de 48 (58%) — abaixo da sua média (62%) e da geral (63%).,"Há 157 dias em Engaging. Nenhum deal do histórico fechou depois de 138 dias; 1291 abertos já passaram disso sem fechar. Não é esforço, é decisão: requalificar ou descartar.",GTX Plus Pro: USD 5.482 em jogo — 2º produto mais caro dos 7.,
G7RZTAMV,Gladys Colclough,Melvin Marxen,Central,GTX Plus Pro,,,Engaging,2017-07-27,157.0,5482.0,Decidir,3,,média,25,33.0,,74.0,Seu histórico em GTX Plus Pro é 14 de 25 (56%) — abaixo da sua média (58%) e da geral (63%).,"Há 157 dias em Engaging. Nenhum deal do histórico fechou depois de 138 dias; 1291 abertos já passaram disso sem fechar. Não é esforço, é decisão: requalificar ou descartar.",GTX Plus Pro: USD 5.482 em jogo — 2º produto mais caro dos 7.,
N9GIC5PC,Anna Snelling,Dustin Brinkmann,Central,GTX Plus Pro,,,Engaging,2017-07-27,157.0,5482.0,Decidir,3,,média,48,40.3,,74.0,Seu histórico em GTX Plus Pro é 28 de 48 (58%) — abaixo da sua média (62%) e da geral (63%).,"Há 157 dias em Engaging. Nenhum deal do histórico fechou depois de 138 dias; 1291 abertos já passaram disso sem fechar. Não é esforço, é decisão: requalificar ou descartar.",GTX Plus Pro: USD 5.482 em jogo — 2º produto mais caro dos 7.,
1RXGKOUE,Versie Hillebrand,Dustin Brinkmann,Central,GTX Plus Pro,,,Engaging,2017-07-29,155.0,5482.0,Decidir,3,,média,21,65.1,,74.0,Você fecha GTX Plus Pro em 15 de 21 deals (71%) — acima da média geral (63%).,"Há 155 dias em Engaging. Nenhum deal do histórico fechou depois de 138 dias; 1291 abertos já passaram disso sem fechar. Não é esforço, é decisão: requalificar ou descartar.",GTX Plus Pro: USD 5.482 em jogo — 2º produto mais caro dos 7.,
T0TDA2O1,Anna Snelling,Dustin Brinkmann,Central,GTX Plus Pro,,,Engaging,2017-07-29,155.0,5482.0,Decidir,3,,média,48,40.3,,74.0,Seu histórico em GTX Plus Pro é 28 de 48 (58%) — abaixo da sua média (62%) e da geral (63%).,"Há 155 dias em Engaging. Nenhum deal do histórico fechou depois de 138 dias; 1291 abertos já passaram disso sem fechar. Não é esforço, é decisão: requalificar ou descartar.",GTX Plus Pro: USD 5.482 em jogo — 2º produto mais caro dos 7.,
R55U5QI4,Darcel Schlecht,Melvin Marxen,Central,GTX Plus Pro,Scottech,marketing,Engaging,2017-07-30,154.0,5482.0,Decidir,3,,média,47,61.3,,74.0,Você fecha GTX Plus Pro em 33 de 47 deals (70%) — acima da média geral (63%).,"Há 154 dias em Engaging. Nenhum deal do histórico fechou depois de 138 dias; 1291 abertos já passaram disso sem fechar. Não é esforço, é decisão: requalificar ou descartar.",GTX Plus Pro: USD 5.482 em jogo — 2º produto mais caro dos 7.,
1O72EKFY,James Ascencio,Summer Sewald,West,GTX Plus Pro,,,Engaging,2017-07-31,153.0,5482.0,Decidir,3,,ampla,64,63.3,,74.0,Você fecha GTX Plus Pro em 44 de 64 deals (69%) — acima da média geral (63%).,"Há 153 dias em Engaging. Nenhum deal do histórico fechou depois de 138 dias; 1291 abertos já passaram disso sem fechar. Não é esforço, é decisão: requalificar ou descartar.",GTX Plus Pro: USD 5.482 em jogo — 2º produto mais caro dos 7.,
DZQW0KQ4,Markita Hansen,Celia Rouche,West,GTX Plus Pro,,,Engaging,2017-07-31,153.0,5482.0,Decidir,3,,pequena,14,27.9,,74.0,Seu histórico em GTX Plus Pro é 7 de 14 (50%). Base pequena: o score usa 57% (puxado para a sua média de 57%).,"Há 153 dias em Engaging. Nenhum deal do histórico fechou depois de 138 dias; 1291 abertos já passaram disso sem fechar. Não é esforço, é decisão: requalificar ou descartar.",GTX Plus Pro: USD 5.482 em jogo — 2º produto mais caro dos 7.,
MBYOJR5A,Marty Freudenburg,Melvin Marxen,Central,GTX Plus Pro,,,Engaging,2017-08-01,152.0,5482.0,Decidir,3,,média,32,60.9,,74.0,Você fecha GTX Plus Pro em 23 de 32 deals (72%) — acima da média geral (63%).,"Há 152 dias em Engaging. Nenhum deal do histórico fechou depois de 138 dias; 1291 abertos já passaram disso sem fechar. Não é esforço, é decisão: requalificar ou descartar.",GTX Plus Pro: USD 5.482 em jogo — 2º produto mais caro dos 7.,
WRKPDK7O,Versie Hillebrand,Dustin Brinkmann,Central,GTX Plus Pro,Hatfan,services,Engaging,2017-08-01,152.0,5482.0,Decidir,3,,média,21,65.1,,74.0,Você fecha GTX Plus Pro em 15 de 21 deals (71%) — acima da média geral (63%).,"Há 152 dias em Engaging. Nenhum deal do histórico fechou depois de 138 dias; 1291 abertos já passaram disso sem fechar. Não é esforço, é decisão: requalificar ou descartar.",GTX Plus Pro: USD 5.482 em jogo — 2º produto mais caro dos 7.,
6TGCOE5O,Cassey Cress,Rocco Neubert,East,GTX Plus Pro,,,Engaging,2017-08-03,150.0,5482.0,Decidir,3,,média,32,39.8,,74.0,Seu histórico em GTX Plus Pro é 18 de 32 (56%) — abaixo da sua média (62%) e da geral (63%).,"Há 150 dias em Engaging. Nenhum deal do histórico fechou depois de 138 dias; 1291 abertos já passaram disso sem fechar. Não é esforço, é decisão: requalificar ou descartar.",GTX Plus Pro: USD 5.482 em jogo — 2º produto mais caro dos 7.,
5NGPM4C3,Darcel Schlecht,Melvin Marxen,Central,GTX Plus Pro,,,Engaging,2017-08-05,148.0,5482.0,Decidir,3,,média,47,61.3,,74.0,Você fecha GTX Plus Pro em 33 de 47 deals (70%) — acima da média geral (63%).,"Há 148 dias em Engaging. Nenhum deal do histórico fechou depois de 138 dias; 1291 abertos já passaram disso sem fechar. Não é esforço, é decisão: requalificar ou descartar.",GTX Plus Pro: USD 5.482 em jogo — 2º produto mais caro dos 7.,
NY7Z4I06,Kary Hendrixson,Summer Sewald,West,GTX Plus Pro,Betasoloin,medical,Engaging,2017-08-05,148.0,5482.0,Decidir,3,,média,31,50.4,,74.0,Você fecha GTX Plus Pro em 20 de 31 deals (65%) — acima da média geral (63%).,"Há 148 dias em Engaging. Nenhum deal do histórico fechou depois de 138 dias; 1291 abertos já passaram disso sem fechar. Não é esforço, é decisão: requalificar ou descartar.",GTX Plus Pro: USD 5.482 em jogo — 2º produto mais caro dos 7.,
OVA9HMN1,Anna Snelling,Dustin Brinkmann,Central,GTX Plus Pro,,,Engaging,2017-08-05,148.0,5482.0,Decidir,3,,média,48,40.3,,74.0,Seu histórico em GTX Plus Pro é 28 de 48 (58%) — abaixo da sua média (62%) e da geral (63%).,"Há 148 dias em Engaging. Nenhum deal do histórico fechou depois de 138 dias; 1291 abertos já passaram disso sem fechar. Não é esforço, é decisão: requalificar ou descartar.",GTX Plus Pro: USD 5.482 em jogo — 2º produto mais caro dos 7.,
RCJRB8W8,Darcel Schlecht,Melvin Marxen,Central,GTX Plus Pro,,,Engaging,2017-08-05,148.0,5482.0,Decidir,3,,média,47,61.3,,74.0,Você fecha GTX Plus Pro em 33 de 47 deals (70%) — acima da média geral (63%).,"Há 148 dias em Engaging. Nenhum deal do histórico fechou depois de 138 dias; 1291 abertos já passaram disso sem fechar. Não é esforço, é decisão: requalificar ou descartar.",GTX Plus Pro: USD 5.482 em jogo — 2º produto mais caro dos 7.,
98K99UW9,Rosie Papadopoulos,Cara Losch,East,GTX Plus Pro,,,Engaging,2017-08-06,147.0,5482.0,Decidir,3,,pequena,18,45.6,,74.0,Seu histórico em GTX Plus Pro é 10 de 18 (56%). Base pequena: o score usa 62% (puxado para a sua média de 64%).,"Há 147 dias em Engaging. Nenhum deal do histórico fechou depois de 138 dias; 1291 abertos já passaram disso sem fechar. Não é esforço, é decisão: requalificar ou descartar.",GTX Plus Pro: USD 5.482 em jogo — 2º produto mais caro dos 7.,
AD2YEH7W,Marty Freudenburg,Melvin Marxen,Central,GTX Plus Pro,,,Engaging,2017-08-06,147.0,5482.0,Decidir,3,,média,32,60.9,,74.0,Você fecha GTX Plus Pro em 23 de 32 deals (72%) — acima da média geral (63%).,"Há 147 dias em Engaging. Nenhum deal do histórico fechou depois de 138 dias; 1291 abertos já passaram disso sem fechar. Não é esforço, é decisão: requalificar ou descartar.",GTX Plus Pro: USD 5.482 em jogo — 2º produto mais caro dos 7.,
WO1OYV0Z,Boris Faz,Rocco Neubert,East,GTX Plus Pro,,,Engaging,2017-08-06,147.0,5482.0,Decidir,3,,média,29,53.2,,74.0,Você fecha GTX Plus Pro em 18 de 29 deals (62%) — acima da média geral (63%).,"Há 147 dias em Engaging. Nenhum deal do histórico fechou depois de 138 dias; 1291 abertos já passaram disso sem fechar. Não é esforço, é decisão: requalificar ou descartar.",GTX Plus Pro: USD 5.482 em jogo — 2º produto mais caro dos 7.,
FCBSZ6FJ,Anna Snelling,Dustin Brinkmann,Central,GTX Plus Pro,,,Engaging,2017-08-09,144.0,5482.0,Decidir,3,,média,48,40.3,,74.0,Seu histórico em GTX Plus Pro é 28 de 48 (58%) — abaixo da sua média (62%) e da geral (63%).,"Há 144 dias em Engaging. Nenhum deal do histórico fechou depois de 138 dias; 1291 abertos já passaram disso sem fechar. Não é esforço, é decisão: requalificar ou descartar.",GTX Plus Pro: USD 5.482 em jogo — 2º produto mais caro dos 7.,
FSNL204U,Marty Freudenburg,Melvin Marxen,Central,GTX Plus Pro,Hatfan,services,Engaging,2017-08-09,144.0,5482.0,Decidir,3,,média,32,60.9,,74.0,Você fecha GTX Plus Pro em 23 de 32 deals (72%) — acima da média geral (63%).,"Há 144 dias em Engaging. Nenhum deal do histórico fechou depois de 138 dias; 1291 abertos já passaram disso sem fechar. Não é esforço, é decisão: requalificar ou descartar.",GTX Plus Pro: USD 5.482 em jogo — 2º produto mais caro dos 7.,
J31SUXQJ,Marty Freudenburg,Melvin Marxen,Central,GTX Plus Pro,Sumace,retail,Engaging,2017-08-10,143.0,5482.0,Decidir,3,,média,32,60.9,,74.0,Você fecha GTX Plus Pro em 23 de 32 deals (72%) — acima da média geral (63%).,"Há 143 dias em Engaging. Nenhum deal do histórico fechou depois de 138 dias; 1291 abertos já passaram disso sem fechar. Não é esforço, é decisão: requalificar ou descartar.",GTX Plus Pro: USD 5.482 em jogo — 2º produto mais caro dos 7.,
Z4OOTJAJ,Darcel Schlecht,Melvin Marxen,Central,GTX Plus Pro,,,Engaging,2017-08-10,143.0,5482.0,Decidir,3,,média,47,61.3,,74.0,Você fecha GTX Plus Pro em 33 de 47 deals (70%) — acima da média geral (63%).,"Há 143 dias em Engaging. Nenhum deal do histórico fechou depois de 138 dias; 1291 abertos já passaram disso sem fechar. Não é esforço, é decisão: requalificar ou descartar.",GTX Plus Pro: USD 5.482 em jogo — 2º produto mais caro dos 7.,
5MAXF8FK,Gladys Colclough,Melvin Marxen,Central,GTX Plus Pro,The New York Inquirer,medical,Engaging,2017-08-11,142.0,5482.0,Decidir,3,,média,25,33.0,,74.0,Seu histórico em GTX Plus Pro é 14 de 25 (56%) — abaixo da sua média (58%) e da geral (63%).,"Há 142 dias em Engaging. Nenhum deal do histórico fechou depois de 138 dias; 1291 abertos já passaram disso sem fechar. Não é esforço, é decisão: requalificar ou descartar.",GTX Plus Pro: USD 5.482 em jogo — 2º produto mais caro dos 7.,
3C6E0D28,Vicki Laflamme,Celia Rouche,West,GTX Plus Pro,,,Engaging,2017-08-12,141.0,5482.0,Decidir,3,,média,27,46.5,,74.0,Seu histórico em GTX Plus Pro é 16 de 27 (59%) — abaixo da sua média (64%) e da geral (63%).,"Há 141 dias em Engaging. Nenhum deal do histórico fechou depois de 138 dias; 1291 abertos já passaram disso sem fechar. Não é esforço, é decisão: requalificar ou descartar.",GTX Plus Pro: USD 5.482 em jogo — 2º produto mais caro dos 7.,
5CAP1055,Kary Hendrixson,Summer Sewald,West,GTX Plus Pro,Kan-code,software,Engaging,2017-08-13,140.0,5482.0,Decidir,3,,média,31,50.4,,74.0,Você fecha GTX Plus Pro em 20 de 31 deals (65%) — acima da média geral (63%).,"Há 140 dias em Engaging. Nenhum deal do histórico fechou depois de 138 dias; 1291 abertos já passaram disso sem fechar. Não é esforço, é decisão: requalificar ou descartar.",GTX Plus Pro: USD 5.482 em jogo — 2º produto mais caro dos 7.,
QQPAK72N,Hayden Neloms,Celia Rouche,West,GTX Plus Pro,,,Engaging,2017-08-13,140.0,5482.0,Decidir,3,,pequena,10,80.1,,74.0,Seu histórico em GTX Plus Pro é 9 de 10 (90%). Base pequena: o score usa 72% (puxado para a sua média de 70%).,"Há 140 dias em Engaging. Nenhum deal do histórico fechou depois de 138 dias; 1291 abertos já passaram disso sem fechar. Não é esforço, é decisão: requalificar ou descartar.",GTX Plus Pro: USD 5.482 em jogo — 2º produto mais caro dos 7.,
NSX4NR40,Anna Snelling,Dustin Brinkmann,Central,GTX Plus Pro,Bioholding,medical,Engaging,2017-08-14,139.0,5482.0,Decidir,3,,média,48,40.3,,74.0,Seu histórico em GTX Plus Pro é 28 de 48 (58%) — abaixo da sua média (62%) e da geral (63%).,"Há 139 dias em Engaging. Nenhum deal do histórico fechou depois de 138 dias; 1291 abertos já passaram disso sem fechar. Não é esforço, é decisão: requalificar ou descartar.",GTX Plus Pro: USD 5.482 em jogo — 2º produto mais caro dos 7.,
OLVI7L8M,Cassey Cress,Rocco Neubert,East,GTX Pro,,,Engaging,2016-11-16,410.0,4821.0,Decidir,3,,ampla,53,63.7,,72.0,Você fecha GTX Pro em 38 de 53 deals (72%) — acima da média geral (63%).,"Há 410 dias em Engaging. Nenhum deal do histórico fechou depois de 138 dias; 1291 abertos já passaram disso sem fechar. Não é esforço, é decisão: requalificar ou descartar.",GTX Pro: USD 4.821 em jogo — 3º produto mais caro dos 7.,
ICMXZOVL,Daniell Hammack,Rocco Neubert,East,GTX Pro,Stanredtax,finance,Engaging,2016-12-08,388.0,4821.0,Decidir,3,,ampla,57,59.8,,72.0,Você fecha GTX Pro em 40 de 57 deals (70%) — acima da média geral (63%).,"Há 388 dias em Engaging. Nenhum deal do histórico fechou depois de 138 dias; 1291 abertos já passaram disso sem fechar. Não é esforço, é decisão: requalificar ou descartar.",GTX Pro: USD 4.821 em jogo — 3º produto mais caro dos 7.,
MNVMY83P,Cassey Cress,Rocco Neubert,East,GTX Pro,Plussunin,retail,Engaging,2016-12-10,386.0,4821.0,Decidir,3,,ampla,53,63.7,,72.0,Você fecha GTX Pro em 38 de 53 deals (72%) — acima da média geral (63%).,"Há 386 dias em Engaging. Nenhum deal do histórico fechou depois de 138 dias; 1291 abertos já passaram disso sem fechar. Não é esforço, é decisão: requalificar ou descartar.",GTX Pro: USD 4.821 em jogo — 3º produto mais caro dos 7.,
KV2OFRJT,Kami Bicknell,Summer Sewald,West,GTX Pro,,,Engaging,2016-12-13,383.0,4821.0,Decidir,3,,média,42,38.5,,72.0,Seu histórico em GTX Pro é 23 de 42 (55%) — abaixo da sua média (64%) e da geral (63%).,"Há 383 dias em Engaging. Nenhum deal do histórico fechou depois de 138 dias; 1291 abertos já passaram disso sem fechar. Não é esforço, é decisão: requalificar ou descartar.",GTX Pro: USD 4.821 em jogo — 3º produto mais caro dos 7.,
K5CWSFCW,Elease Gluck,Celia Rouche,West,GTX Pro,Blackzim,retail,Engaging,2016-12-21,375.0,4821.0,Decidir,3,,pequena,10,60.0,,72.0,Seu histórico em GTX Pro é 8 de 10 (80%). Base pequena: o score usa 66% (puxado para a sua média de 63%).,"Há 375 dias em Engaging. Nenhum deal do histórico fechou depois de 138 dias; 1291 abertos já passaram disso sem fechar. Não é esforço, é decisão: requalificar ou descartar.",GTX Pro: USD 4.821 em jogo — 3º produto mais caro dos 7.,
SQLYCFGV,Zane Levy,Summer Sewald,West,GTX Pro,Opentech,finance,Engaging,2016-12-22,374.0,4821.0,Decidir,3,,ampla,69,55.1,,72.0,Você fecha GTX Pro em 46 de 69 deals (67%) — acima da média geral (63%).,"Há 374 dias em Engaging. Nenhum deal do histórico fechou depois de 138 dias; 1291 abertos já passaram disso sem fechar. Não é esforço, é decisão: requalificar ou descartar.",GTX Pro: USD 4.821 em jogo — 3º produto mais caro dos 7.,
C8TV7R8A,Kary Hendrixson,Summer Sewald,West,GTX Pro,,,Engaging,2016-12-26,370.0,4821.0,Decidir,3,,ampla,77,52.7,,72.0,Você fecha GTX Pro em 50 de 77 deals (65%) — acima da média geral (63%).,"Há 370 dias em Engaging. Nenhum deal do histórico fechou depois de 138 dias; 1291 abertos já passaram disso sem fechar. Não é esforço, é decisão: requalificar ou descartar.",GTX Pro: USD 4.821 em jogo — 3º produto mais caro dos 7.,
0U3WVJO0,Corliss Cosme,Cara Losch,East,GTX Pro,,,Engaging,2016-12-28,368.0,4821.0,Decidir,3,,ampla,55,60.3,,72.0,Você fecha GTX Pro em 37 de 55 deals (67%) — acima da média geral (63%).,"Há 368 dias em Engaging. Nenhum deal do histórico fechou depois de 138 dias; 1291 abertos já passaram disso sem fechar. Não é esforço, é decisão: requalificar ou descartar.",GTX Pro: USD 4.821 em jogo — 3º produto mais caro dos 7.,
13GM5I6M,Kami Bicknell,Summer Sewald,West,GTX Pro,,,Engaging,2016-12-29,367.0,4821.0,Decidir,3,,média,42,38.5,,72.0,Seu histórico em GTX Pro é 23 de 42 (55%) — abaixo da sua média (64%) e da geral (63%).,"Há 367 dias em Engaging. Nenhum deal do histórico fechou depois de 138 dias; 1291 abertos já passaram disso sem fechar. Não é esforço, é decisão: requalificar ou descartar.",GTX Pro: USD 4.821 em jogo — 3º produto mais caro dos 7.,
RW39Y63V,Vicki Laflamme,Celia Rouche,West,GTX Pro,,,Engaging,2017-01-10,355.0,4821.0,Decidir,3,,ampla,59,59.1,,72.0,Você fecha GTX Pro em 40 de 59 deals (68%) — acima da média geral (63%).,"Há 355 dias em Engaging. Nenhum deal do histórico fechou depois de 138 dias; 1291 abertos já passaram disso sem fechar. Não é esforço, é decisão: requalificar ou descartar.",GTX Pro: USD 4.821 em jogo — 3º produto mais caro dos 7.,
4I8X7EMW,Corliss Cosme,Cara Losch,East,GTX Pro,,,Engaging,2017-01-11,354.0,4821.0,Decidir,3,,ampla,55,60.3,,72.0,Você fecha GTX Pro em 37 de 55 deals (67%) — acima da média geral (63%).,"Há 354 dias em Engaging. Nenhum deal do histórico fechou depois de 138 dias; 1291 abertos já passaram disso sem fechar. Não é esforço, é decisão: requalificar ou descartar.",GTX Pro: USD 4.821 em jogo — 3º produto mais caro dos 7.,
CJ2ON1LV,Corliss Cosme,Cara Losch,East,GTX Pro,Nam-zim,services,Engaging,2017-01-11,354.0,4821.0,Decidir,3,,ampla,55,60.3,,72.0,Você fecha GTX Pro em 37 de 55 deals (67%) — acima da média geral (63%).,"Há 354 dias em Engaging. Nenhum deal do histórico fechou depois de 138 dias; 1291 abertos já passaram disso sem fechar. Não é esforço, é decisão: requalificar ou descartar.",GTX Pro: USD 4.821 em jogo — 3º produto mais caro dos 7.,
UQQE9ILV,James Ascencio,Summer Sewald,West,GTX Pro,Iselectrics,technology,Engaging,2017-01-13,352.0,4821.0,Decidir,3,,média,33,50.5,,72.0,Você fecha GTX Pro em 20 de 33 deals (61%) — acima da média geral (63%).,"Há 352 dias em Engaging. Nenhum deal do histórico fechou depois de 138 dias; 1291 abertos já passaram disso sem fechar. Não é esforço, é decisão: requalificar ou descartar.",GTX Pro: USD 4.821 em jogo — 3º produto mais caro dos 7.,
BTUG5VDL,Corliss Cosme,Cara Losch,East,GTX Pro,Inity,marketing,Engaging,2017-01-15,350.0,4821.0,Decidir,3,,ampla,55,60.3,,72.0,Você fecha GTX Pro em 37 de 55 deals (67%) — acima da média geral (63%).,"Há 350 dias em Engaging. Nenhum deal do histórico fechou depois de 138 dias; 1291 abertos já passaram disso sem fechar. Não é esforço, é decisão: requalificar ou descartar.",GTX Pro: USD 4.821 em jogo — 3º produto mais caro dos 7.,
OZ5S8NCK,Kary Hendrixson,Summer Sewald,West,GTX Pro,,,Engaging,2017-01-18,347.0,4821.0,Decidir,3,,ampla,77,52.7,,72.0,Você fecha GTX Pro em 50 de 77 deals (65%) — acima da média geral (63%).,"Há 347 dias em Engaging. Nenhum deal do histórico fechou depois de 138 dias; 1291 abertos já passaram disso sem fechar. Não é esforço, é decisão: requalificar ou descartar.",GTX Pro: USD 4.821 em jogo — 3º produto mais caro dos 7.,
PMEENWD5,Corliss Cosme,Cara Losch,East,GTX Pro,Globex Corporation,technology,Engaging,2017-01-21,344.0,4821.0,Decidir,3,,ampla,55,60.3,,72.0,Você fecha GTX Pro em 37 de 55 deals (67%) — acima da média geral (63%).,"Há 344 dias em Engaging. Nenhum deal do histórico fechou depois de 138 dias; 1291 abertos já passaram disso sem fechar. Não é esforço, é decisão: requalificar ou descartar.",GTX Pro: USD 4.821 em jogo — 3º produto mais caro dos 7.,
4NGSQODD,James Ascencio,Summer Sewald,West,GTX Pro,Blackzim,retail,Engaging,2017-01-28,337.0,4821.0,Decidir,3,,média,33,50.5,,72.0,Você fecha GTX Pro em 20 de 33 deals (61%) — acima da média geral (63%).,"Há 337 dias em Engaging. Nenhum deal do histórico fechou depois de 138 dias; 1291 abertos já passaram disso sem fechar. Não é esforço, é decisão: requalificar ou descartar.",GTX Pro: USD 4.821 em jogo — 3º produto mais caro dos 7.,
5BE27MLY,Maureen Marcano,Summer Sewald,West,GTX Pro,,,Engaging,2017-01-28,337.0,4821.0,Decidir,3,,média,30,78.4,,72.0,Você fecha GTX Pro em 23 de 30 deals (77%) — bem acima da média geral (63%).,"Há 337 dias em Engaging. Nenhum deal do histórico fechou depois de 138 dias; 1291 abertos já passaram disso sem fechar. Não é esforço, é decisão: requalificar ou descartar.",GTX Pro: USD 4.821 em jogo — 3º produto mais caro dos 7.,
8YIANRVX,Zane Levy,Summer Sewald,West,GTX Pro,,,Engaging,2017-01-29,336.0,4821.0,Decidir,3,,ampla,69,55.1,,72.0,Você fecha GTX Pro em 46 de 69 deals (67%) — acima da média geral (63%).,"Há 336 dias em Engaging. Nenhum deal do histórico fechou depois de 138 dias; 1291 abertos já passaram disso sem fechar. Não é esforço, é decisão: requalificar ou descartar.",GTX Pro: USD 4.821 em jogo — 3º produto mais caro dos 7.,
30R81VZX,Kami Bicknell,Summer Sewald,West,GTX Pro,Zoomit,entertainment,Engaging,2017-02-06,328.0,4821.0,Decidir,3,,média,42,38.5,,72.0,Seu histórico em GTX Pro é 23 de 42 (55%) — abaixo da sua média (64%) e da geral (63%).,"Há 328 dias em Engaging. Nenhum deal do histórico fechou depois de 138 dias; 1291 abertos já passaram disso sem fechar. Não é esforço, é decisão: requalificar ou descartar.",GTX Pro: USD 4.821 em jogo — 3º produto mais caro dos 7.,
2J5E145N,Daniell Hammack,Rocco Neubert,East,GTX Pro,,,Engaging,2017-02-07,327.0,4821.0,Decidir,3,,ampla,57,59.8,,72.0,Você fecha GTX Pro em 40 de 57 deals (70%) — acima da média geral (63%).,"Há 327 dias em Engaging. Nenhum deal do histórico fechou depois de 138 dias; 1291 abertos já passaram disso sem fechar. Não é esforço, é decisão: requalificar ou descartar.",GTX Pro: USD 4.821 em jogo — 3º produto mais caro dos 7.,
7VOW7BUJ,Cassey Cress,Rocco Neubert,East,GTX Pro,,,Engaging,2017-02-07,327.0,4821.0,Decidir,3,,ampla,53,63.7,,72.0,Você fecha GTX Pro em 38 de 53 deals (72%) — acima da média geral (63%).,"Há 327 dias em Engaging. Nenhum deal do histórico fechou depois de 138 dias; 1291 abertos já passaram disso sem fechar. Não é esforço, é decisão: requalificar ou descartar.",GTX Pro: USD 4.821 em jogo — 3º produto mais caro dos 7.,
B5A1BERF,Kami Bicknell,Summer Sewald,West,GTX Pro,Umbrella Corporation,finance,Engaging,2017-02-07,327.0,4821.0,Decidir,3,,média,42,38.5,,72.0,Seu histórico em GTX Pro é 23 de 42 (55%) — abaixo da sua média (64%) e da geral (63%).,"Há 327 dias em Engaging. Nenhum deal do histórico fechou depois de 138 dias; 1291 abertos já passaram disso sem fechar. Não é esforço, é decisão: requalificar ou descartar.",GTX Pro: USD 4.821 em jogo — 3º produto mais caro dos 7.,
ZHXIDZNI,Kary Hendrixson,Summer Sewald,West,GTX Pro,,,Engaging,2017-02-08,326.0,4821.0,Decidir,3,,ampla,77,52.7,,72.0,Você fecha GTX Pro em 50 de 77 deals (65%) — acima da média geral (63%).,"Há 326 dias em Engaging. Nenhum deal do histórico fechou depois de 138 dias; 1291 abertos já passaram disso sem fechar. Não é esforço, é decisão: requalificar ou descartar.",GTX Pro: USD 4.821 em jogo — 3º produto mais caro dos 7.,
B06D1F9M,Vicki Laflamme,Celia Rouche,West,GTX Pro,Faxquote,telecommunications,Engaging,2017-02-13,321.0,4821.0,Decidir,3,,ampla,59,59.1,,72.0,Você fecha GTX Pro em 40 de 59 deals (68%) — acima da média geral (63%).,"Há 321 dias em Engaging. Nenhum deal do histórico fechou depois de 138 dias; 1291 abertos já passaram disso sem fechar. Não é esforço, é decisão: requalificar ou descartar.",GTX Pro: USD 4.821 em jogo — 3º produto mais caro dos 7.,
INBGKE14,Kary Hendrixson,Summer Sewald,West,GTX Pro,,,Engaging,2017-02-16,318.0,4821.0,Decidir,3,,ampla,77,52.7,,72.0,Você fecha GTX Pro em 50 de 77 deals (65%) — acima da média geral (63%).,"Há 318 dias em Engaging. Nenhum deal do histórico fechou depois de 138 dias; 1291 abertos já passaram disso sem fechar. Não é esforço, é decisão: requalificar ou descartar.",GTX Pro: USD 4.821 em jogo — 3º produto mais caro dos 7.,
Y7N97FW8,Vicki Laflamme,Celia Rouche,West,GTX Pro,,,Engaging,2017-02-20,314.0,4821.0,Decidir,3,,ampla,59,59.1,,72.0,Você fecha GTX Pro em 40 de 59 deals (68%) — acima da média geral (63%).,"Há 314 dias em Engaging. Nenhum deal do histórico fechou depois de 138 dias; 1291 abertos já passaram disso sem fechar. Não é esforço, é decisão: requalificar ou descartar.",GTX Pro: USD 4.821 em jogo — 3º produto mais caro dos 7.,
6HG76L6U,Boris Faz,Rocco Neubert,East,GTX Pro,,,Engaging,2017-02-21,313.0,4821.0,Decidir,3,,média,23,66.2,,72.0,Você fecha GTX Pro em 17 de 23 deals (74%) — bem acima da média geral (63%).,"Há 313 dias em Engaging. Nenhum deal do histórico fechou depois de 138 dias; 1291 abertos já passaram disso sem fechar. Não é esforço, é decisão: requalificar ou descartar.",GTX Pro: USD 4.821 em jogo — 3º produto mais caro dos 7.,
NOLCZMV6,Violet Mclelland,Cara Losch,East,GTX Pro,Goodsilron,marketing,Engaging,2017-02-21,313.0,4821.0,Decidir,3,,pequena,9,46.3,,72.0,Seu histórico em GTX Pro é 5 de 9 (56%). Base pequena: o score usa 62% (puxado para a sua média de 63%).,"Há 313 dias em Engaging. Nenhum deal do histórico fechou depois de 138 dias; 1291 abertos já passaram disso sem fechar. Não é esforço, é decisão: requalificar ou descartar.",GTX Pro: USD 4.821 em jogo — 3º produto mais caro dos 7.,
03VCDZEE,Maureen Marcano,Summer Sewald,West,GTX Pro,,,Engaging,2017-02-23,311.0,4821.0,Decidir,3,,média,30,78.4,,72.0,Você fecha GTX Pro em 23 de 30 deals (77%) — bem acima da média geral (63%).,"Há 311 dias em Engaging. Nenhum deal do histórico fechou depois de 138 dias; 1291 abertos já passaram disso sem fechar. Não é esforço, é decisão: requalificar ou descartar.",GTX Pro: USD 4.821 em jogo — 3º produto mais caro dos 7.,
LMKNU8IZ,Markita Hansen,Celia Rouche,West,GTX Pro,,,Engaging,2017-02-24,310.0,4821.0,Decidir,3,,média,30,36.0,,72.0,Seu histórico em GTX Pro é 18 de 30 (60%) — abaixo da média geral (63%).,"Há 310 dias em Engaging. Nenhum deal do histórico fechou depois de 138 dias; 1291 abertos já passaram disso sem fechar. Não é esforço, é decisão: requalificar ou descartar.",GTX Pro: USD 4.821 em jogo — 3º produto mais caro dos 7.,
NR947OAB,Kami Bicknell,Summer Sewald,West,GTX Pro,,,Engaging,2017-02-24,310.0,4821.0,Decidir,3,,média,42,38.5,,72.0,Seu histórico em GTX Pro é 23 de 42 (55%) — abaixo da sua média (64%) e da geral (63%).,"Há 310 dias em Engaging. Nenhum deal do histórico fechou depois de 138 dias; 1291 abertos já passaram disso sem fechar. Não é esforço, é decisão: requalificar ou descartar.",GTX Pro: USD 4.821 em jogo — 3º produto mais caro dos 7.,
KVR52YDI,Corliss Cosme,Cara Losch,East,GTX Pro,,,Engaging,2017-03-01,305.0,4821.0,Decidir,3,,ampla,55,60.3,,72.0,Você fecha GTX Pro em 37 de 55 deals (67%) — acima da média geral (63%).,"Há 305 dias em Engaging. Nenhum deal do histórico fechou depois de 138 dias; 1291 abertos já passaram disso sem fechar. Não é esforço, é decisão: requalificar ou descartar.",GTX Pro: USD 4.821 em jogo — 3º produto mais caro dos 7.,
XRDF1NAB,Zane Levy,Summer Sewald,West,GTX Pro,,,Engaging,2017-03-01,305.0,4821.0,Decidir,3,,ampla,69,55.1,,72.0,Você fecha GTX Pro em 46 de 69 deals (67%) — acima da média geral (63%).,"Há 305 dias em Engaging. Nenhum deal do histórico fechou depois de 138 dias; 1291 abertos já passaram disso sem fechar. Não é esforço, é decisão: requalificar ou descartar.",GTX Pro: USD 4.821 em jogo — 3º produto mais caro dos 7.,
QRQ8C6MQ,Cassey Cress,Rocco Neubert,East,GTX Pro,Globex Corporation,technology,Engaging,2017-03-03,303.0,4821.0,Decidir,3,,ampla,53,63.7,,72.0,Você fecha GTX Pro em 38 de 53 deals (72%) — acima da média geral (63%).,"Há 303 dias em Engaging. Nenhum deal do histórico fechou depois de 138 dias; 1291 abertos já passaram disso sem fechar. Não é esforço, é decisão: requalificar ou descartar.",GTX Pro: USD 4.821 em jogo — 3º produto mais caro dos 7.,
ZG8WPG99,Kary Hendrixson,Summer Sewald,West,GTX Pro,,,Engaging,2017-03-03,303.0,4821.0,Decidir,3,,ampla,77,52.7,,72.0,Você fecha GTX Pro em 50 de 77 deals (65%) — acima da média geral (63%).,"Há 303 dias em Engaging. Nenhum deal do histórico fechou depois de 138 dias; 1291 abertos já passaram disso sem fechar. Não é esforço, é decisão: requalificar ou descartar.",GTX Pro: USD 4.821 em jogo — 3º produto mais caro dos 7.,
01EH41WA,Zane Levy,Summer Sewald,West,GTX Pro,,,Engaging,2017-03-04,302.0,4821.0,Decidir,3,,ampla,69,55.1,,72.0,Você fecha GTX Pro em 46 de 69 deals (67%) — acima da média geral (63%).,"Há 302 dias em Engaging. Nenhum deal do histórico fechou depois de 138 dias; 1291 abertos já passaram disso sem fechar. Não é esforço, é decisão: requalificar ou descartar.",GTX Pro: USD 4.821 em jogo — 3º produto mais caro dos 7.,
7TI1WTV9,Zane Levy,Summer Sewald,West,GTX Pro,Acme Corporation,technology,Engaging,2017-03-04,302.0,4821.0,Decidir,3,,ampla,69,55.1,,72.0,Você fecha GTX Pro em 46 de 69 deals (67%) — acima da média geral (63%).,"Há 302 dias em Engaging. Nenhum deal do histórico fechou depois de 138 dias; 1291 abertos já passaram disso sem fechar. Não é esforço, é decisão: requalificar ou descartar.",GTX Pro: USD 4.821 em jogo — 3º produto mais caro dos 7.,
NGCM47PC,Zane Levy,Summer Sewald,West,GTX Pro,,,Engaging,2017-03-07,299.0,4821.0,Decidir,3,,ampla,69,55.1,,72.0,Você fecha GTX Pro em 46 de 69 deals (67%) — acima da média geral (63%).,"Há 299 dias em Engaging. Nenhum deal do histórico fechou depois de 138 dias; 1291 abertos já passaram disso sem fechar. Não é esforço, é decisão: requalificar ou descartar.",GTX Pro: USD 4.821 em jogo — 3º produto mais caro dos 7.,
QHJ3W8FW,Kami Bicknell,Summer Sewald,West,GTX Pro,,,Engaging,2017-03-12,294.0,4821.0,Decidir,3,,média,42,38.5,,72.0,Seu histórico em GTX Pro é 23 de 42 (55%) — abaixo da sua média (64%) e da geral (63%).,"Há 294 dias em Engaging. Nenhum deal do histórico fechou depois de 138 dias; 1291 abertos já passaram disso sem fechar. Não é esforço, é decisão: requalificar ou descartar.",GTX Pro: USD 4.821 em jogo — 3º produto mais caro dos 7.,
V74O6XQT,Daniell Hammack,Rocco Neubert,East,GTX Pro,,,Engaging,2017-03-14,292.0,4821.0,Decidir,3,,ampla,57,59.8,,72.0,Você fecha GTX Pro em 40 de 57 deals (70%) — acima da média geral (63%).,"Há 292 dias em Engaging. Nenhum deal do histórico fechou depois de 138 dias; 1291 abertos já passaram disso sem fechar. Não é esforço, é decisão: requalificar ou descartar.",GTX Pro: USD 4.821 em jogo — 3º produto mais caro dos 7.,
7PXJ92C5,Kary Hendrixson,Summer Sewald,West,GTX Pro,,,Engaging,2017-03-15,291.0,4821.0,Decidir,3,,ampla,77,52.7,,72.0,Você fecha GTX Pro em 50 de 77 deals (65%) — acima da média geral (63%).,"Há 291 dias em Engaging. Nenhum deal do histórico fechou depois de 138 dias; 1291 abertos já passaram disso sem fechar. Não é esforço, é decisão: requalificar ou descartar.",GTX Pro: USD 4.821 em jogo — 3º produto mais caro dos 7.,
WFCEPHD3,Markita Hansen,Celia Rouche,West,GTX Pro,,,Engaging,2017-03-16,290.0,4821.0,Decidir,3,,média,30,36.0,,72.0,Seu histórico em GTX Pro é 18 de 30 (60%) — abaixo da média geral (63%).,"Há 290 dias em Engaging. Nenhum deal do histórico fechou depois de 138 dias; 1291 abertos já passaram disso sem fechar. Não é esforço, é decisão: requalificar ou descartar.",GTX Pro: USD 4.821 em jogo — 3º produto mais caro dos 7.,
PD2198ZH,Zane Levy,Summer Sewald,West,GTX Pro,,,Engaging,2017-03-19,287.0,4821.0,Decidir,3,,ampla,69,55.1,,72.0,Você fecha GTX Pro em 46 de 69 deals (67%) — acima da média geral (63%).,"Há 287 dias em Engaging. Nenhum deal do histórico fechou depois de 138 dias; 1291 abertos já passaram disso sem fechar. Não é esforço, é decisão: requalificar ou descartar.",GTX Pro: USD 4.821 em jogo — 3º produto mais caro dos 7.,
8GE7FY98,Violet Mclelland,Cara Losch,East,GTX Pro,,,Engaging,2017-03-22,284.0,4821.0,Decidir,3,,pequena,9,46.3,,72.0,Seu histórico em GTX Pro é 5 de 9 (56%). Base pequena: o score usa 62% (puxado para a sua média de 63%).,"Há 284 dias em Engaging. Nenhum deal do histórico fechou depois de 138 dias; 1291 abertos já passaram disso sem fechar. Não é esforço, é decisão: requalificar ou descartar.",GTX Pro: USD 4.821 em jogo — 3º produto mais caro dos 7.,
9FPDDSIJ,Cassey Cress,Rocco Neubert,East,GTX Pro,,,Engaging,2017-03-22,284.0,4821.0,Decidir,3,,ampla,53,63.7,,72.0,Você fecha GTX Pro em 38 de 53 deals (72%) — acima da média geral (63%).,"Há 284 dias em Engaging. Nenhum deal do histórico fechou depois de 138 dias; 1291 abertos já passaram disso sem fechar. Não é esforço, é decisão: requalificar ou descartar.",GTX Pro: USD 4.821 em jogo — 3º produto mais caro dos 7.,
ODGKZEVV,Kary Hendrixson,Summer Sewald,West,GTX Pro,,,Engaging,2017-03-23,283.0,4821.0,Decidir,3,,ampla,77,52.7,,72.0,Você fecha GTX Pro em 50 de 77 deals (65%) — acima da média geral (63%).,"Há 283 dias em Engaging. Nenhum deal do histórico fechou depois de 138 dias; 1291 abertos já passaram disso sem fechar. Não é esforço, é decisão: requalificar ou descartar.",GTX Pro: USD 4.821 em jogo — 3º produto mais caro dos 7.,
6R6S91WE,Daniell Hammack,Rocco Neubert,East,GTX Pro,,,Engaging,2017-03-25,281.0,4821.0,Decidir,3,,ampla,57,59.8,,72.0,Você fecha GTX Pro em 40 de 57 deals (70%) — acima da média geral (63%).,"Há 281 dias em Engaging. Nenhum deal do histórico fechou depois de 138 dias; 1291 abertos já passaram disso sem fechar. Não é esforço, é decisão: requalificar ou descartar.",GTX Pro: USD 4.821 em jogo — 3º produto mais caro dos 7.,
97PFKCPG,James Ascencio,Summer Sewald,West,GTX Pro,,,Engaging,2017-03-26,280.0,4821.0,Decidir,3,,média,33,50.5,,72.0,Você fecha GTX Pro em 20 de 33 deals (61%) — acima da média geral (63%).,"Há 280 dias em Engaging. Nenhum deal do histórico fechou depois de 138 dias; 1291 abertos já passaram disso sem fechar. Não é esforço, é decisão: requalificar ou descartar.",GTX Pro: USD 4.821 em jogo — 3º produto mais caro dos 7.,
EB89ONZN,Kary Hendrixson,Summer Sewald,West,GTX Pro,Funholding,finance,Engaging,2017-03-29,277.0,4821.0,Decidir,3,,ampla,77,52.7,,72.0,Você fecha GTX Pro em 50 de 77 deals (65%) — acima da média geral (63%).,"Há 277 dias em Engaging. Nenhum deal do histórico fechou depois de 138 dias; 1291 abertos já passaram disso sem fechar. Não é esforço, é decisão: requalificar ou descartar.",GTX Pro: USD 4.821 em jogo — 3º produto mais caro dos 7.,
DOGKQHQP,Vicki Laflamme,Celia Rouche,West,GTX Pro,,,Engaging,2017-03-31,275.0,4821.0,Decidir,3,,ampla,59,59.1,,72.0,Você fecha GTX Pro em 40 de 59 deals (68%) — acima da média geral (63%).,"Há 275 dias em Engaging. Nenhum deal do histórico fechou depois de 138 dias; 1291 abertos já passaram disso sem fechar. Não é esforço, é decisão: requalificar ou descartar.",GTX Pro: USD 4.821 em jogo — 3º produto mais caro dos 7.,
WW1WV7IT,Cassey Cress,Rocco Neubert,East,GTX Pro,Cancity,retail,Engaging,2017-03-31,275.0,4821.0,Decidir,3,,ampla,53,63.7,,72.0,Você fecha GTX Pro em 38 de 53 deals (72%) — acima da média geral (63%).,"Há 275 dias em Engaging. Nenhum deal do histórico fechou depois de 138 dias; 1291 abertos já passaram disso sem fechar. Não é esforço, é decisão: requalificar ou descartar.",GTX Pro: USD 4.821 em jogo — 3º produto mais caro dos 7.,
20CVXRTX,Vicki Laflamme,Celia Rouche,West,GTX Pro,Kinnamplus,retail,Engaging,2017-04-01,274.0,4821.0,Decidir,3,,ampla,59,59.1,,72.0,Você fecha GTX Pro em 40 de 59 deals (68%) — acima da média geral (63%).,"Há 274 dias em Engaging. Nenhum deal do histórico fechou depois de 138 dias; 1291 abertos já passaram disso sem fechar. Não é esforço, é decisão: requalificar ou descartar.",GTX Pro: USD 4.821 em jogo — 3º produto mais caro dos 7.,
KKRJ6TBY,Daniell Hammack,Rocco Neubert,East,GTX Pro,Scotfind,software,Engaging,2017-04-01,274.0,4821.0,Decidir,3,,ampla,57,59.8,,72.0,Você fecha GTX Pro em 40 de 57 deals (70%) — acima da média geral (63%).,"Há 274 dias em Engaging. Nenhum deal do histórico fechou depois de 138 dias; 1291 abertos já passaram disso sem fechar. Não é esforço, é decisão: requalificar ou descartar.",GTX Pro: USD 4.821 em jogo — 3º produto mais caro dos 7.,
BED55OSG,Markita Hansen,Celia Rouche,West,GTX Pro,,,Engaging,2017-04-02,273.0,4821.0,Decidir,3,,média,30,36.0,,72.0,Seu histórico em GTX Pro é 18 de 30 (60%) — abaixo da média geral (63%).,"Há 273 dias em Engaging. Nenhum deal do histórico fechou depois de 138 dias; 1291 abertos já passaram disso sem fechar. Não é esforço, é decisão: requalificar ou descartar.",GTX Pro: USD 4.821 em jogo — 3º produto mais caro dos 7.,
D5VY17OP,Kami Bicknell,Summer Sewald,West,GTX Pro,,,Engaging,2017-04-02,273.0,4821.0,Decidir,3,,média,42,38.5,,72.0,Seu histórico em GTX Pro é 23 de 42 (55%) — abaixo da sua média (64%) e da geral (63%).,"Há 273 dias em Engaging. Nenhum deal do histórico fechou depois de 138 dias; 1291 abertos já passaram disso sem fechar. Não é esforço, é decisão: requalificar ou descartar.",GTX Pro: USD 4.821 em jogo — 3º produto mais caro dos 7.,
2HS1C21I,Elease Gluck,Celia Rouche,West,GTX Pro,,,Engaging,2017-04-03,272.0,4821.0,Decidir,3,,pequena,10,60.0,,72.0,Seu histórico em GTX Pro é 8 de 10 (80%). Base pequena: o score usa 66% (puxado para a sua média de 63%).,"Há 272 dias em Engaging. Nenhum deal do histórico fechou depois de 138 dias; 1291 abertos já passaram disso sem fechar. Não é esforço, é decisão: requalificar ou descartar.",GTX Pro: USD 4.821 em jogo — 3º produto mais caro dos 7.,
QCNOCX0P,Boris Faz,Rocco Neubert,East,GTX Pro,,,Engaging,2017-04-07,268.0,4821.0,Decidir,3,,média,23,66.2,,72.0,Você fecha GTX Pro em 17 de 23 deals (74%) — bem acima da média geral (63%).,"Há 268 dias em Engaging. Nenhum deal do histórico fechou depois de 138 dias; 1291 abertos já passaram disso sem fechar. Não é esforço, é decisão: requalificar ou descartar.",GTX Pro: USD 4.821 em jogo — 3º produto mais caro dos 7.,
GL95LARP,Cassey Cress,Rocco Neubert,East,GTX Pro,,,Engaging,2017-04-08,267.0,4821.0,Decidir,3,,ampla,53,63.7,,72.0,Você fecha GTX Pro em 38 de 53 deals (72%) — acima da média geral (63%).,"Há 267 dias em Engaging. Nenhum deal do histórico fechou depois de 138 dias; 1291 abertos já passaram disso sem fechar. Não é esforço, é decisão: requalificar ou descartar.",GTX Pro: USD 4.821 em jogo — 3º produto mais caro dos 7.,
U4IJO6SL,Vicki Laflamme,Celia Rouche,West,GTX Pro,,,Engaging,2017-04-08,267.0,4821.0,Decidir,3,,ampla,59,59.1,,72.0,Você fecha GTX Pro em 40 de 59 deals (68%) — acima da média geral (63%).,"Há 267 dias em Engaging. Nenhum deal do histórico fechou depois de 138 dias; 1291 abertos já passaram disso sem fechar. Não é esforço, é decisão: requalificar ou descartar.",GTX Pro: USD 4.821 em jogo — 3º produto mais caro dos 7.,
R0CLLIH9,Kary Hendrixson,Summer Sewald,West,GTX Pro,,,Engaging,2017-04-12,263.0,4821.0,Decidir,3,,ampla,77,52.7,,72.0,Você fecha GTX Pro em 50 de 77 deals (65%) — acima da média geral (63%).,"Há 263 dias em Engaging. Nenhum deal do histórico fechou depois de 138 dias; 1291 abertos já passaram disso sem fechar. Não é esforço, é decisão: requalificar ou descartar.",GTX Pro: USD 4.821 em jogo — 3º produto mais caro dos 7.,
Z7OH4GWO,Kami Bicknell,Summer Sewald,West,GTX Pro,,,Engaging,2017-04-13,262.0,4821.0,Decidir,3,,média,42,38.5,,72.0,Seu histórico em GTX Pro é 23 de 42 (55%) — abaixo da sua média (64%) e da geral (63%).,"Há 262 dias em Engaging. Nenhum deal do histórico fechou depois de 138 dias; 1291 abertos já passaram disso sem fechar. Não é esforço, é decisão: requalificar ou descartar.",GTX Pro: USD 4.821 em jogo — 3º produto mais caro dos 7.,
ZVAZKWF3,Kami Bicknell,Summer Sewald,West,GTX Pro,,,Engaging,2017-04-14,261.0,4821.0,Decidir,3,,média,42,38.5,,72.0,Seu histórico em GTX Pro é 23 de 42 (55%) — abaixo da sua média (64%) e da geral (63%).,"Há 261 dias em Engaging. Nenhum deal do histórico fechou depois de 138 dias; 1291 abertos já passaram disso sem fechar. Não é esforço, é decisão: requalificar ou descartar.",GTX Pro: USD 4.821 em jogo — 3º produto mais caro dos 7.,
10AEGW41,Kary Hendrixson,Summer Sewald,West,GTX Pro,,,Engaging,2017-04-16,259.0,4821.0,Decidir,3,,ampla,77,52.7,,72.0,Você fecha GTX Pro em 50 de 77 deals (65%) — acima da média geral (63%).,"Há 259 dias em Engaging. Nenhum deal do histórico fechou depois de 138 dias; 1291 abertos já passaram disso sem fechar. Não é esforço, é decisão: requalificar ou descartar.",GTX Pro: USD 4.821 em jogo — 3º produto mais caro dos 7.,
6G6ZCKSB,Vicki Laflamme,Celia Rouche,West,GTX Pro,,,Engaging,2017-04-16,259.0,4821.0,Decidir,3,,ampla,59,59.1,,72.0,Você fecha GTX Pro em 40 de 59 deals (68%) — acima da média geral (63%).,"Há 259 dias em Engaging. Nenhum deal do histórico fechou depois de 138 dias; 1291 abertos já passaram disso sem fechar. Não é esforço, é decisão: requalificar ou descartar.",GTX Pro: USD 4.821 em jogo — 3º produto mais caro dos 7.,
2LSNRT4U,Kary Hendrixson,Summer Sewald,West,GTX Pro,,,Engaging,2017-04-17,258.0,4821.0,Decidir,3,,ampla,77,52.7,,72.0,Você fecha GTX Pro em 50 de 77 deals (65%) — acima da média geral (63%).,"Há 258 dias em Engaging. Nenhum deal do histórico fechou depois de 138 dias; 1291 abertos já passaram disso sem fechar. Não é esforço, é decisão: requalificar ou descartar.",GTX Pro: USD 4.821 em jogo — 3º produto mais caro dos 7.,
7K0S2P6K,Rosalina Dieter,Celia Rouche,West,GTX Pro,,,Engaging,2017-04-17,258.0,4821.0,Decidir,3,,pequena,7,63.9,,72.0,Seu histórico em GTX Pro é 6 de 7 (86%). Base pequena: o score usa 67% (puxado para a sua média de 65%).,"Há 258 dias em Engaging. Nenhum deal do histórico fechou depois de 138 dias; 1291 abertos já passaram disso sem fechar. Não é esforço, é decisão: requalificar ou descartar.",GTX Pro: USD 4.821 em jogo — 3º produto mais caro dos 7.,
XOVYPE58,Rosie Papadopoulos,Cara Losch,East,GTX Pro,Betasoloin,medical,Engaging,2017-04-19,256.0,4821.0,Decidir,3,,média,31,74.2,,72.0,Você fecha GTX Pro em 25 de 31 deals (81%) — bem acima da média geral (63%).,"Há 256 dias em Engaging. Nenhum deal do histórico fechou depois de 138 dias; 1291 abertos já passaram disso sem fechar. Não é esforço, é decisão: requalificar ou descartar.",GTX Pro: USD 4.821 em jogo — 3º produto mais caro dos 7.,
Q6OUJCH5,Vicki Laflamme,Celia Rouche,West,GTX Pro,,,Engaging,2017-04-21,254.0,4821.0,Decidir,3,,ampla,59,59.1,,72.0,Você fecha GTX Pro em 40 de 59 deals (68%) — acima da média geral (63%).,"Há 254 dias em Engaging. Nenhum deal do histórico fechou depois de 138 dias; 1291 abertos já passaram disso sem fechar. Não é esforço, é decisão: requalificar ou descartar.",GTX Pro: USD 4.821 em jogo — 3º produto mais caro dos 7.,
GQ2W1DXM,Maureen Marcano,Summer Sewald,West,GTX Pro,,,Engaging,2017-04-25,250.0,4821.0,Decidir,3,,média,30,78.4,,72.0,Você fecha GTX Pro em 23 de 30 deals (77%) — bem acima da média geral (63%).,"Há 250 dias em Engaging. Nenhum deal do histórico fechou depois de 138 dias; 1291 abertos já passaram disso sem fechar. Não é esforço, é decisão: requalificar ou descartar.",GTX Pro: USD 4.821 em jogo — 3º produto mais caro dos 7.,
HDALWEHF,Cassey Cress,Rocco Neubert,East,GTX Pro,,,Engaging,2017-04-25,250.0,4821.0,Decidir,3,,ampla,53,63.7,,72.0,Você fecha GTX Pro em 38 de 53 deals (72%) — acima da média geral (63%).,"Há 250 dias em Engaging. Nenhum deal do histórico fechou depois de 138 dias; 1291 abertos já passaram disso sem fechar. Não é esforço, é decisão: requalificar ou descartar.",GTX Pro: USD 4.821 em jogo — 3º produto mais caro dos 7.,
DYNHHN6P,Maureen Marcano,Summer Sewald,West,GTX Pro,Massive Dynamic,entertainment,Engaging,2017-04-29,246.0,4821.0,Decidir,3,,média,30,78.4,,72.0,Você fecha GTX Pro em 23 de 30 deals (77%) — bem acima da média geral (63%).,"Há 246 dias em Engaging. Nenhum deal do histórico fechou depois de 138 dias; 1291 abertos já passaram disso sem fechar. Não é esforço, é decisão: requalificar ou descartar.",GTX Pro: USD 4.821 em jogo — 3º produto mais caro dos 7.,
5WHMLQDK,Kary Hendrixson,Summer Sewald,West,GTX Pro,,,Engaging,2017-05-01,244.0,4821.0,Decidir,3,,ampla,77,52.7,,72.0,Você fecha GTX Pro em 50 de 77 deals (65%) — acima da média geral (63%).,"Há 244 dias em Engaging. Nenhum deal do histórico fechou depois de 138 dias; 1291 abertos já passaram disso sem fechar. Não é esforço, é decisão: requalificar ou descartar.",GTX Pro: USD 4.821 em jogo — 3º produto mais caro dos 7.,
4ZX1WPS7,Cassey Cress,Rocco Neubert,East,GTX Pro,Inity,marketing,Engaging,2017-05-03,242.0,4821.0,Decidir,3,,ampla,53,63.7,,72.0,Você fecha GTX Pro em 38 de 53 deals (72%) — acima da média geral (63%).,"Há 242 dias em Engaging. Nenhum deal do histórico fechou depois de 138 dias; 1291 abertos já passaram disso sem fechar. Não é esforço, é decisão: requalificar ou descartar.",GTX Pro: USD 4.821 em jogo — 3º produto mais caro dos 7.,
3F34LWKM,Vicki Laflamme,Celia Rouche,West,GTX Pro,,,Engaging,2017-05-06,239.0,4821.0,Decidir,3,,ampla,59,59.1,,72.0,Você fecha GTX Pro em 40 de 59 deals (68%) — acima da média geral (63%).,"Há 239 dias em Engaging. Nenhum deal do histórico fechou depois de 138 dias; 1291 abertos já passaram disso sem fechar. Não é esforço, é decisão: requalificar ou descartar.",GTX Pro: USD 4.821 em jogo — 3º produto mais caro dos 7.,
YVXKNYSM,Corliss Cosme,Cara Losch,East,GTX Pro,,,Engaging,2017-05-07,238.0,4821.0,Decidir,3,,ampla,55,60.3,,72.0,Você fecha GTX Pro em 37 de 55 deals (67%) — acima da média geral (63%).,"Há 238 dias em Engaging. Nenhum deal do histórico fechou depois de 138 dias; 1291 abertos já passaram disso sem fechar. Não é esforço, é decisão: requalificar ou descartar.",GTX Pro: USD 4.821 em jogo — 3º produto mais caro dos 7.,
UU25XD9E,Zane Levy,Summer Sewald,West,GTX Pro,Hatfan,services,Engaging,2017-05-08,237.0,4821.0,Decidir,3,,ampla,69,55.1,,72.0,Você fecha GTX Pro em 46 de 69 deals (67%) — acima da média geral (63%).,"Há 237 dias em Engaging. Nenhum deal do histórico fechou depois de 138 dias; 1291 abertos já passaram disso sem fechar. Não é esforço, é decisão: requalificar ou descartar.",GTX Pro: USD 4.821 em jogo — 3º produto mais caro dos 7.,
FHWXZ6HL,Rosie Papadopoulos,Cara Losch,East,GTX Pro,,,Engaging,2017-05-09,236.0,4821.0,Decidir,3,,média,31,74.2,,72.0,Você fecha GTX Pro em 25 de 31 deals (81%) — bem acima da média geral (63%).,"Há 236 dias em Engaging. Nenhum deal do histórico fechou depois de 138 dias; 1291 abertos já passaram disso sem fechar. Não é esforço, é decisão: requalificar ou descartar.",GTX Pro: USD 4.821 em jogo — 3º produto mais caro dos 7.,
89P5UVQ0,Wilburn Farren,Cara Losch,East,GTX Pro,,,Engaging,2017-05-14,231.0,4821.0,Decidir,3,,pequena,13,64.7,,72.0,Seu histórico em GTX Pro é 9 de 13 (69%). Base pequena: o score usa 68% (puxado para a sua média de 70%).,"Há 231 dias em Engaging. Nenhum deal do histórico fechou depois de 138 dias; 1291 abertos já passaram disso sem fechar. Não é esforço, é decisão: requalificar ou descartar.",GTX Pro: USD 4.821 em jogo — 3º produto mais caro dos 7.,
3SEMPUU1,Markita Hansen,Celia Rouche,West,GTX Pro,Labdrill,medical,Engaging,2017-05-17,228.0,4821.0,Decidir,3,,média,30,36.0,,72.0,Seu histórico em GTX Pro é 18 de 30 (60%) — abaixo da média geral (63%).,"Há 228 dias em Engaging. Nenhum deal do histórico fechou depois de 138 dias; 1291 abertos já passaram disso sem fechar. Não é esforço, é decisão: requalificar ou descartar.",GTX Pro: USD 4.821 em jogo — 3º produto mais caro dos 7.,
JM5GDLEF,Corliss Cosme,Cara Losch,East,GTX Pro,,,Engaging,2017-05-20,225.0,4821.0,Decidir,3,,ampla,55,60.3,,72.0,Você fecha GTX Pro em 37 de 55 deals (67%) — acima da média geral (63%).,"Há 225 dias em Engaging. Nenhum deal do histórico fechou depois de 138 dias; 1291 abertos já passaram disso sem fechar. Não é esforço, é decisão: requalificar ou descartar.",GTX Pro: USD 4.821 em jogo — 3º produto mais caro dos 7.,
SWEQFKRF,Rosie Papadopoulos,Cara Losch,East,GTX Pro,,,Engaging,2017-05-22,223.0,4821.0,Decidir,3,,média,31,74.2,,72.0,Você fecha GTX Pro em 25 de 31 deals (81%) — bem acima da média geral (63%).,"Há 223 dias em Engaging. Nenhum deal do histórico fechou depois de 138 dias; 1291 abertos já passaram disso sem fechar. Não é esforço, é decisão: requalificar ou descartar.",GTX Pro: USD 4.821 em jogo — 3º produto mais caro dos 7.,
3IWUUUCN,Elease Gluck,Celia Rouche,West,GTX Pro,,,Engaging,2017-05-24,221.0,4821.0,Decidir,3,,pequena,10,60.0,,72.0,Seu histórico em GTX Pro é 8 de 10 (80%). Base pequena: o score usa 66% (puxado para a sua média de 63%).,"Há 221 dias em Engaging. Nenhum deal do histórico fechou depois de 138 dias; 1291 abertos já passaram disso sem fechar. Não é esforço, é decisão: requalificar ou descartar.",GTX Pro: USD 4.821 em jogo — 3º produto mais caro dos 7.,
2PI827MA,Kary Hendrixson,Summer Sewald,West,GTX Pro,,,Engaging,2017-05-25,220.0,4821.0,Decidir,3,,ampla,77,52.7,,72.0,Você fecha GTX Pro em 50 de 77 deals (65%) — acima da média geral (63%).,"Há 220 dias em Engaging. Nenhum deal do histórico fechou depois de 138 dias; 1291 abertos já passaram disso sem fechar. Não é esforço, é decisão: requalificar ou descartar.",GTX Pro: USD 4.821 em jogo — 3º produto mais caro dos 7.,
3ATYY665,Kami Bicknell,Summer Sewald,West,GTX Pro,Conecom,technology,Engaging,2017-05-26,219.0,4821.0,Decidir,3,,média,42,38.5,,72.0,Seu histórico em GTX Pro é 23 de 42 (55%) — abaixo da sua média (64%) e da geral (63%).,"Há 219 dias em Engaging. Nenhum deal do histórico fechou depois de 138 dias; 1291 abertos já passaram disso sem fechar. Não é esforço, é decisão: requalificar ou descartar.",GTX Pro: USD 4.821 em jogo — 3º produto mais caro dos 7.,
DC2JL47C,Daniell Hammack,Rocco Neubert,East,GTX Pro,Dontechi,software,Engaging,2017-05-27,218.0,4821.0,Decidir,3,,ampla,57,59.8,,72.0,Você fecha GTX Pro em 40 de 57 deals (70%) — acima da média geral (63%).,"Há 218 dias em Engaging. Nenhum deal do histórico fechou depois de 138 dias; 1291 abertos já passaram disso sem fechar. Não é esforço, é decisão: requalificar ou descartar.",GTX Pro: USD 4.821 em jogo — 3º produto mais caro dos 7.,
GMN9KQN2,Daniell Hammack,Rocco Neubert,East,GTX Pro,,,Engaging,2017-05-27,218.0,4821.0,Decidir,3,,ampla,57,59.8,,72.0,Você fecha GTX Pro em 40 de 57 deals (70%) — acima da média geral (63%).,"Há 218 dias em Engaging. Nenhum deal do histórico fechou depois de 138 dias; 1291 abertos já passaram disso sem fechar. Não é esforço, é decisão: requalificar ou descartar.",GTX Pro: USD 4.821 em jogo — 3º produto mais caro dos 7.,
MWSPTOQK,Zane Levy,Summer Sewald,West,GTX Pro,,,Engaging,2017-05-28,217.0,4821.0,Decidir,3,,ampla,69,55.1,,72.0,Você fecha GTX Pro em 46 de 69 deals (67%) — acima da média geral (63%).,"Há 217 dias em Engaging. Nenhum deal do histórico fechou depois de 138 dias; 1291 abertos já passaram disso sem fechar. Não é esforço, é decisão: requalificar ou descartar.",GTX Pro: USD 4.821 em jogo — 3º produto mais caro dos 7.,
EUYJDW9C,Kary Hendrixson,Summer Sewald,West,GTX Pro,,,Engaging,2017-05-29,216.0,4821.0,Decidir,3,,ampla,77,52.7,,72.0,Você fecha GTX Pro em 50 de 77 deals (65%) — acima da média geral (63%).,"Há 216 dias em Engaging. Nenhum deal do histórico fechou depois de 138 dias; 1291 abertos já passaram disso sem fechar. Não é esforço, é decisão: requalificar ou descartar.",GTX Pro: USD 4.821 em jogo — 3º produto mais caro dos 7.,
RY6T3GLC,Corliss Cosme,Cara Losch,East,GTX Pro,Zathunicon,retail,Engaging,2017-05-29,216.0,4821.0,Decidir,3,,ampla,55,60.3,,72.0,Você fecha GTX Pro em 37 de 55 deals (67%) — acima da média geral (63%).,"Há 216 dias em Engaging. Nenhum deal do histórico fechou depois de 138 dias; 1291 abertos já passaram disso sem fechar. Não é esforço, é decisão: requalificar ou descartar.",GTX Pro: USD 4.821 em jogo — 3º produto mais caro dos 7.,
UMXZFLO8,Zane Levy,Summer Sewald,West,GTX Pro,,,Engaging,2017-05-29,216.0,4821.0,Decidir,3,,ampla,69,55.1,,72.0,Você fecha GTX Pro em 46 de 69 deals (67%) — acima da média geral (63%).,"Há 216 dias em Engaging. Nenhum deal do histórico fechou depois de 138 dias; 1291 abertos já passaram disso sem fechar. Não é esforço, é decisão: requalificar ou descartar.",GTX Pro: USD 4.821 em jogo — 3º produto mais caro dos 7.,
UGTXH980,Daniell Hammack,Rocco Neubert,East,GTX Pro,,,Engaging,2017-06-01,213.0,4821.0,Decidir,3,,ampla,57,59.8,,72.0,Você fecha GTX Pro em 40 de 57 deals (70%) — acima da média geral (63%).,"Há 213 dias em Engaging. Nenhum deal do histórico fechou depois de 138 dias; 1291 abertos já passaram disso sem fechar. Não é esforço, é decisão: requalificar ou descartar.",GTX Pro: USD 4.821 em jogo — 3º produto mais caro dos 7.,
CUV49MUR,Violet Mclelland,Cara Losch,East,GTX Pro,Zathunicon,retail,Engaging,2017-06-02,212.0,4821.0,Decidir,3,,pequena,9,46.3,,72.0,Seu histórico em GTX Pro é 5 de 9 (56%). Base pequena: o score usa 62% (puxado para a sua média de 63%).,"Há 212 dias em Engaging. Nenhum deal do histórico fechou depois de 138 dias; 1291 abertos já passaram disso sem fechar. Não é esforço, é decisão: requalificar ou descartar.",GTX Pro: USD 4.821 em jogo — 3º produto mais caro dos 7.,
7VMOJBPN,Kami Bicknell,Summer Sewald,West,GTX Pro,Faxquote,telecommunications,Engaging,2017-06-03,211.0,4821.0,Decidir,3,,média,42,38.5,,72.0,Seu histórico em GTX Pro é 23 de 42 (55%) — abaixo da sua média (64%) e da geral (63%).,"Há 211 dias em Engaging. Nenhum deal do histórico fechou depois de 138 dias; 1291 abertos já passaram disso sem fechar. Não é esforço, é decisão: requalificar ou descartar.",GTX Pro: USD 4.821 em jogo — 3º produto mais caro dos 7.,
GXC8JN36,Kary Hendrixson,Summer Sewald,West,GTX Pro,,,Engaging,2017-06-04,210.0,4821.0,Decidir,3,,ampla,77,52.7,,72.0,Você fecha GTX Pro em 50 de 77 deals (65%) — acima da média geral (63%).,"Há 210 dias em Engaging. Nenhum deal do histórico fechou depois de 138 dias; 1291 abertos já passaram disso sem fechar. Não é esforço, é decisão: requalificar ou descartar.",GTX Pro: USD 4.821 em jogo — 3º produto mais caro dos 7.,
G1AKE0NR,Zane Levy,Summer Sewald,West,GTX Pro,,,Engaging,2017-06-07,207.0,4821.0,Decidir,3,,ampla,69,55.1,,72.0,Você fecha GTX Pro em 46 de 69 deals (67%) — acima da média geral (63%).,"Há 207 dias em Engaging. Nenhum deal do histórico fechou depois de 138 dias; 1291 abertos já passaram disso sem fechar. Não é esforço, é decisão: requalificar ou descartar.",GTX Pro: USD 4.821 em jogo — 3º produto mais caro dos 7.,
LC2RIMSX,Rosalina Dieter,Celia Rouche,West,GTX Pro,Vehement Capital Partners,finance,Engaging,2017-06-10,204.0,4821.0,Decidir,3,,pequena,7,63.9,,72.0,Seu histórico em GTX Pro é 6 de 7 (86%). Base pequena: o score usa 67% (puxado para a sua média de 65%).,"Há 204 dias em Engaging. Nenhum deal do histórico fechou depois de 138 dias; 1291 abertos já passaram disso sem fechar. Não é esforço, é decisão: requalificar ou descartar.",GTX Pro: USD 4.821 em jogo — 3º produto mais caro dos 7.,
WWCMITY9,Rosalina Dieter,Celia Rouche,West,GTX Pro,Funholding,finance,Engaging,2017-06-12,202.0,4821.0,Decidir,3,,pequena,7,63.9,,72.0,Seu histórico em GTX Pro é 6 de 7 (86%). Base pequena: o score usa 67% (puxado para a sua média de 65%).,"Há 202 dias em Engaging. Nenhum deal do histórico fechou depois de 138 dias; 1291 abertos já passaram disso sem fechar. Não é esforço, é decisão: requalificar ou descartar.",GTX Pro: USD 4.821 em jogo — 3º produto mais caro dos 7.,
YT34YUZN,Corliss Cosme,Cara Losch,East,GTX Pro,Betasoloin,medical,Engaging,2017-06-12,202.0,4821.0,Decidir,3,,ampla,55,60.3,,72.0,Você fecha GTX Pro em 37 de 55 deals (67%) — acima da média geral (63%).,"Há 202 dias em Engaging. Nenhum deal do histórico fechou depois de 138 dias; 1291 abertos já passaram disso sem fechar. Não é esforço, é decisão: requalificar ou descartar.",GTX Pro: USD 4.821 em jogo — 3º produto mais caro dos 7.,
YX4E972E,Markita Hansen,Celia Rouche,West,GTX Pro,Conecom,technology,Engaging,2017-06-14,200.0,4821.0,Decidir,3,,média,30,36.0,,72.0,Seu histórico em GTX Pro é 18 de 30 (60%) — abaixo da média geral (63%).,"Há 200 dias em Engaging. Nenhum deal do histórico fechou depois de 138 dias; 1291 abertos já passaram disso sem fechar. Não é esforço, é decisão: requalificar ou descartar.",GTX Pro: USD 4.821 em jogo — 3º produto mais caro dos 7.,
PFKDTEYU,Rosie Papadopoulos,Cara Losch,East,GTX Pro,Xx-zobam,entertainment,Engaging,2017-06-16,198.0,4821.0,Decidir,3,,média,31,74.2,,72.0,Você fecha GTX Pro em 25 de 31 deals (81%) — bem acima da média geral (63%).,"Há 198 dias em Engaging. Nenhum deal do histórico fechou depois de 138 dias; 1291 abertos já passaram disso sem fechar. Não é esforço, é decisão: requalificar ou descartar.",GTX Pro: USD 4.821 em jogo — 3º produto mais caro dos 7.,
1ORXGKVH,Kary Hendrixson,Summer Sewald,West,GTX Pro,Sonron,telecommunications,Engaging,2017-06-17,197.0,4821.0,Decidir,3,,ampla,77,52.7,,72.0,Você fecha GTX Pro em 50 de 77 deals (65%) — acima da média geral (63%).,"Há 197 dias em Engaging. Nenhum deal do histórico fechou depois de 138 dias; 1291 abertos já passaram disso sem fechar. Não é esforço, é decisão: requalificar ou descartar.",GTX Pro: USD 4.821 em jogo — 3º produto mais caro dos 7.,
FHYD80FB,Kami Bicknell,Summer Sewald,West,GTX Pro,,,Engaging,2017-06-17,197.0,4821.0,Decidir,3,,média,42,38.5,,72.0,Seu histórico em GTX Pro é 23 de 42 (55%) — abaixo da sua média (64%) e da geral (63%).,"Há 197 dias em Engaging. Nenhum deal do histórico fechou depois de 138 dias; 1291 abertos já passaram disso sem fechar. Não é esforço, é decisão: requalificar ou descartar.",GTX Pro: USD 4.821 em jogo — 3º produto mais caro dos 7.,
54OH0061,Maureen Marcano,Summer Sewald,West,GTX Pro,,,Engaging,2017-06-19,195.0,4821.0,Decidir,3,,média,30,78.4,,72.0,Você fecha GTX Pro em 23 de 30 deals (77%) — bem acima da média geral (63%).,"Há 195 dias em Engaging. Nenhum deal do histórico fechou depois de 138 dias; 1291 abertos já passaram disso sem fechar. Não é esforço, é decisão: requalificar ou descartar.",GTX Pro: USD 4.821 em jogo — 3º produto mais caro dos 7.,
96798U7Y,Rosie Papadopoulos,Cara Losch,East,GTX Pro,,,Engaging,2017-06-20,194.0,4821.0,Decidir,3,,média,31,74.2,,72.0,Você fecha GTX Pro em 25 de 31 deals (81%) — bem acima da média geral (63%).,"Há 194 dias em Engaging. Nenhum deal do histórico fechou depois de 138 dias; 1291 abertos já passaram disso sem fechar. Não é esforço, é decisão: requalificar ou descartar.",GTX Pro: USD 4.821 em jogo — 3º produto mais caro dos 7.,
14CNQKX8,Kary Hendrixson,Summer Sewald,West,GTX Pro,,,Engaging,2017-06-21,193.0,4821.0,Decidir,3,,ampla,77,52.7,,72.0,Você fecha GTX Pro em 50 de 77 deals (65%) — acima da média geral (63%).,"Há 193 dias em Engaging. Nenhum deal do histórico fechou depois de 138 dias; 1291 abertos já passaram disso sem fechar. Não é esforço, é decisão: requalificar ou descartar.",GTX Pro: USD 4.821 em jogo — 3º produto mais caro dos 7.,
BJO4VYLK,Daniell Hammack,Rocco Neubert,East,GTX Pro,,,Engaging,2017-06-21,193.0,4821.0,Decidir,3,,ampla,57,59.8,,72.0,Você fecha GTX Pro em 40 de 57 deals (70%) — acima da média geral (63%).,"Há 193 dias em Engaging. Nenhum deal do histórico fechou depois de 138 dias; 1291 abertos já passaram disso sem fechar. Não é esforço, é decisão: requalificar ou descartar.",GTX Pro: USD 4.821 em jogo — 3º produto mais caro dos 7.,
O9WYT5ST,Zane Levy,Summer Sewald,West,GTX Pro,Kan-code,software,Engaging,2017-06-23,191.0,4821.0,Decidir,3,,ampla,69,55.1,,72.0,Você fecha GTX Pro em 46 de 69 deals (67%) — acima da média geral (63%).,"Há 191 dias em Engaging. Nenhum deal do histórico fechou depois de 138 dias; 1291 abertos já passaram disso sem fechar. Não é esforço, é decisão: requalificar ou descartar.",GTX Pro: USD 4.821 em jogo — 3º produto mais caro dos 7.,
13FIM9V3,Corliss Cosme,Cara Losch,East,GTX Pro,,,Engaging,2017-06-24,190.0,4821.0,Decidir,3,,ampla,55,60.3,,72.0,Você fecha GTX Pro em 37 de 55 deals (67%) — acima da média geral (63%).,"Há 190 dias em Engaging. Nenhum deal do histórico fechou depois de 138 dias; 1291 abertos já passaram disso sem fechar. Não é esforço, é decisão: requalificar ou descartar.",GTX Pro: USD 4.821 em jogo — 3º produto mais caro dos 7.,
74KGIZW4,Kary Hendrixson,Summer Sewald,West,GTX Pro,Betasoloin,medical,Engaging,2017-06-24,190.0,4821.0,Decidir,3,,ampla,77,52.7,,72.0,Você fecha GTX Pro em 50 de 77 deals (65%) — acima da média geral (63%).,"Há 190 dias em Engaging. Nenhum deal do histórico fechou depois de 138 dias; 1291 abertos já passaram disso sem fechar. Não é esforço, é decisão: requalificar ou descartar.",GTX Pro: USD 4.821 em jogo — 3º produto mais caro dos 7.,
A8QRKXG3,Vicki Laflamme,Celia Rouche,West,GTX Pro,,,Engaging,2017-06-25,189.0,4821.0,Decidir,3,,ampla,59,59.1,,72.0,Você fecha GTX Pro em 40 de 59 deals (68%) — acima da média geral (63%).,"Há 189 dias em Engaging. Nenhum deal do histórico fechou depois de 138 dias; 1291 abertos já passaram disso sem fechar. Não é esforço, é decisão: requalificar ou descartar.",GTX Pro: USD 4.821 em jogo — 3º produto mais caro dos 7.,
Z6R4KJFU,Daniell Hammack,Rocco Neubert,East,GTX Pro,,,Engaging,2017-06-25,189.0,4821.0,Decidir,3,,ampla,57,59.8,,72.0,Você fecha GTX Pro em 40 de 57 deals (70%) — acima da média geral (63%).,"Há 189 dias em Engaging. Nenhum deal do histórico fechou depois de 138 dias; 1291 abertos já passaram disso sem fechar. Não é esforço, é decisão: requalificar ou descartar.",GTX Pro: USD 4.821 em jogo — 3º produto mais caro dos 7.,
23NAJF9W,Zane Levy,Summer Sewald,West,GTX Pro,Plussunin,retail,Engaging,2017-06-26,188.0,4821.0,Decidir,3,,ampla,69,55.1,,72.0,Você fecha GTX Pro em 46 de 69 deals (67%) — acima da média geral (63%).,"Há 188 dias em Engaging. Nenhum deal do histórico fechou depois de 138 dias; 1291 abertos já passaram disso sem fechar. Não é esforço, é decisão: requalificar ou descartar.",GTX Pro: USD 4.821 em jogo — 3º produto mais caro dos 7.,
HTF7TYQS,Daniell Hammack,Rocco Neubert,East,GTX Pro,,,Engaging,2017-06-27,187.0,4821.0,Decidir,3,,ampla,57,59.8,,72.0,Você fecha GTX Pro em 40 de 57 deals (70%) — acima da média geral (63%).,"Há 187 dias em Engaging. Nenhum deal do histórico fechou depois de 138 dias; 1291 abertos já passaram disso sem fechar. Não é esforço, é decisão: requalificar ou descartar.",GTX Pro: USD 4.821 em jogo — 3º produto mais caro dos 7.,
R443AUAG,Violet Mclelland,Cara Losch,East,GTX Pro,,,Engaging,2017-06-27,187.0,4821.0,Decidir,3,,pequena,9,46.3,,72.0,Seu histórico em GTX Pro é 5 de 9 (56%). Base pequena: o score usa 62% (puxado para a sua média de 63%).,"Há 187 dias em Engaging. Nenhum deal do histórico fechou depois de 138 dias; 1291 abertos já passaram disso sem fechar. Não é esforço, é decisão: requalificar ou descartar.",GTX Pro: USD 4.821 em jogo — 3º produto mais caro dos 7.,
XYRO1TLJ,Markita Hansen,Celia Rouche,West,GTX Pro,,,Engaging,2017-06-29,185.0,4821.0,Decidir,3,,média,30,36.0,,72.0,Seu histórico em GTX Pro é 18 de 30 (60%) — abaixo da média geral (63%).,"Há 185 dias em Engaging. Nenhum deal do histórico fechou depois de 138 dias; 1291 abertos já passaram disso sem fechar. Não é esforço, é decisão: requalificar ou descartar.",GTX Pro: USD 4.821 em jogo — 3º produto mais caro dos 7.,
VSYO182N,Kary Hendrixson,Summer Sewald,West,GTX Pro,Dalttechnology,software,Engaging,2017-07-01,183.0,4821.0,Decidir,3,,ampla,77,52.7,,72.0,Você fecha GTX Pro em 50 de 77 deals (65%) — acima da média geral (63%).,"Há 183 dias em Engaging. Nenhum deal do histórico fechou depois de 138 dias; 1291 abertos já passaram disso sem fechar. Não é esforço, é decisão: requalificar ou descartar.",GTX Pro: USD 4.821 em jogo — 3º produto mais caro dos 7.,
4EGO7VCJ,Kami Bicknell,Summer Sewald,West,GTX Pro,,,Engaging,2017-07-02,182.0,4821.0,Decidir,3,,média,42,38.5,,72.0,Seu histórico em GTX Pro é 23 de 42 (55%) — abaixo da sua média (64%) e da geral (63%).,"Há 182 dias em Engaging. Nenhum deal do histórico fechou depois de 138 dias; 1291 abertos já passaram disso sem fechar. Não é esforço, é decisão: requalificar ou descartar.",GTX Pro: USD 4.821 em jogo — 3º produto mais caro dos 7.,
HAUB1NBF,Corliss Cosme,Cara Losch,East,GTX Pro,,,Engaging,2017-07-02,182.0,4821.0,Decidir,3,,ampla,55,60.3,,72.0,Você fecha GTX Pro em 37 de 55 deals (67%) — acima da média geral (63%).,"Há 182 dias em Engaging. Nenhum deal do histórico fechou depois de 138 dias; 1291 abertos já passaram disso sem fechar. Não é esforço, é decisão: requalificar ou descartar.",GTX Pro: USD 4.821 em jogo — 3º produto mais caro dos 7.,
WQAKXOYU,Boris Faz,Rocco Neubert,East,GTX Pro,,,Engaging,2017-07-02,182.0,4821.0,Decidir,3,,média,23,66.2,,72.0,Você fecha GTX Pro em 17 de 23 deals (74%) — bem acima da média geral (63%).,"Há 182 dias em Engaging. Nenhum deal do histórico fechou depois de 138 dias; 1291 abertos já passaram disso sem fechar. Não é esforço, é decisão: requalificar ou descartar.",GTX Pro: USD 4.821 em jogo — 3º produto mais caro dos 7.,
81PWOUF0,Maureen Marcano,Summer Sewald,West,GTX Pro,,,Engaging,2017-07-06,178.0,4821.0,Decidir,3,,média,30,78.4,,72.0,Você fecha GTX Pro em 23 de 30 deals (77%) — bem acima da média geral (63%).,"Há 178 dias em Engaging. Nenhum deal do histórico fechou depois de 138 dias; 1291 abertos já passaram disso sem fechar. Não é esforço, é decisão: requalificar ou descartar.",GTX Pro: USD 4.821 em jogo — 3º produto mais caro dos 7.,
CFI2GXN1,Boris Faz,Rocco Neubert,East,GTX Pro,,,Engaging,2017-07-07,177.0,4821.0,Decidir,3,,média,23,66.2,,72.0,Você fecha GTX Pro em 17 de 23 deals (74%) — bem acima da média geral (63%).,"Há 177 dias em Engaging. Nenhum deal do histórico fechou depois de 138 dias; 1291 abertos já passaram disso sem fechar. Não é esforço, é decisão: requalificar ou descartar.",GTX Pro: USD 4.821 em jogo — 3º produto mais caro dos 7.,
6AO6E15O,Rosalina Dieter,Celia Rouche,West,GTX Pro,Statholdings,employment,Engaging,2017-07-09,175.0,4821.0,Decidir,3,,pequena,7,63.9,,72.0,Seu histórico em GTX Pro é 6 de 7 (86%). Base pequena: o score usa 67% (puxado para a sua média de 65%).,"Há 175 dias em Engaging. Nenhum deal do histórico fechou depois de 138 dias; 1291 abertos já passaram disso sem fechar. Não é esforço, é decisão: requalificar ou descartar.",GTX Pro: USD 4.821 em jogo — 3º produto mais caro dos 7.,
CQYAMIQ3,Zane Levy,Summer Sewald,West,GTX Pro,,,Engaging,2017-07-09,175.0,4821.0,Decidir,3,,ampla,69,55.1,,72.0,Você fecha GTX Pro em 46 de 69 deals (67%) — acima da média geral (63%).,"Há 175 dias em Engaging. Nenhum deal do histórico fechou depois de 138 dias; 1291 abertos já passaram disso sem fechar. Não é esforço, é decisão: requalificar ou descartar.",GTX Pro: USD 4.821 em jogo — 3º produto mais caro dos 7.,
OT26ZUZ7,Daniell Hammack,Rocco Neubert,East,GTX Pro,Betatech,medical,Engaging,2017-07-09,175.0,4821.0,Decidir,3,,ampla,57,59.8,,72.0,Você fecha GTX Pro em 40 de 57 deals (70%) — acima da média geral (63%).,"Há 175 dias em Engaging. Nenhum deal do histórico fechou depois de 138 dias; 1291 abertos já passaram disso sem fechar. Não é esforço, é decisão: requalificar ou descartar.",GTX Pro: USD 4.821 em jogo — 3º produto mais caro dos 7.,
QV3TAWDT,Rosie Papadopoulos,Cara Losch,East,GTX Pro,,,Engaging,2017-07-10,174.0,4821.0,Decidir,3,,média,31,74.2,,72.0,Você fecha GTX Pro em 25 de 31 deals (81%) — bem acima da média geral (63%).,"Há 174 dias em Engaging. Nenhum deal do histórico fechou depois de 138 dias; 1291 abertos já passaram disso sem fechar. Não é esforço, é decisão: requalificar ou descartar.",GTX Pro: USD 4.821 em jogo — 3º produto mais caro dos 7.,
CCLIVXMG,Elease Gluck,Celia Rouche,West,GTX Pro,,,Engaging,2017-07-19,165.0,4821.0,Decidir,3,,pequena,10,60.0,,72.0,Seu histórico em GTX Pro é 8 de 10 (80%). Base pequena: o score usa 66% (puxado para a sua média de 63%).,"Há 165 dias em Engaging. Nenhum deal do histórico fechou depois de 138 dias; 1291 abertos já passaram disso sem fechar. Não é esforço, é decisão: requalificar ou descartar.",GTX Pro: USD 4.821 em jogo — 3º produto mais caro dos 7.,
JHCA115A,Vicki Laflamme,Celia Rouche,West,GTX Pro,Green-Plus,services,Engaging,2017-07-19,165.0,4821.0,Decidir,3,,ampla,59,59.1,,72.0,Você fecha GTX Pro em 40 de 59 deals (68%) — acima da média geral (63%).,"Há 165 dias em Engaging. Nenhum deal do histórico fechou depois de 138 dias; 1291 abertos já passaram disso sem fechar. Não é esforço, é decisão: requalificar ou descartar.",GTX Pro: USD 4.821 em jogo — 3º produto mais caro dos 7.,
NU4ACGMY,Darcel Schlecht,Melvin Marxen,Central,GTX Pro,,,Engaging,2017-07-19,165.0,4821.0,Decidir,3,,ampla,265,42.2,,72.0,Seu histórico em GTX Pro é 160 de 265 (60%) — abaixo da sua média (63%) e da geral (63%).,"Há 165 dias em Engaging. Nenhum deal do histórico fechou depois de 138 dias; 1291 abertos já passaram disso sem fechar. Não é esforço, é decisão: requalificar ou descartar.",GTX Pro: USD 4.821 em jogo — 3º produto mais caro dos 7.,
PQOHTS9I,Jonathan Berthelot,Melvin Marxen,Central,GTX Pro,Inity,marketing,Engaging,2017-07-19,165.0,4821.0,Decidir,3,,média,48,54.7,,72.0,Você fecha GTX Pro em 31 de 48 deals (65%) — acima da média geral (63%).,"Há 165 dias em Engaging. Nenhum deal do histórico fechou depois de 138 dias; 1291 abertos já passaram disso sem fechar. Não é esforço, é decisão: requalificar ou descartar.",GTX Pro: USD 4.821 em jogo — 3º produto mais caro dos 7.,
6V7FT2YU,Darcel Schlecht,Melvin Marxen,Central,GTX Pro,,,Engaging,2017-07-20,164.0,4821.0,Decidir,3,,ampla,265,42.2,,72.0,Seu histórico em GTX Pro é 160 de 265 (60%) — abaixo da sua média (63%) e da geral (63%).,"Há 164 dias em Engaging. Nenhum deal do histórico fechou depois de 138 dias; 1291 abertos já passaram disso sem fechar. Não é esforço, é decisão: requalificar ou descartar.",GTX Pro: USD 4.821 em jogo — 3º produto mais caro dos 7.,
7439NGIG,Marty Freudenburg,Melvin Marxen,Central,GTX Pro,Sumace,retail,Engaging,2017-07-20,164.0,4821.0,Decidir,3,,pequena,16,48.9,,72.0,Seu histórico em GTX Pro é 10 de 16 (62%). Base pequena: o score usa 63% (puxado para a sua média de 63%).,"Há 164 dias em Engaging. Nenhum deal do histórico fechou depois de 138 dias; 1291 abertos já passaram disso sem fechar. Não é esforço, é decisão: requalificar ou descartar.",GTX Pro: USD 4.821 em jogo — 3º produto mais caro dos 7.,
PJ75Q8VM,Jonathan Berthelot,Melvin Marxen,Central,GTX Pro,,,Engaging,2017-07-20,164.0,4821.0,Decidir,3,,média,48,54.7,,72.0,Você fecha GTX Pro em 31 de 48 deals (65%) — acima da média geral (63%).,"Há 164 dias em Engaging. Nenhum deal do histórico fechou depois de 138 dias; 1291 abertos já passaram disso sem fechar. Não é esforço, é decisão: requalificar ou descartar.",GTX Pro: USD 4.821 em jogo — 3º produto mais caro dos 7.,
PI45UJKA,Darcel Schlecht,Melvin Marxen,Central,GTX Pro,,,Engaging,2017-07-21,163.0,4821.0,Decidir,3,,ampla,265,42.2,,72.0,Seu histórico em GTX Pro é 160 de 265 (60%) — abaixo da sua média (63%) e da geral (63%).,"Há 163 dias em Engaging. Nenhum deal do histórico fechou depois de 138 dias; 1291 abertos já passaram disso sem fechar. Não é esforço, é decisão: requalificar ou descartar.",GTX Pro: USD 4.821 em jogo — 3º produto mais caro dos 7.,
R69OYH4Z,Vicki Laflamme,Celia Rouche,West,GTX Pro,Umbrella Corporation,finance,Engaging,2017-07-21,163.0,4821.0,Decidir,3,,ampla,59,59.1,,72.0,Você fecha GTX Pro em 40 de 59 deals (68%) — acima da média geral (63%).,"Há 163 dias em Engaging. Nenhum deal do histórico fechou depois de 138 dias; 1291 abertos já passaram disso sem fechar. Não é esforço, é decisão: requalificar ou descartar.",GTX Pro: USD 4.821 em jogo — 3º produto mais caro dos 7.,
S0Z4QVL2,Vicki Laflamme,Celia Rouche,West,GTX Pro,,,Engaging,2017-07-21,163.0,4821.0,Decidir,3,,ampla,59,59.1,,72.0,Você fecha GTX Pro em 40 de 59 deals (68%) — acima da média geral (63%).,"Há 163 dias em Engaging. Nenhum deal do histórico fechou depois de 138 dias; 1291 abertos já passaram disso sem fechar. Não é esforço, é decisão: requalificar ou descartar.",GTX Pro: USD 4.821 em jogo — 3º produto mais caro dos 7.,
S6YZO6UQ,Darcel Schlecht,Melvin Marxen,Central,GTX Pro,,,Engaging,2017-07-21,163.0,4821.0,Decidir,3,,ampla,265,42.2,,72.0,Seu histórico em GTX Pro é 160 de 265 (60%) — abaixo da sua média (63%) e da geral (63%).,"Há 163 dias em Engaging. Nenhum deal do histórico fechou depois de 138 dias; 1291 abertos já passaram disso sem fechar. Não é esforço, é decisão: requalificar ou descartar.",GTX Pro: USD 4.821 em jogo — 3º produto mais caro dos 7.,
XVB2CGL6,Maureen Marcano,Summer Sewald,West,GTX Pro,,,Engaging,2017-07-21,163.0,4821.0,Decidir,3,,média,30,78.4,,72.0,Você fecha GTX Pro em 23 de 30 deals (77%) — bem acima da média geral (63%).,"Há 163 dias em Engaging. Nenhum deal do histórico fechou depois de 138 dias; 1291 abertos já passaram disso sem fechar. Não é esforço, é decisão: requalificar ou descartar.",GTX Pro: USD 4.821 em jogo — 3º produto mais caro dos 7.,
FY5MBCWQ,Darcel Schlecht,Melvin Marxen,Central,GTX Pro,,,Engaging,2017-07-22,162.0,4821.0,Decidir,3,,ampla,265,42.2,,72.0,Seu histórico em GTX Pro é 160 de 265 (60%) — abaixo da sua média (63%) e da geral (63%).,"Há 162 dias em Engaging. Nenhum deal do histórico fechou depois de 138 dias; 1291 abertos já passaram disso sem fechar. Não é esforço, é decisão: requalificar ou descartar.",GTX Pro: USD 4.821 em jogo — 3º produto mais caro dos 7.,
Q1HNDPKW,Darcel Schlecht,Melvin Marxen,Central,GTX Pro,,,Engaging,2017-07-23,161.0,4821.0,Decidir,3,,ampla,265,42.2,,72.0,Seu histórico em GTX Pro é 160 de 265 (60%) — abaixo da sua média (63%) e da geral (63%).,"Há 161 dias em Engaging. Nenhum deal do histórico fechou depois de 138 dias; 1291 abertos já passaram disso sem fechar. Não é esforço, é decisão: requalificar ou descartar.",GTX Pro: USD 4.821 em jogo — 3º produto mais caro dos 7.,
0TC6I9SJ,Darcel Schlecht,Melvin Marxen,Central,GTX Pro,Dontechi,software,Engaging,2017-07-24,160.0,4821.0,Decidir,3,,ampla,265,42.2,,72.0,Seu histórico em GTX Pro é 160 de 265 (60%) — abaixo da sua média (63%) e da geral (63%).,"Há 160 dias em Engaging. Nenhum deal do histórico fechou depois de 138 dias; 1291 abertos já passaram disso sem fechar. Não é esforço, é decisão: requalificar ou descartar.",GTX Pro: USD 4.821 em jogo — 3º produto mais caro dos 7.,
H2FCUPHJ,Niesha Huffines,Melvin Marxen,Central,GTX Pro,,,Engaging,2017-07-24,160.0,4821.0,Decidir,3,,pequena,14,8.0,,72.0,Seu histórico em GTX Pro é 2 de 14 (14%). Base pequena: o score usa 51% (puxado para a sua média de 60%).,"Há 160 dias em Engaging. Nenhum deal do histórico fechou depois de 138 dias; 1291 abertos já passaram disso sem fechar. Não é esforço, é decisão: requalificar ou descartar.",GTX Pro: USD 4.821 em jogo — 3º produto mais caro dos 7.,
NCCB118E,Darcel Schlecht,Melvin Marxen,Central,GTX Pro,,,Engaging,2017-07-24,160.0,4821.0,Decidir,3,,ampla,265,42.2,,72.0,Seu histórico em GTX Pro é 160 de 265 (60%) — abaixo da sua média (63%) e da geral (63%).,"Há 160 dias em Engaging. Nenhum deal do histórico fechou depois de 138 dias; 1291 abertos já passaram disso sem fechar. Não é esforço, é decisão: requalificar ou descartar.",GTX Pro: USD 4.821 em jogo — 3º produto mais caro dos 7.,
WGFTBY3W,Darcel Schlecht,Melvin Marxen,Central,GTX Pro,,,Engaging,2017-07-24,160.0,4821.0,Decidir,3,,ampla,265,42.2,,72.0,Seu histórico em GTX Pro é 160 de 265 (60%) — abaixo da sua média (63%) e da geral (63%).,"Há 160 dias em Engaging. Nenhum deal do histórico fechou depois de 138 dias; 1291 abertos já passaram disso sem fechar. Não é esforço, é decisão: requalificar ou descartar.",GTX Pro: USD 4.821 em jogo — 3º produto mais caro dos 7.,
1QKDD1OI,Darcel Schlecht,Melvin Marxen,Central,GTX Pro,Isdom,medical,Engaging,2017-07-25,159.0,4821.0,Decidir,3,,ampla,265,42.2,,72.0,Seu histórico em GTX Pro é 160 de 265 (60%) — abaixo da sua média (63%) e da geral (63%).,"Há 159 dias em Engaging. Nenhum deal do histórico fechou depois de 138 dias; 1291 abertos já passaram disso sem fechar. Não é esforço, é decisão: requalificar ou descartar.",GTX Pro: USD 4.821 em jogo — 3º produto mais caro dos 7.,
2GFL3TAF,Darcel Schlecht,Melvin Marxen,Central,GTX Pro,,,Engaging,2017-07-25,159.0,4821.0,Decidir,3,,ampla,265,42.2,,72.0,Seu histórico em GTX Pro é 160 de 265 (60%) — abaixo da sua média (63%) e da geral (63%).,"Há 159 dias em Engaging. Nenhum deal do histórico fechou depois de 138 dias; 1291 abertos já passaram disso sem fechar. Não é esforço, é decisão: requalificar ou descartar.",GTX Pro: USD 4.821 em jogo — 3º produto mais caro dos 7.,
CUSWE9PB,Darcel Schlecht,Melvin Marxen,Central,GTX Pro,,,Engaging,2017-07-25,159.0,4821.0,Decidir,3,,ampla,265,42.2,,72.0,Seu histórico em GTX Pro é 160 de 265 (60%) — abaixo da sua média (63%) e da geral (63%).,"Há 159 dias em Engaging. Nenhum deal do histórico fechou depois de 138 dias; 1291 abertos já passaram disso sem fechar. Não é esforço, é decisão: requalificar ou descartar.",GTX Pro: USD 4.821 em jogo — 3º produto mais caro dos 7.,
LUTZ8UQM,Darcel Schlecht,Melvin Marxen,Central,GTX Pro,Isdom,medical,Engaging,2017-07-25,159.0,4821.0,Decidir,3,,ampla,265,42.2,,72.0,Seu histórico em GTX Pro é 160 de 265 (60%) — abaixo da sua média (63%) e da geral (63%).,"Há 159 dias em Engaging. Nenhum deal do histórico fechou depois de 138 dias; 1291 abertos já passaram disso sem fechar. Não é esforço, é decisão: requalificar ou descartar.",GTX Pro: USD 4.821 em jogo — 3º produto mais caro dos 7.,
L6223VHA,Darcel Schlecht,Melvin Marxen,Central,GTX Pro,Sumace,retail,Engaging,2017-07-26,158.0,4821.0,Decidir,3,,ampla,265,42.2,,72.0,Seu histórico em GTX Pro é 160 de 265 (60%) — abaixo da sua média (63%) e da geral (63%).,"Há 158 dias em Engaging. Nenhum deal do histórico fechou depois de 138 dias; 1291 abertos já passaram disso sem fechar. Não é esforço, é decisão: requalificar ou descartar.",GTX Pro: USD 4.821 em jogo — 3º produto mais caro dos 7.,
PW9DTZON,James Ascencio,Summer Sewald,West,GTX Pro,Donquadtech,technology,Engaging,2017-07-26,158.0,4821.0,Decidir,3,,média,33,50.5,,72.0,Você fecha GTX Pro em 20 de 33 deals (61%) — acima da média geral (63%).,"Há 158 dias em Engaging. Nenhum deal do histórico fechou depois de 138 dias; 1291 abertos já passaram disso sem fechar. Não é esforço, é decisão: requalificar ou descartar.",GTX Pro: USD 4.821 em jogo — 3º produto mais caro dos 7.,
Q5GNQ823,Vicki Laflamme,Celia Rouche,West,GTX Pro,,,Engaging,2017-07-26,158.0,4821.0,Decidir,3,,ampla,59,59.1,,72.0,Você fecha GTX Pro em 40 de 59 deals (68%) — acima da média geral (63%).,"Há 158 dias em Engaging. Nenhum deal do histórico fechou depois de 138 dias; 1291 abertos já passaram disso sem fechar. Não é esforço, é decisão: requalificar ou descartar.",GTX Pro: USD 4.821 em jogo — 3º produto mais caro dos 7.,
TJ7PNIXL,Darcel Schlecht,Melvin Marxen,Central,GTX Pro,,,Engaging,2017-07-26,158.0,4821.0,Decidir,3,,ampla,265,42.2,,72.0,Seu histórico em GTX Pro é 160 de 265 (60%) — abaixo da sua média (63%) e da geral (63%).,"Há 158 dias em Engaging. Nenhum deal do histórico fechou depois de 138 dias; 1291 abertos já passaram disso sem fechar. Não é esforço, é decisão: requalificar ou descartar.",GTX Pro: USD 4.821 em jogo — 3º produto mais caro dos 7.,
VMBM5EKL,Darcel Schlecht,Melvin Marxen,Central,GTX Pro,,,Engaging,2017-07-26,158.0,4821.0,Decidir,3,,ampla,265,42.2,,72.0,Seu histórico em GTX Pro é 160 de 265 (60%) — abaixo da sua média (63%) e da geral (63%).,"Há 158 dias em Engaging. Nenhum deal do histórico fechou depois de 138 dias; 1291 abertos já passaram disso sem fechar. Não é esforço, é decisão: requalificar ou descartar.",GTX Pro: USD 4.821 em jogo — 3º produto mais caro dos 7.,
45H84LNT,Darcel Schlecht,Melvin Marxen,Central,GTX Pro,,,Engaging,2017-07-27,157.0,4821.0,Decidir,3,,ampla,265,42.2,,72.0,Seu histórico em GTX Pro é 160 de 265 (60%) — abaixo da sua média (63%) e da geral (63%).,"Há 157 dias em Engaging. Nenhum deal do histórico fechou depois de 138 dias; 1291 abertos já passaram disso sem fechar. Não é esforço, é decisão: requalificar ou descartar.",GTX Pro: USD 4.821 em jogo — 3º produto mais caro dos 7.,
9B7FS6YL,Darcel Schlecht,Melvin Marxen,Central,GTX Pro,Konex,technology,Engaging,2017-07-27,157.0,4821.0,Decidir,3,,ampla,265,42.2,,72.0,Seu histórico em GTX Pro é 160 de 265 (60%) — abaixo da sua média (63%) e da geral (63%).,"Há 157 dias em Engaging. Nenhum deal do histórico fechou depois de 138 dias; 1291 abertos já passaram disso sem fechar. Não é esforço, é decisão: requalificar ou descartar.",GTX Pro: USD 4.821 em jogo — 3º produto mais caro dos 7.,
E8MIFXOH,Darcel Schlecht,Melvin Marxen,Central,GTX Pro,,,Engaging,2017-07-27,157.0,4821.0,Decidir,3,,ampla,265,42.2,,72.0,Seu histórico em GTX Pro é 160 de 265 (60%) — abaixo da sua média (63%) e da geral (63%).,"Há 157 dias em Engaging. Nenhum deal do histórico fechou depois de 138 dias; 1291 abertos já passaram disso sem fechar. Não é esforço, é decisão: requalificar ou descartar.",GTX Pro: USD 4.821 em jogo — 3º produto mais caro dos 7.,
GQ7H31ZJ,Darcel Schlecht,Melvin Marxen,Central,GTX Pro,Funholding,finance,Engaging,2017-07-27,157.0,4821.0,Decidir,3,,ampla,265,42.2,,72.0,Seu histórico em GTX Pro é 160 de 265 (60%) — abaixo da sua média (63%) e da geral (63%).,"Há 157 dias em Engaging. Nenhum deal do histórico fechou depois de 138 dias; 1291 abertos já passaram disso sem fechar. Não é esforço, é decisão: requalificar ou descartar.",GTX Pro: USD 4.821 em jogo — 3º produto mais caro dos 7.,
M6JT5RL8,Darcel Schlecht,Melvin Marxen,Central,GTX Pro,,,Engaging,2017-07-27,157.0,4821.0,Decidir,3,,ampla,265,42.2,,72.0,Seu histórico em GTX Pro é 160 de 265 (60%) — abaixo da sua média (63%) e da geral (63%).,"Há 157 dias em Engaging. Nenhum deal do histórico fechou depois de 138 dias; 1291 abertos já passaram disso sem fechar. Não é esforço, é decisão: requalificar ou descartar.",GTX Pro: USD 4.821 em jogo — 3º produto mais caro dos 7.,
PQ104BT2,Darcel Schlecht,Melvin Marxen,Central,GTX Pro,Finjob,employment,Engaging,2017-07-27,157.0,4821.0,Decidir,3,,ampla,265,42.2,,72.0,Seu histórico em GTX Pro é 160 de 265 (60%) — abaixo da sua média (63%) e da geral (63%).,"Há 157 dias em Engaging. Nenhum deal do histórico fechou depois de 138 dias; 1291 abertos já passaram disso sem fechar. Não é esforço, é decisão: requalificar ou descartar.",GTX Pro: USD 4.821 em jogo — 3º produto mais caro dos 7.,
UO8DLVVQ,Darcel Schlecht,Melvin Marxen,Central,GTX Pro,,,Engaging,2017-07-27,157.0,4821.0,Decidir,3,,ampla,265,42.2,,72.0,Seu histórico em GTX Pro é 160 de 265 (60%) — abaixo da sua média (63%) e da geral (63%).,"Há 157 dias em Engaging. Nenhum deal do histórico fechou depois de 138 dias; 1291 abertos já passaram disso sem fechar. Não é esforço, é decisão: requalificar ou descartar.",GTX Pro: USD 4.821 em jogo — 3º produto mais caro dos 7.,
VD2KHXRY,Zane Levy,Summer Sewald,West,GTX Pro,Toughzap,retail,Engaging,2017-07-27,157.0,4821.0,Decidir,3,,ampla,69,55.1,,72.0,Você fecha GTX Pro em 46 de 69 deals (67%) — acima da média geral (63%).,"Há 157 dias em Engaging. Nenhum deal do histórico fechou depois de 138 dias; 1291 abertos já passaram disso sem fechar. Não é esforço, é decisão: requalificar ou descartar.",GTX Pro: USD 4.821 em jogo — 3º produto mais caro dos 7.,
7K31BXX3,Jonathan Berthelot,Melvin Marxen,Central,GTX Pro,,,Engaging,2017-07-28,156.0,4821.0,Decidir,3,,média,48,54.7,,72.0,Você fecha GTX Pro em 31 de 48 deals (65%) — acima da média geral (63%).,"Há 156 dias em Engaging. Nenhum deal do histórico fechou depois de 138 dias; 1291 abertos já passaram disso sem fechar. Não é esforço, é decisão: requalificar ou descartar.",GTX Pro: USD 4.821 em jogo — 3º produto mais caro dos 7.,
N07XYH50,Gladys Colclough,Melvin Marxen,Central,GTX Pro,Newex,services,Engaging,2017-07-28,156.0,4821.0,Decidir,3,,ampla,50,24.6,,72.0,Seu histórico em GTX Pro é 26 de 50 (52%) — abaixo da sua média (58%) e da geral (63%).,"Há 156 dias em Engaging. Nenhum deal do histórico fechou depois de 138 dias; 1291 abertos já passaram disso sem fechar. Não é esforço, é decisão: requalificar ou descartar.",GTX Pro: USD 4.821 em jogo — 3º produto mais caro dos 7.,
Q62JFLLD,Darcel Schlecht,Melvin Marxen,Central,GTX Pro,,,Engaging,2017-07-28,156.0,4821.0,Decidir,3,,ampla,265,42.2,,72.0,Seu histórico em GTX Pro é 160 de 265 (60%) — abaixo da sua média (63%) e da geral (63%).,"Há 156 dias em Engaging. Nenhum deal do histórico fechou depois de 138 dias; 1291 abertos já passaram disso sem fechar. Não é esforço, é decisão: requalificar ou descartar.",GTX Pro: USD 4.821 em jogo — 3º produto mais caro dos 7.,
ZJLW1OPF,Darcel Schlecht,Melvin Marxen,Central,GTX Pro,Xx-zobam,entertainment,Engaging,2017-07-28,156.0,4821.0,Decidir,3,,ampla,265,42.2,,72.0,Seu histórico em GTX Pro é 160 de 265 (60%) — abaixo da sua média (63%) e da geral (63%).,"Há 156 dias em Engaging. Nenhum deal do histórico fechou depois de 138 dias; 1291 abertos já passaram disso sem fechar. Não é esforço, é decisão: requalificar ou descartar.",GTX Pro: USD 4.821 em jogo — 3º produto mais caro dos 7.,
2I7IFY8D,Darcel Schlecht,Melvin Marxen,Central,GTX Pro,,,Engaging,2017-07-29,155.0,4821.0,Decidir,3,,ampla,265,42.2,,72.0,Seu histórico em GTX Pro é 160 de 265 (60%) — abaixo da sua média (63%) e da geral (63%).,"Há 155 dias em Engaging. Nenhum deal do histórico fechou depois de 138 dias; 1291 abertos já passaram disso sem fechar. Não é esforço, é decisão: requalificar ou descartar.",GTX Pro: USD 4.821 em jogo — 3º produto mais caro dos 7.,
PNTHPFHY,Darcel Schlecht,Melvin Marxen,Central,GTX Pro,,,Engaging,2017-07-29,155.0,4821.0,Decidir,3,,ampla,265,42.2,,72.0,Seu histórico em GTX Pro é 160 de 265 (60%) — abaixo da sua média (63%) e da geral (63%).,"Há 155 dias em Engaging. Nenhum deal do histórico fechou depois de 138 dias; 1291 abertos já passaram disso sem fechar. Não é esforço, é decisão: requalificar ou descartar.",GTX Pro: USD 4.821 em jogo — 3º produto mais caro dos 7.,
YI1V6SOX,Darcel Schlecht,Melvin Marxen,Central,GTX Pro,The New York Inquirer,medical,Engaging,2017-07-29,155.0,4821.0,Decidir,3,,ampla,265,42.2,,72.0,Seu histórico em GTX Pro é 160 de 265 (60%) — abaixo da sua média (63%) e da geral (63%).,"Há 155 dias em Engaging. Nenhum deal do histórico fechou depois de 138 dias; 1291 abertos já passaram disso sem fechar. Não é esforço, é decisão: requalificar ou descartar.",GTX Pro: USD 4.821 em jogo — 3º produto mais caro dos 7.,
0XBGT413,Gladys Colclough,Melvin Marxen,Central,GTX Pro,,,Engaging,2017-07-30,154.0,4821.0,Decidir,3,,ampla,50,24.6,,72.0,Seu histórico em GTX Pro é 26 de 50 (52%) — abaixo da sua média (58%) e da geral (63%).,"Há 154 dias em Engaging. Nenhum deal do histórico fechou depois de 138 dias; 1291 abertos já passaram disso sem fechar. Não é esforço, é decisão: requalificar ou descartar.",GTX Pro: USD 4.821 em jogo — 3º produto mais caro dos 7.,
TJ95PY76,Darcel Schlecht,Melvin Marxen,Central,GTX Pro,J-Texon,retail,Engaging,2017-07-30,154.0,4821.0,Decidir,3,,ampla,265,42.2,,72.0,Seu histórico em GTX Pro é 160 de 265 (60%) — abaixo da sua média (63%) e da geral (63%).,"Há 154 dias em Engaging. Nenhum deal do histórico fechou depois de 138 dias; 1291 abertos já passaram disso sem fechar. Não é esforço, é decisão: requalificar ou descartar.",GTX Pro: USD 4.821 em jogo — 3º produto mais caro dos 7.,
FSEV7ZJC,Darcel Schlecht,Melvin Marxen,Central,GTX Pro,,,Engaging,2017-07-31,153.0,4821.0,Decidir,3,,ampla,265,42.2,,72.0,Seu histórico em GTX Pro é 160 de 265 (60%) — abaixo da sua média (63%) e da geral (63%).,"Há 153 dias em Engaging. Nenhum deal do histórico fechou depois de 138 dias; 1291 abertos já passaram disso sem fechar. Não é esforço, é decisão: requalificar ou descartar.",GTX Pro: USD 4.821 em jogo — 3º produto mais caro dos 7.,
OEP0IJ6S,Darcel Schlecht,Melvin Marxen,Central,GTX Pro,,,Engaging,2017-07-31,153.0,4821.0,Decidir,3,,ampla,265,42.2,,72.0,Seu histórico em GTX Pro é 160 de 265 (60%) — abaixo da sua média (63%) e da geral (63%).,"Há 153 dias em Engaging. Nenhum deal do histórico fechou depois de 138 dias; 1291 abertos já passaram disso sem fechar. Não é esforço, é decisão: requalificar ou descartar.",GTX Pro: USD 4.821 em jogo — 3º produto mais caro dos 7.,
BSKNQJOJ,Darcel Schlecht,Melvin Marxen,Central,GTX Pro,,,Engaging,2017-08-01,152.0,4821.0,Decidir,3,,ampla,265,42.2,,72.0,Seu histórico em GTX Pro é 160 de 265 (60%) — abaixo da sua média (63%) e da geral (63%).,"Há 152 dias em Engaging. Nenhum deal do histórico fechou depois de 138 dias; 1291 abertos já passaram disso sem fechar. Não é esforço, é decisão: requalificar ou descartar.",GTX Pro: USD 4.821 em jogo — 3º produto mais caro dos 7.,
FKY3O5O1,Niesha Huffines,Melvin Marxen,Central,GTX Pro,Zotware,software,Engaging,2017-08-01,152.0,4821.0,Decidir,3,,pequena,14,8.0,,72.0,Seu histórico em GTX Pro é 2 de 14 (14%). Base pequena: o score usa 51% (puxado para a sua média de 60%).,"Há 152 dias em Engaging. Nenhum deal do histórico fechou depois de 138 dias; 1291 abertos já passaram disso sem fechar. Não é esforço, é decisão: requalificar ou descartar.",GTX Pro: USD 4.821 em jogo — 3º produto mais caro dos 7.,
HISWL7B0,Darcel Schlecht,Melvin Marxen,Central,GTX Pro,,,Engaging,2017-08-01,152.0,4821.0,Decidir,3,,ampla,265,42.2,,72.0,Seu histórico em GTX Pro é 160 de 265 (60%) — abaixo da sua média (63%) e da geral (63%).,"Há 152 dias em Engaging. Nenhum deal do histórico fechou depois de 138 dias; 1291 abertos já passaram disso sem fechar. Não é esforço, é decisão: requalificar ou descartar.",GTX Pro: USD 4.821 em jogo — 3º produto mais caro dos 7.,
NBJR3GVR,Marty Freudenburg,Melvin Marxen,Central,GTX Pro,,,Engaging,2017-08-01,152.0,4821.0,Decidir,3,,pequena,16,48.9,,72.0,Seu histórico em GTX Pro é 10 de 16 (62%). Base pequena: o score usa 63% (puxado para a sua média de 63%).,"Há 152 dias em Engaging. Nenhum deal do histórico fechou depois de 138 dias; 1291 abertos já passaram disso sem fechar. Não é esforço, é decisão: requalificar ou descartar.",GTX Pro: USD 4.821 em jogo — 3º produto mais caro dos 7.,
2E2FDZHG,Niesha Huffines,Melvin Marxen,Central,GTX Pro,,,Engaging,2017-08-02,151.0,4821.0,Decidir,3,,pequena,14,8.0,,72.0,Seu histórico em GTX Pro é 2 de 14 (14%). Base pequena: o score usa 51% (puxado para a sua média de 60%).,"Há 151 dias em Engaging. Nenhum deal do histórico fechou depois de 138 dias; 1291 abertos já passaram disso sem fechar. Não é esforço, é decisão: requalificar ou descartar.",GTX Pro: USD 4.821 em jogo — 3º produto mais caro dos 7.,
69U39SXU,Darcel Schlecht,Melvin Marxen,Central,GTX Pro,,,Engaging,2017-08-04,149.0,4821.0,Decidir,3,,ampla,265,42.2,,72.0,Seu histórico em GTX Pro é 160 de 265 (60%) — abaixo da sua média (63%) e da geral (63%).,"Há 149 dias em Engaging. Nenhum deal do histórico fechou depois de 138 dias; 1291 abertos já passaram disso sem fechar. Não é esforço, é decisão: requalificar ou descartar.",GTX Pro: USD 4.821 em jogo — 3º produto mais caro dos 7.,
UM1OU73X,Darcel Schlecht,Melvin Marxen,Central,GTX Pro,,,Engaging,2017-08-04,149.0,4821.0,Decidir,3,,ampla,265,42.2,,72.0,Seu histórico em GTX Pro é 160 de 265 (60%) — abaixo da sua média (63%) e da geral (63%).,"Há 149 dias em Engaging. Nenhum deal do histórico fechou depois de 138 dias; 1291 abertos já passaram disso sem fechar. Não é esforço, é decisão: requalificar ou descartar.",GTX Pro: USD 4.821 em jogo — 3º produto mais caro dos 7.,
2N2MUDOA,Daniell Hammack,Rocco Neubert,East,GTX Pro,Bioholding,medical,Engaging,2017-08-05,148.0,4821.0,Decidir,3,,ampla,57,59.8,,72.0,Você fecha GTX Pro em 40 de 57 deals (70%) — acima da média geral (63%).,"Há 148 dias em Engaging. Nenhum deal do histórico fechou depois de 138 dias; 1291 abertos já passaram disso sem fechar. Não é esforço, é decisão: requalificar ou descartar.",GTX Pro: USD 4.821 em jogo — 3º produto mais caro dos 7.,
MOAP4XN7,Boris Faz,Rocco Neubert,East,GTX Pro,,,Engaging,2017-08-05,148.0,4821.0,Decidir,3,,média,23,66.2,,72.0,Você fecha GTX Pro em 17 de 23 deals (74%) — bem acima da média geral (63%).,"Há 148 dias em Engaging. Nenhum deal do histórico fechou depois de 138 dias; 1291 abertos já passaram disso sem fechar. Não é esforço, é decisão: requalificar ou descartar.",GTX Pro: USD 4.821 em jogo — 3º produto mais caro dos 7.,
7FFV8D9U,Gladys Colclough,Melvin Marxen,Central,GTX Pro,Plusstrip,entertainment,Engaging,2017-08-06,147.0,4821.0,Decidir,3,,ampla,50,24.6,,72.0,Seu histórico em GTX Pro é 26 de 50 (52%) — abaixo da sua média (58%) e da geral (63%).,"Há 147 dias em Engaging. Nenhum deal do histórico fechou depois de 138 dias; 1291 abertos já passaram disso sem fechar. Não é esforço, é decisão: requalificar ou descartar.",GTX Pro: USD 4.821 em jogo — 3º produto mais caro dos 7.,
A8NDGVJE,Darcel Schlecht,Melvin Marxen,Central,GTX Pro,,,Engaging,2017-08-06,147.0,4821.0,Decidir,3,,ampla,265,42.2,,72.0,Seu histórico em GTX Pro é 160 de 265 (60%) — abaixo da sua média (63%) e da geral (63%).,"Há 147 dias em Engaging. Nenhum deal do histórico fechou depois de 138 dias; 1291 abertos já passaram disso sem fechar. Não é esforço, é decisão: requalificar ou descartar.",GTX Pro: USD 4.821 em jogo — 3º produto mais caro dos 7.,
SLMY2KDA,Kary Hendrixson,Summer Sewald,West,GTX Pro,,,Engaging,2017-08-06,147.0,4821.0,Decidir,3,,ampla,77,52.7,,72.0,Você fecha GTX Pro em 50 de 77 deals (65%) — acima da média geral (63%).,"Há 147 dias em Engaging. Nenhum deal do histórico fechou depois de 138 dias; 1291 abertos já passaram disso sem fechar. Não é esforço, é decisão: requalificar ou descartar.",GTX Pro: USD 4.821 em jogo — 3º produto mais caro dos 7.,
SYA1A4E5,Niesha Huffines,Melvin Marxen,Central,GTX Pro,,,Engaging,2017-08-07,146.0,4821.0,Decidir,3,,pequena,14,8.0,,72.0,Seu histórico em GTX Pro é 2 de 14 (14%). Base pequena: o score usa 51% (puxado para a sua média de 60%).,"Há 146 dias em Engaging. Nenhum deal do histórico fechou depois de 138 dias; 1291 abertos já passaram disso sem fechar. Não é esforço, é decisão: requalificar ou descartar.",GTX Pro: USD 4.821 em jogo — 3º produto mais caro dos 7.,
FH3UXT3T,Darcel Schlecht,Melvin Marxen,Central,GTX Pro,,,Engaging,2017-08-08,145.0,4821.0,Decidir,3,,ampla,265,42.2,,72.0,Seu histórico em GTX Pro é 160 de 265 (60%) — abaixo da sua média (63%) e da geral (63%).,"Há 145 dias em Engaging. Nenhum deal do histórico fechou depois de 138 dias; 1291 abertos já passaram disso sem fechar. Não é esforço, é decisão: requalificar ou descartar.",GTX Pro: USD 4.821 em jogo — 3º produto mais caro dos 7.,
9B20R6A5,Darcel Schlecht,Melvin Marxen,Central,GTX Pro,,,Engaging,2017-08-09,144.0,4821.0,Decidir,3,,ampla,265,42.2,,72.0,Seu histórico em GTX Pro é 160 de 265 (60%) — abaixo da sua média (63%) e da geral (63%).,"Há 144 dias em Engaging. Nenhum deal do histórico fechou depois de 138 dias; 1291 abertos já passaram disso sem fechar. Não é esforço, é decisão: requalificar ou descartar.",GTX Pro: USD 4.821 em jogo — 3º produto mais caro dos 7.,
68EYCEV4,Rosie Papadopoulos,Cara Losch,East,GTX Pro,Faxquote,telecommunications,Engaging,2017-08-10,143.0,4821.0,Decidir,3,,média,31,74.2,,72.0,Você fecha GTX Pro em 25 de 31 deals (81%) — bem acima da média geral (63%).,"Há 143 dias em Engaging. Nenhum deal do histórico fechou depois de 138 dias; 1291 abertos já passaram disso sem fechar. Não é esforço, é decisão: requalificar ou descartar.",GTX Pro: USD 4.821 em jogo — 3º produto mais caro dos 7.,
58W7CZGD,Vicki Laflamme,Celia Rouche,West,GTX Pro,Cancity,retail,Engaging,2017-08-12,141.0,4821.0,Decidir,3,,ampla,59,59.1,,72.0,Você fecha GTX Pro em 40 de 59 deals (68%) — acima da média geral (63%).,"Há 141 dias em Engaging. Nenhum deal do histórico fechou depois de 138 dias; 1291 abertos já passaram disso sem fechar. Não é esforço, é decisão: requalificar ou descartar.",GTX Pro: USD 4.821 em jogo — 3º produto mais caro dos 7.,
6KEWAQMX,Cassey Cress,Rocco Neubert,East,GTX Pro,,,Engaging,2017-08-12,141.0,4821.0,Decidir,3,,ampla,53,63.7,,72.0,Você fecha GTX Pro em 38 de 53 deals (72%) — acima da média geral (63%).,"Há 141 dias em Engaging. Nenhum deal do histórico fechou depois de 138 dias; 1291 abertos já passaram disso sem fechar. Não é esforço, é decisão: requalificar ou descartar.",GTX Pro: USD 4.821 em jogo — 3º produto mais caro dos 7.,
9CPUX0D0,Marty Freudenburg,Melvin Marxen,Central,GTX Pro,,,Engaging,2017-08-13,140.0,4821.0,Decidir,3,,pequena,16,48.9,,72.0,Seu histórico em GTX Pro é 10 de 16 (62%). Base pequena: o score usa 63% (puxado para a sua média de 63%).,"Há 140 dias em Engaging. Nenhum deal do histórico fechou depois de 138 dias; 1291 abertos já passaram disso sem fechar. Não é esforço, é decisão: requalificar ou descartar.",GTX Pro: USD 4.821 em jogo — 3º produto mais caro dos 7.,
AILB4LIX,Darcel Schlecht,Melvin Marxen,Central,GTX Pro,,,Engaging,2017-08-14,139.0,4821.0,Decidir,3,,ampla,265,42.2,,72.0,Seu histórico em GTX Pro é 160 de 265 (60%) — abaixo da sua média (63%) e da geral (63%).,"Há 139 dias em Engaging. Nenhum deal do histórico fechou depois de 138 dias; 1291 abertos já passaram disso sem fechar. Não é esforço, é decisão: requalificar ou descartar.",GTX Pro: USD 4.821 em jogo — 3º produto mais caro dos 7.,
AMP2GT6F,Maureen Marcano,Summer Sewald,West,GTX Pro,,,Engaging,2017-08-14,139.0,4821.0,Decidir,3,,média,30,78.4,,72.0,Você fecha GTX Pro em 23 de 30 deals (77%) — bem acima da média geral (63%).,"Há 139 dias em Engaging. Nenhum deal do histórico fechou depois de 138 dias; 1291 abertos já passaram disso sem fechar. Não é esforço, é decisão: requalificar ou descartar.",GTX Pro: USD 4.821 em jogo — 3º produto mais caro dos 7.,
FJE58EP1,Darcel Schlecht,Melvin Marxen,Central,GTX Pro,,,Engaging,2017-08-14,139.0,4821.0,Decidir,3,,ampla,265,42.2,,72.0,Seu histórico em GTX Pro é 160 de 265 (60%) — abaixo da sua média (63%) e da geral (63%).,"Há 139 dias em Engaging. Nenhum deal do histórico fechou depois de 138 dias; 1291 abertos já passaram disso sem fechar. Não é esforço, é decisão: requalificar ou descartar.",GTX Pro: USD 4.821 em jogo — 3º produto mais caro dos 7.,
KBPKLB2X,Jonathan Berthelot,Melvin Marxen,Central,GTX Pro,,,Engaging,2017-08-14,139.0,4821.0,Decidir,3,,média,48,54.7,,72.0,Você fecha GTX Pro em 31 de 48 deals (65%) — acima da média geral (63%).,"Há 139 dias em Engaging. Nenhum deal do histórico fechou depois de 138 dias; 1291 abertos já passaram disso sem fechar. Não é esforço, é decisão: requalificar ou descartar.",GTX Pro: USD 4.821 em jogo — 3º produto mais caro dos 7.,
LBO52V0N,Cassey Cress,Rocco Neubert,East,GTX Pro,,,Engaging,2017-08-14,139.0,4821.0,Decidir,3,,ampla,53,63.7,,72.0,Você fecha GTX Pro em 38 de 53 deals (72%) — acima da média geral (63%).,"Há 139 dias em Engaging. Nenhum deal do histórico fechou depois de 138 dias; 1291 abertos já passaram disso sem fechar. Não é esforço, é decisão: requalificar ou descartar.",GTX Pro: USD 4.821 em jogo — 3º produto mais caro dos 7.,
PQJZNRKK,Rosie Papadopoulos,Cara Losch,East,GTX Pro,,,Engaging,2017-08-14,139.0,4821.0,Decidir,3,,média,31,74.2,,72.0,Você fecha GTX Pro em 25 de 31 deals (81%) — bem acima da média geral (63%).,"Há 139 dias em Engaging. Nenhum deal do histórico fechou depois de 138 dias; 1291 abertos já passaram disso sem fechar. Não é esforço, é decisão: requalificar ou descartar.",GTX Pro: USD 4.821 em jogo — 3º produto mais caro dos 7.,
HAXMC4IX,James Ascencio,Summer Sewald,West,MG Advanced,,,Engaging,2016-11-03,423.0,3393.0,Decidir,3,,pequena,16,64.4,,67.0,Seu histórico em MG Advanced é 12 de 16 (75%). Base pequena: o score usa 67% (puxado para a sua média de 66%).,"Há 423 dias em Engaging. Nenhum deal do histórico fechou depois de 138 dias; 1291 abertos já passaram disso sem fechar. Não é esforço, é decisão: requalificar ou descartar.",MG Advanced: USD 3.393 em jogo — 4º produto mais caro dos 7.,
UP409DSB,Maureen Marcano,Summer Sewald,West,MG Advanced,Ganjaflex,retail,Engaging,2016-11-10,416.0,3393.0,Decidir,3,,pequena,17,60.0,,67.0,Seu histórico em MG Advanced é 10 de 17 (59%). Base pequena: o score usa 66% (puxado para a sua média de 70%).,"Há 416 dias em Engaging. Nenhum deal do histórico fechou depois de 138 dias; 1291 abertos já passaram disso sem fechar. Não é esforço, é decisão: requalificar ou descartar.",MG Advanced: USD 3.393 em jogo — 4º produto mais caro dos 7.,
ZZY4516R,Hayden Neloms,Celia Rouche,West,MG Advanced,,,Engaging,2016-11-20,406.0,3393.0,Decidir,3,,ampla,77,84.4,,67.0,Você fecha MG Advanced em 59 de 77 deals (77%) — bem acima da média geral (63%).,"Há 406 dias em Engaging. Nenhum deal do histórico fechou depois de 138 dias; 1291 abertos já passaram disso sem fechar. Não é esforço, é decisão: requalificar ou descartar.",MG Advanced: USD 3.393 em jogo — 4º produto mais caro dos 7.,
GYB4W2AU,Elease Gluck,Celia Rouche,West,MG Advanced,,,Engaging,2016-11-23,403.0,3393.0,Decidir,3,,média,24,40.8,,67.0,Seu histórico em MG Advanced é 13 de 24 (54%) — abaixo da sua média (63%) e da geral (63%).,"Há 403 dias em Engaging. Nenhum deal do histórico fechou depois de 138 dias; 1291 abertos já passaram disso sem fechar. Não é esforço, é decisão: requalificar ou descartar.",MG Advanced: USD 3.393 em jogo — 4º produto mais caro dos 7.,
PFFHM7HR,Markita Hansen,Celia Rouche,West,MG Advanced,Opentech,finance,Engaging,2016-11-27,399.0,3393.0,Decidir,3,,média,40,36.4,,67.0,Seu histórico em MG Advanced é 24 de 40 (60%) — abaixo da média geral (63%).,"Há 399 dias em Engaging. Nenhum deal do histórico fechou depois de 138 dias; 1291 abertos já passaram disso sem fechar. Não é esforço, é decisão: requalificar ou descartar.",MG Advanced: USD 3.393 em jogo — 4º produto mais caro dos 7.,
IBEUTCSW,James Ascencio,Summer Sewald,West,MG Advanced,,,Engaging,2016-12-08,388.0,3393.0,Decidir,3,,pequena,16,64.4,,67.0,Seu histórico em MG Advanced é 12 de 16 (75%). Base pequena: o score usa 67% (puxado para a sua média de 66%).,"Há 388 dias em Engaging. Nenhum deal do histórico fechou depois de 138 dias; 1291 abertos já passaram disso sem fechar. Não é esforço, é decisão: requalificar ou descartar.",MG Advanced: USD 3.393 em jogo — 4º produto mais caro dos 7.,
ZOBJHMAF,Cassey Cress,Rocco Neubert,East,MG Advanced,,,Engaging,2016-12-11,385.0,3393.0,Decidir,3,,ampla,60,43.4,,67.0,Seu histórico em MG Advanced é 36 de 60 (60%) — abaixo da sua média (62%) e da geral (63%).,"Há 385 dias em Engaging. Nenhum deal do histórico fechou depois de 138 dias; 1291 abertos já passaram disso sem fechar. Não é esforço, é decisão: requalificar ou descartar.",MG Advanced: USD 3.393 em jogo — 4º produto mais caro dos 7.,
A194RP0I,Rosalina Dieter,Celia Rouche,West,MG Advanced,,,Engaging,2016-12-12,384.0,3393.0,Decidir,3,,média,23,60.4,,67.0,Você fecha MG Advanced em 16 de 23 deals (70%) — acima da média geral (63%).,"Há 384 dias em Engaging. Nenhum deal do histórico fechou depois de 138 dias; 1291 abertos já passaram disso sem fechar. Não é esforço, é decisão: requalificar ou descartar.",MG Advanced: USD 3.393 em jogo — 4º produto mais caro dos 7.,
ERFRHR3Z,Hayden Neloms,Celia Rouche,West,MG Advanced,,,Engaging,2016-12-14,382.0,3393.0,Decidir,3,,ampla,77,84.4,,67.0,Você fecha MG Advanced em 59 de 77 deals (77%) — bem acima da média geral (63%).,"Há 382 dias em Engaging. Nenhum deal do histórico fechou depois de 138 dias; 1291 abertos já passaram disso sem fechar. Não é esforço, é decisão: requalificar ou descartar.",MG Advanced: USD 3.393 em jogo — 4º produto mais caro dos 7.,
NKPH3EFG,Cassey Cress,Rocco Neubert,East,MG Advanced,,,Engaging,2016-12-18,378.0,3393.0,Decidir,3,,ampla,60,43.4,,67.0,Seu histórico em MG Advanced é 36 de 60 (60%) — abaixo da sua média (62%) e da geral (63%).,"Há 378 dias em Engaging. Nenhum deal do histórico fechou depois de 138 dias; 1291 abertos já passaram disso sem fechar. Não é esforço, é decisão: requalificar ou descartar.",MG Advanced: USD 3.393 em jogo — 4º produto mais caro dos 7.,
B00UMAV4,Kami Bicknell,Summer Sewald,West,MG Advanced,Gogozoom,telecommunications,Engaging,2016-12-26,370.0,3393.0,Decidir,3,,média,26,58.5,,67.0,Você fecha MG Advanced em 18 de 26 deals (69%) — acima da média geral (63%).,"Há 370 dias em Engaging. Nenhum deal do histórico fechou depois de 138 dias; 1291 abertos já passaram disso sem fechar. Não é esforço, é decisão: requalificar ou descartar.",MG Advanced: USD 3.393 em jogo — 4º produto mais caro dos 7.,
QR2BDRAI,James Ascencio,Summer Sewald,West,MG Advanced,,,Engaging,2017-01-04,361.0,3393.0,Decidir,3,,pequena,16,64.4,,67.0,Seu histórico em MG Advanced é 12 de 16 (75%). Base pequena: o score usa 67% (puxado para a sua média de 66%).,"Há 361 dias em Engaging. Nenhum deal do histórico fechou depois de 138 dias; 1291 abertos já passaram disso sem fechar. Não é esforço, é decisão: requalificar ou descartar.",MG Advanced: USD 3.393 em jogo — 4º produto mais caro dos 7.,
VPXW8RJS,Kami Bicknell,Summer Sewald,West,MG Advanced,,,Engaging,2017-01-05,360.0,3393.0,Decidir,3,,média,26,58.5,,67.0,Você fecha MG Advanced em 18 de 26 deals (69%) — acima da média geral (63%).,"Há 360 dias em Engaging. Nenhum deal do histórico fechou depois de 138 dias; 1291 abertos já passaram disso sem fechar. Não é esforço, é decisão: requalificar ou descartar.",MG Advanced: USD 3.393 em jogo — 4º produto mais caro dos 7.,
WRUG19FZ,Hayden Neloms,Celia Rouche,West,MG Advanced,Vehement Capital Partners,finance,Engaging,2017-01-13,352.0,3393.0,Decidir,3,,ampla,77,84.4,,67.0,Você fecha MG Advanced em 59 de 77 deals (77%) — bem acima da média geral (63%).,"Há 352 dias em Engaging. Nenhum deal do histórico fechou depois de 138 dias; 1291 abertos já passaram disso sem fechar. Não é esforço, é decisão: requalificar ou descartar.",MG Advanced: USD 3.393 em jogo — 4º produto mais caro dos 7.,
VKT0UN11,James Ascencio,Summer Sewald,West,MG Advanced,Codehow,software,Engaging,2017-01-14,351.0,3393.0,Decidir,3,,pequena,16,64.4,,67.0,Seu histórico em MG Advanced é 12 de 16 (75%). Base pequena: o score usa 67% (puxado para a sua média de 66%).,"Há 351 dias em Engaging. Nenhum deal do histórico fechou depois de 138 dias; 1291 abertos já passaram disso sem fechar. Não é esforço, é decisão: requalificar ou descartar.",MG Advanced: USD 3.393 em jogo — 4º produto mais caro dos 7.,
PK1PS0KR,Rosie Papadopoulos,Cara Losch,East,MG Advanced,,,Engaging,2017-01-22,343.0,3393.0,Decidir,3,,média,24,42.4,,67.0,Seu histórico em MG Advanced é 13 de 24 (54%) — abaixo da sua média (64%) e da geral (63%).,"Há 343 dias em Engaging. Nenhum deal do histórico fechou depois de 138 dias; 1291 abertos já passaram disso sem fechar. Não é esforço, é decisão: requalificar ou descartar.",MG Advanced: USD 3.393 em jogo — 4º produto mais caro dos 7.,
1D54L027,Wilburn Farren,Cara Losch,East,MG Advanced,,,Engaging,2017-01-25,340.0,3393.0,Decidir,3,,média,29,69.7,,67.0,Você fecha MG Advanced em 21 de 29 deals (72%) — acima da média geral (63%).,"Há 340 dias em Engaging. Nenhum deal do histórico fechou depois de 138 dias; 1291 abertos já passaram disso sem fechar. Não é esforço, é decisão: requalificar ou descartar.",MG Advanced: USD 3.393 em jogo — 4º produto mais caro dos 7.,
KBR253C0,Kami Bicknell,Summer Sewald,West,MG Advanced,,,Engaging,2017-01-29,336.0,3393.0,Decidir,3,,média,26,58.5,,67.0,Você fecha MG Advanced em 18 de 26 deals (69%) — acima da média geral (63%).,"Há 336 dias em Engaging. Nenhum deal do histórico fechou depois de 138 dias; 1291 abertos já passaram disso sem fechar. Não é esforço, é decisão: requalificar ou descartar.",MG Advanced: USD 3.393 em jogo — 4º produto mais caro dos 7.,
IVJP36UT,Cassey Cress,Rocco Neubert,East,MG Advanced,,,Engaging,2017-02-08,326.0,3393.0,Decidir,3,,ampla,60,43.4,,67.0,Seu histórico em MG Advanced é 36 de 60 (60%) — abaixo da sua média (62%) e da geral (63%).,"Há 326 dias em Engaging. Nenhum deal do histórico fechou depois de 138 dias; 1291 abertos já passaram disso sem fechar. Não é esforço, é decisão: requalificar ou descartar.",MG Advanced: USD 3.393 em jogo — 4º produto mais caro dos 7.,
5P3NH791,Boris Faz,Rocco Neubert,East,MG Advanced,Golddex,finance,Engaging,2017-02-10,324.0,3393.0,Decidir,3,,pequena,19,55.2,,67.0,Seu histórico em MG Advanced é 12 de 19 (63%). Base pequena: o score usa 65% (puxado para a sua média de 66%).,"Há 324 dias em Engaging. Nenhum deal do histórico fechou depois de 138 dias; 1291 abertos já passaram disso sem fechar. Não é esforço, é decisão: requalificar ou descartar.",MG Advanced: USD 3.393 em jogo — 4º produto mais caro dos 7.,
5RNWV17L,Rosalina Dieter,Celia Rouche,West,MG Advanced,Golddex,finance,Engaging,2017-02-11,323.0,3393.0,Decidir,3,,média,23,60.4,,67.0,Você fecha MG Advanced em 16 de 23 deals (70%) — acima da média geral (63%).,"Há 323 dias em Engaging. Nenhum deal do histórico fechou depois de 138 dias; 1291 abertos já passaram disso sem fechar. Não é esforço, é decisão: requalificar ou descartar.",MG Advanced: USD 3.393 em jogo — 4º produto mais caro dos 7.,
E887HZT1,Rosalina Dieter,Celia Rouche,West,MG Advanced,Cheers,entertainment,Engaging,2017-02-12,322.0,3393.0,Decidir,3,,média,23,60.4,,67.0,Você fecha MG Advanced em 16 de 23 deals (70%) — acima da média geral (63%).,"Há 322 dias em Engaging. Nenhum deal do histórico fechou depois de 138 dias; 1291 abertos já passaram disso sem fechar. Não é esforço, é decisão: requalificar ou descartar.",MG Advanced: USD 3.393 em jogo — 4º produto mais caro dos 7.,
SWJ9OOZU,Hayden Neloms,Celia Rouche,West,MG Advanced,Opentech,finance,Engaging,2017-02-13,321.0,3393.0,Decidir,3,,ampla,77,84.4,,67.0,Você fecha MG Advanced em 59 de 77 deals (77%) — bem acima da média geral (63%).,"Há 321 dias em Engaging. Nenhum deal do histórico fechou depois de 138 dias; 1291 abertos já passaram disso sem fechar. Não é esforço, é decisão: requalificar ou descartar.",MG Advanced: USD 3.393 em jogo — 4º produto mais caro dos 7.,
81MXE1H7,Markita Hansen,Celia Rouche,West,MG Advanced,Bioholding,medical,Engaging,2017-02-14,320.0,3393.0,Decidir,3,,média,40,36.4,,67.0,Seu histórico em MG Advanced é 24 de 40 (60%) — abaixo da média geral (63%).,"Há 320 dias em Engaging. Nenhum deal do histórico fechou depois de 138 dias; 1291 abertos já passaram disso sem fechar. Não é esforço, é decisão: requalificar ou descartar.",MG Advanced: USD 3.393 em jogo — 4º produto mais caro dos 7.,
VJ5QGP8Z,Maureen Marcano,Summer Sewald,West,MG Advanced,,,Engaging,2017-02-15,319.0,3393.0,Decidir,3,,pequena,17,60.0,,67.0,Seu histórico em MG Advanced é 10 de 17 (59%). Base pequena: o score usa 66% (puxado para a sua média de 70%).,"Há 319 dias em Engaging. Nenhum deal do histórico fechou depois de 138 dias; 1291 abertos já passaram disso sem fechar. Não é esforço, é decisão: requalificar ou descartar.",MG Advanced: USD 3.393 em jogo — 4º produto mais caro dos 7.,
84LN84VM,Vicki Laflamme,Celia Rouche,West,MG Advanced,,,Engaging,2017-02-17,317.0,3393.0,Decidir,3,,ampla,79,38.0,,67.0,Seu histórico em MG Advanced é 45 de 79 (57%) — abaixo da sua média (64%) e da geral (63%).,"Há 317 dias em Engaging. Nenhum deal do histórico fechou depois de 138 dias; 1291 abertos já passaram disso sem fechar. Não é esforço, é decisão: requalificar ou descartar.",MG Advanced: USD 3.393 em jogo — 4º produto mais caro dos 7.,
G5JP0G7Q,Markita Hansen,Celia Rouche,West,MG Advanced,,,Engaging,2017-02-19,315.0,3393.0,Decidir,3,,média,40,36.4,,67.0,Seu histórico em MG Advanced é 24 de 40 (60%) — abaixo da média geral (63%).,"Há 315 dias em Engaging. Nenhum deal do histórico fechou depois de 138 dias; 1291 abertos já passaram disso sem fechar. Não é esforço, é decisão: requalificar ou descartar.",MG Advanced: USD 3.393 em jogo — 4º produto mais caro dos 7.,
RVH3UUKY,Vicki Laflamme,Celia Rouche,West,MG Advanced,,,Engaging,2017-02-19,315.0,3393.0,Decidir,3,,ampla,79,38.0,,67.0,Seu histórico em MG Advanced é 45 de 79 (57%) — abaixo da sua média (64%) e da geral (63%).,"Há 315 dias em Engaging. Nenhum deal do histórico fechou depois de 138 dias; 1291 abertos já passaram disso sem fechar. Não é esforço, é decisão: requalificar ou descartar.",MG Advanced: USD 3.393 em jogo — 4º produto mais caro dos 7.,
0IO43YMS,Wilburn Farren,Cara Losch,East,MG Advanced,,,Engaging,2017-02-20,314.0,3393.0,Decidir,3,,média,29,69.7,,67.0,Você fecha MG Advanced em 21 de 29 deals (72%) — acima da média geral (63%).,"Há 314 dias em Engaging. Nenhum deal do histórico fechou depois de 138 dias; 1291 abertos já passaram disso sem fechar. Não é esforço, é decisão: requalificar ou descartar.",MG Advanced: USD 3.393 em jogo — 4º produto mais caro dos 7.,
9SLINQY5,Markita Hansen,Celia Rouche,West,MG Advanced,Newex,services,Engaging,2017-02-21,313.0,3393.0,Decidir,3,,média,40,36.4,,67.0,Seu histórico em MG Advanced é 24 de 40 (60%) — abaixo da média geral (63%).,"Há 313 dias em Engaging. Nenhum deal do histórico fechou depois de 138 dias; 1291 abertos já passaram disso sem fechar. Não é esforço, é decisão: requalificar ou descartar.",MG Advanced: USD 3.393 em jogo — 4º produto mais caro dos 7.,
ESZY10SI,Hayden Neloms,Celia Rouche,West,MG Advanced,,,Engaging,2017-02-22,312.0,3393.0,Decidir,3,,ampla,77,84.4,,67.0,Você fecha MG Advanced em 59 de 77 deals (77%) — bem acima da média geral (63%).,"Há 312 dias em Engaging. Nenhum deal do histórico fechou depois de 138 dias; 1291 abertos já passaram disso sem fechar. Não é esforço, é decisão: requalificar ou descartar.",MG Advanced: USD 3.393 em jogo — 4º produto mais caro dos 7.,
4E5A84H1,Kami Bicknell,Summer Sewald,West,MG Advanced,,,Engaging,2017-02-23,311.0,3393.0,Decidir,3,,média,26,58.5,,67.0,Você fecha MG Advanced em 18 de 26 deals (69%) — acima da média geral (63%).,"Há 311 dias em Engaging. Nenhum deal do histórico fechou depois de 138 dias; 1291 abertos já passaram disso sem fechar. Não é esforço, é decisão: requalificar ou descartar.",MG Advanced: USD 3.393 em jogo — 4º produto mais caro dos 7.,
GVYF29NM,Violet Mclelland,Cara Losch,East,MG Advanced,,,Engaging,2017-02-25,309.0,3393.0,Decidir,3,,média,29,53.0,,67.0,Você fecha MG Advanced em 19 de 29 deals (66%) — acima da média geral (63%).,"Há 309 dias em Engaging. Nenhum deal do histórico fechou depois de 138 dias; 1291 abertos já passaram disso sem fechar. Não é esforço, é decisão: requalificar ou descartar.",MG Advanced: USD 3.393 em jogo — 4º produto mais caro dos 7.,
FZC2J90W,Maureen Marcano,Summer Sewald,West,MG Advanced,Bluth Company,technology,Engaging,2017-02-26,308.0,3393.0,Decidir,3,,pequena,17,60.0,,67.0,Seu histórico em MG Advanced é 10 de 17 (59%). Base pequena: o score usa 66% (puxado para a sua média de 70%).,"Há 308 dias em Engaging. Nenhum deal do histórico fechou depois de 138 dias; 1291 abertos já passaram disso sem fechar. Não é esforço, é decisão: requalificar ou descartar.",MG Advanced: USD 3.393 em jogo — 4º produto mais caro dos 7.,
9X2S0K15,Hayden Neloms,Celia Rouche,West,MG Advanced,,,Engaging,2017-02-27,307.0,3393.0,Decidir,3,,ampla,77,84.4,,67.0,Você fecha MG Advanced em 59 de 77 deals (77%) — bem acima da média geral (63%).,"Há 307 dias em Engaging. Nenhum deal do histórico fechou depois de 138 dias; 1291 abertos já passaram disso sem fechar. Não é esforço, é decisão: requalificar ou descartar.",MG Advanced: USD 3.393 em jogo — 4º produto mais caro dos 7.,
WUNMIJW9,Elease Gluck,Celia Rouche,West,MG Advanced,,,Engaging,2017-03-02,304.0,3393.0,Decidir,3,,média,24,40.8,,67.0,Seu histórico em MG Advanced é 13 de 24 (54%) — abaixo da sua média (63%) e da geral (63%).,"Há 304 dias em Engaging. Nenhum deal do histórico fechou depois de 138 dias; 1291 abertos já passaram disso sem fechar. Não é esforço, é decisão: requalificar ou descartar.",MG Advanced: USD 3.393 em jogo — 4º produto mais caro dos 7.,
FYN7C0CV,Cassey Cress,Rocco Neubert,East,MG Advanced,,,Engaging,2017-03-04,302.0,3393.0,Decidir,3,,ampla,60,43.4,,67.0,Seu histórico em MG Advanced é 36 de 60 (60%) — abaixo da sua média (62%) e da geral (63%).,"Há 302 dias em Engaging. Nenhum deal do histórico fechou depois de 138 dias; 1291 abertos já passaram disso sem fechar. Não é esforço, é decisão: requalificar ou descartar.",MG Advanced: USD 3.393 em jogo — 4º produto mais caro dos 7.,
71GQNH5T,Cassey Cress,Rocco Neubert,East,MG Advanced,,,Engaging,2017-03-05,301.0,3393.0,Decidir,3,,ampla,60,43.4,,67.0,Seu histórico em MG Advanced é 36 de 60 (60%) — abaixo da sua média (62%) e da geral (63%).,"Há 301 dias em Engaging. Nenhum deal do histórico fechou depois de 138 dias; 1291 abertos já passaram disso sem fechar. Não é esforço, é decisão: requalificar ou descartar.",MG Advanced: USD 3.393 em jogo — 4º produto mais caro dos 7.,
YQ0Y0YQS,Violet Mclelland,Cara Losch,East,MG Advanced,Newex,services,Engaging,2017-03-05,301.0,3393.0,Decidir,3,,média,29,53.0,,67.0,Você fecha MG Advanced em 19 de 29 deals (66%) — acima da média geral (63%).,"Há 301 dias em Engaging. Nenhum deal do histórico fechou depois de 138 dias; 1291 abertos já passaram disso sem fechar. Não é esforço, é decisão: requalificar ou descartar.",MG Advanced: USD 3.393 em jogo — 4º produto mais caro dos 7.,
RFQP9VCW,Wilburn Farren,Cara Losch,East,MG Advanced,,,Engaging,2017-03-07,299.0,3393.0,Decidir,3,,média,29,69.7,,67.0,Você fecha MG Advanced em 21 de 29 deals (72%) — acima da média geral (63%).,"Há 299 dias em Engaging. Nenhum deal do histórico fechou depois de 138 dias; 1291 abertos já passaram disso sem fechar. Não é esforço, é decisão: requalificar ou descartar.",MG Advanced: USD 3.393 em jogo — 4º produto mais caro dos 7.,
ZRYPU2QW,James Ascencio,Summer Sewald,West,MG Advanced,,,Engaging,2017-03-09,297.0,3393.0,Decidir,3,,pequena,16,64.4,,67.0,Seu histórico em MG Advanced é 12 de 16 (75%). Base pequena: o score usa 67% (puxado para a sua média de 66%).,"Há 297 dias em Engaging. Nenhum deal do histórico fechou depois de 138 dias; 1291 abertos já passaram disso sem fechar. Não é esforço, é decisão: requalificar ou descartar.",MG Advanced: USD 3.393 em jogo — 4º produto mais caro dos 7.,
ILR33OAV,James Ascencio,Summer Sewald,West,MG Advanced,,,Engaging,2017-03-11,295.0,3393.0,Decidir,3,,pequena,16,64.4,,67.0,Seu histórico em MG Advanced é 12 de 16 (75%). Base pequena: o score usa 67% (puxado para a sua média de 66%).,"Há 295 dias em Engaging. Nenhum deal do histórico fechou depois de 138 dias; 1291 abertos já passaram disso sem fechar. Não é esforço, é decisão: requalificar ou descartar.",MG Advanced: USD 3.393 em jogo — 4º produto mais caro dos 7.,
Y28VHZKQ,Cassey Cress,Rocco Neubert,East,MG Advanced,,,Engaging,2017-03-13,293.0,3393.0,Decidir,3,,ampla,60,43.4,,67.0,Seu histórico em MG Advanced é 36 de 60 (60%) — abaixo da sua média (62%) e da geral (63%).,"Há 293 dias em Engaging. Nenhum deal do histórico fechou depois de 138 dias; 1291 abertos já passaram disso sem fechar. Não é esforço, é decisão: requalificar ou descartar.",MG Advanced: USD 3.393 em jogo — 4º produto mais caro dos 7.,
MRCYKUX4,Hayden Neloms,Celia Rouche,West,MG Advanced,,,Engaging,2017-03-14,292.0,3393.0,Decidir,3,,ampla,77,84.4,,67.0,Você fecha MG Advanced em 59 de 77 deals (77%) — bem acima da média geral (63%).,"Há 292 dias em Engaging. Nenhum deal do histórico fechou depois de 138 dias; 1291 abertos já passaram disso sem fechar. Não é esforço, é decisão: requalificar ou descartar.",MG Advanced: USD 3.393 em jogo — 4º produto mais caro dos 7.,
10IY4PV4,Rosalina Dieter,Celia Rouche,West,MG Advanced,,,Engaging,2017-03-18,288.0,3393.0,Decidir,3,,média,23,60.4,,67.0,Você fecha MG Advanced em 16 de 23 deals (70%) — acima da média geral (63%).,"Há 288 dias em Engaging. Nenhum deal do histórico fechou depois de 138 dias; 1291 abertos já passaram disso sem fechar. Não é esforço, é decisão: requalificar ou descartar.",MG Advanced: USD 3.393 em jogo — 4º produto mais caro dos 7.,
A1TDRYHZ,Rosie Papadopoulos,Cara Losch,East,MG Advanced,Rangreen,technology,Engaging,2017-03-18,288.0,3393.0,Decidir,3,,média,24,42.4,,67.0,Seu histórico em MG Advanced é 13 de 24 (54%) — abaixo da sua média (64%) e da geral (63%).,"Há 288 dias em Engaging. Nenhum deal do histórico fechou depois de 138 dias; 1291 abertos já passaram disso sem fechar. Não é esforço, é decisão: requalificar ou descartar.",MG Advanced: USD 3.393 em jogo — 4º produto mais caro dos 7.,
5C8HCDXT,Wilburn Farren,Cara Losch,East,MG Advanced,,,Engaging,2017-03-21,285.0,3393.0,Decidir,3,,média,29,69.7,,67.0,Você fecha MG Advanced em 21 de 29 deals (72%) — acima da média geral (63%).,"Há 285 dias em Engaging. Nenhum deal do histórico fechou depois de 138 dias; 1291 abertos já passaram disso sem fechar. Não é esforço, é decisão: requalificar ou descartar.",MG Advanced: USD 3.393 em jogo — 4º produto mais caro dos 7.,
9Y85N0W5,Markita Hansen,Celia Rouche,West,MG Advanced,,,Engaging,2017-03-22,284.0,3393.0,Decidir,3,,média,40,36.4,,67.0,Seu histórico em MG Advanced é 24 de 40 (60%) — abaixo da média geral (63%).,"Há 284 dias em Engaging. Nenhum deal do histórico fechou depois de 138 dias; 1291 abertos já passaram disso sem fechar. Não é esforço, é decisão: requalificar ou descartar.",MG Advanced: USD 3.393 em jogo — 4º produto mais caro dos 7.,
KMB8TJ0I,Hayden Neloms,Celia Rouche,West,MG Advanced,,,Engaging,2017-03-24,282.0,3393.0,Decidir,3,,ampla,77,84.4,,67.0,Você fecha MG Advanced em 59 de 77 deals (77%) — bem acima da média geral (63%).,"Há 282 dias em Engaging. Nenhum deal do histórico fechou depois de 138 dias; 1291 abertos já passaram disso sem fechar. Não é esforço, é decisão: requalificar ou descartar.",MG Advanced: USD 3.393 em jogo — 4º produto mais caro dos 7.,
QIHWKCFK,Cassey Cress,Rocco Neubert,East,MG Advanced,Singletechno,retail,Engaging,2017-03-24,282.0,3393.0,Decidir,3,,ampla,60,43.4,,67.0,Seu histórico em MG Advanced é 36 de 60 (60%) — abaixo da sua média (62%) e da geral (63%).,"Há 282 dias em Engaging. Nenhum deal do histórico fechou depois de 138 dias; 1291 abertos já passaram disso sem fechar. Não é esforço, é decisão: requalificar ou descartar.",MG Advanced: USD 3.393 em jogo — 4º produto mais caro dos 7.,
CMS1HUGL,Cassey Cress,Rocco Neubert,East,MG Advanced,,,Engaging,2017-03-25,281.0,3393.0,Decidir,3,,ampla,60,43.4,,67.0,Seu histórico em MG Advanced é 36 de 60 (60%) — abaixo da sua média (62%) e da geral (63%).,"Há 281 dias em Engaging. Nenhum deal do histórico fechou depois de 138 dias; 1291 abertos já passaram disso sem fechar. Não é esforço, é decisão: requalificar ou descartar.",MG Advanced: USD 3.393 em jogo — 4º produto mais caro dos 7.,
TJ03NDNX,Violet Mclelland,Cara Losch,East,MG Advanced,Iselectrics,technology,Engaging,2017-03-25,281.0,3393.0,Decidir,3,,média,29,53.0,,67.0,Você fecha MG Advanced em 19 de 29 deals (66%) — acima da média geral (63%).,"Há 281 dias em Engaging. Nenhum deal do histórico fechou depois de 138 dias; 1291 abertos já passaram disso sem fechar. Não é esforço, é decisão: requalificar ou descartar.",MG Advanced: USD 3.393 em jogo — 4º produto mais caro dos 7.,
XFB1VXQY,Maureen Marcano,Summer Sewald,West,MG Advanced,,,Engaging,2017-03-25,281.0,3393.0,Decidir,3,,pequena,17,60.0,,67.0,Seu histórico em MG Advanced é 10 de 17 (59%). Base pequena: o score usa 66% (puxado para a sua média de 70%).,"Há 281 dias em Engaging. Nenhum deal do histórico fechou depois de 138 dias; 1291 abertos já passaram disso sem fechar. Não é esforço, é decisão: requalificar ou descartar.",MG Advanced: USD 3.393 em jogo — 4º produto mais caro dos 7.,
J6OQS0AU,Hayden Neloms,Celia Rouche,West,MG Advanced,,,Engaging,2017-03-26,280.0,3393.0,Decidir,3,,ampla,77,84.4,,67.0,Você fecha MG Advanced em 59 de 77 deals (77%) — bem acima da média geral (63%).,"Há 280 dias em Engaging. Nenhum deal do histórico fechou depois de 138 dias; 1291 abertos já passaram disso sem fechar. Não é esforço, é decisão: requalificar ou descartar.",MG Advanced: USD 3.393 em jogo — 4º produto mais caro dos 7.,
G3SJ8X1K,Violet Mclelland,Cara Losch,East,MG Advanced,,,Engaging,2017-03-31,275.0,3393.0,Decidir,3,,média,29,53.0,,67.0,Você fecha MG Advanced em 19 de 29 deals (66%) — acima da média geral (63%).,"Há 275 dias em Engaging. Nenhum deal do histórico fechou depois de 138 dias; 1291 abertos já passaram disso sem fechar. Não é esforço, é decisão: requalificar ou descartar.",MG Advanced: USD 3.393 em jogo — 4º produto mais caro dos 7.,
H6I16U57,Rosie Papadopoulos,Cara Losch,East,MG Advanced,Sunnamplex,marketing,Engaging,2017-04-01,274.0,3393.0,Decidir,3,,média,24,42.4,,67.0,Seu histórico em MG Advanced é 13 de 24 (54%) — abaixo da sua média (64%) e da geral (63%).,"Há 274 dias em Engaging. Nenhum deal do histórico fechou depois de 138 dias; 1291 abertos já passaram disso sem fechar. Não é esforço, é decisão: requalificar ou descartar.",MG Advanced: USD 3.393 em jogo — 4º produto mais caro dos 7.,
MIY4MF3R,Hayden Neloms,Celia Rouche,West,MG Advanced,,,Engaging,2017-04-01,274.0,3393.0,Decidir,3,,ampla,77,84.4,,67.0,Você fecha MG Advanced em 59 de 77 deals (77%) — bem acima da média geral (63%).,"Há 274 dias em Engaging. Nenhum deal do histórico fechou depois de 138 dias; 1291 abertos já passaram disso sem fechar. Não é esforço, é decisão: requalificar ou descartar.",MG Advanced: USD 3.393 em jogo — 4º produto mais caro dos 7.,
VK9KN5PT,Boris Faz,Rocco Neubert,East,MG Advanced,,,Engaging,2017-04-02,273.0,3393.0,Decidir,3,,pequena,19,55.2,,67.0,Seu histórico em MG Advanced é 12 de 19 (63%). Base pequena: o score usa 65% (puxado para a sua média de 66%).,"Há 273 dias em Engaging. Nenhum deal do histórico fechou depois de 138 dias; 1291 abertos já passaram disso sem fechar. Não é esforço, é decisão: requalificar ou descartar.",MG Advanced: USD 3.393 em jogo — 4º produto mais caro dos 7.,
2GV66JA7,Daniell Hammack,Rocco Neubert,East,MG Advanced,,,Engaging,2017-04-06,269.0,3393.0,Decidir,3,,média,22,18.7,,67.0,Seu histórico em MG Advanced é 8 de 22 (36%) — abaixo da sua média (61%) e da geral (63%).,"Há 269 dias em Engaging. Nenhum deal do histórico fechou depois de 138 dias; 1291 abertos já passaram disso sem fechar. Não é esforço, é decisão: requalificar ou descartar.",MG Advanced: USD 3.393 em jogo — 4º produto mais caro dos 7.,
U0E0XHK9,Hayden Neloms,Celia Rouche,West,MG Advanced,,,Engaging,2017-04-06,269.0,3393.0,Decidir,3,,ampla,77,84.4,,67.0,Você fecha MG Advanced em 59 de 77 deals (77%) — bem acima da média geral (63%).,"Há 269 dias em Engaging. Nenhum deal do histórico fechou depois de 138 dias; 1291 abertos já passaram disso sem fechar. Não é esforço, é decisão: requalificar ou descartar.",MG Advanced: USD 3.393 em jogo — 4º produto mais caro dos 7.,
BHHDOY2E,Kary Hendrixson,Summer Sewald,West,MG Advanced,,,Engaging,2017-04-07,268.0,3393.0,Decidir,3,,pequena,18,31.9,,67.0,Seu histórico em MG Advanced é 8 de 18 (44%). Base pequena: o score usa 58% (puxado para a sua média de 62%).,"Há 268 dias em Engaging. Nenhum deal do histórico fechou depois de 138 dias; 1291 abertos já passaram disso sem fechar. Não é esforço, é decisão: requalificar ou descartar.",MG Advanced: USD 3.393 em jogo — 4º produto mais caro dos 7.,
M9V8824W,Corliss Cosme,Cara Losch,East,MG Advanced,,,Engaging,2017-04-07,268.0,3393.0,Decidir,3,,média,21,34.5,,67.0,Seu histórico em MG Advanced é 9 de 21 (43%) — abaixo da sua média (66%) e da geral (63%).,"Há 268 dias em Engaging. Nenhum deal do histórico fechou depois de 138 dias; 1291 abertos já passaram disso sem fechar. Não é esforço, é decisão: requalificar ou descartar.",MG Advanced: USD 3.393 em jogo — 4º produto mais caro dos 7.,
J6F10SFK,Markita Hansen,Celia Rouche,West,MG Advanced,,,Engaging,2017-04-08,267.0,3393.0,Decidir,3,,média,40,36.4,,67.0,Seu histórico em MG Advanced é 24 de 40 (60%) — abaixo da média geral (63%).,"Há 267 dias em Engaging. Nenhum deal do histórico fechou depois de 138 dias; 1291 abertos já passaram disso sem fechar. Não é esforço, é decisão: requalificar ou descartar.",MG Advanced: USD 3.393 em jogo — 4º produto mais caro dos 7.,
PVLGUIEN,Corliss Cosme,Cara Losch,East,MG Advanced,,,Engaging,2017-04-09,266.0,3393.0,Decidir,3,,média,21,34.5,,67.0,Seu histórico em MG Advanced é 9 de 21 (43%) — abaixo da sua média (66%) e da geral (63%).,"Há 266 dias em Engaging. Nenhum deal do histórico fechou depois de 138 dias; 1291 abertos já passaram disso sem fechar. Não é esforço, é decisão: requalificar ou descartar.",MG Advanced: USD 3.393 em jogo — 4º produto mais caro dos 7.,
456BP2X7,Zane Levy,Summer Sewald,West,MG Advanced,,,Engaging,2017-04-10,265.0,3393.0,Decidir,3,,pequena,18,40.3,,67.0,Seu histórico em MG Advanced é 10 de 18 (56%). Base pequena: o score usa 60% (puxado para a sua média de 62%).,"Há 265 dias em Engaging. Nenhum deal do histórico fechou depois de 138 dias; 1291 abertos já passaram disso sem fechar. Não é esforço, é decisão: requalificar ou descartar.",MG Advanced: USD 3.393 em jogo — 4º produto mais caro dos 7.,
IKU97NEU,Markita Hansen,Celia Rouche,West,MG Advanced,Funholding,finance,Engaging,2017-04-10,265.0,3393.0,Decidir,3,,média,40,36.4,,67.0,Seu histórico em MG Advanced é 24 de 40 (60%) — abaixo da média geral (63%).,"Há 265 dias em Engaging. Nenhum deal do histórico fechou depois de 138 dias; 1291 abertos já passaram disso sem fechar. Não é esforço, é decisão: requalificar ou descartar.",MG Advanced: USD 3.393 em jogo — 4º produto mais caro dos 7.,
XQ0N9T87,Hayden Neloms,Celia Rouche,West,MG Advanced,,,Engaging,2017-04-10,265.0,3393.0,Decidir,3,,ampla,77,84.4,,67.0,Você fecha MG Advanced em 59 de 77 deals (77%) — bem acima da média geral (63%).,"Há 265 dias em Engaging. Nenhum deal do histórico fechou depois de 138 dias; 1291 abertos já passaram disso sem fechar. Não é esforço, é decisão: requalificar ou descartar.",MG Advanced: USD 3.393 em jogo — 4º produto mais caro dos 7.,
PGXIPGDM,Vicki Laflamme,Celia Rouche,West,MG Advanced,Lexiqvolax,medical,Engaging,2017-04-12,263.0,3393.0,Decidir,3,,ampla,79,38.0,,67.0,Seu histórico em MG Advanced é 45 de 79 (57%) — abaixo da sua média (64%) e da geral (63%).,"Há 263 dias em Engaging. Nenhum deal do histórico fechou depois de 138 dias; 1291 abertos já passaram disso sem fechar. Não é esforço, é decisão: requalificar ou descartar.",MG Advanced: USD 3.393 em jogo — 4º produto mais caro dos 7.,
U5K2MZB6,Zane Levy,Summer Sewald,West,MG Advanced,,,Engaging,2017-04-13,262.0,3393.0,Decidir,3,,pequena,18,40.3,,67.0,Seu histórico em MG Advanced é 10 de 18 (56%). Base pequena: o score usa 60% (puxado para a sua média de 62%).,"Há 262 dias em Engaging. Nenhum deal do histórico fechou depois de 138 dias; 1291 abertos já passaram disso sem fechar. Não é esforço, é decisão: requalificar ou descartar.",MG Advanced: USD 3.393 em jogo — 4º produto mais caro dos 7.,
M857G6G1,Vicki Laflamme,Celia Rouche,West,MG Advanced,,,Engaging,2017-04-18,257.0,3393.0,Decidir,3,,ampla,79,38.0,,67.0,Seu histórico em MG Advanced é 45 de 79 (57%) — abaixo da sua média (64%) e da geral (63%).,"Há 257 dias em Engaging. Nenhum deal do histórico fechou depois de 138 dias; 1291 abertos já passaram disso sem fechar. Não é esforço, é decisão: requalificar ou descartar.",MG Advanced: USD 3.393 em jogo — 4º produto mais caro dos 7.,
U6XJRWV8,James Ascencio,Summer Sewald,West,MG Advanced,,,Engaging,2017-04-18,257.0,3393.0,Decidir,3,,pequena,16,64.4,,67.0,Seu histórico em MG Advanced é 12 de 16 (75%). Base pequena: o score usa 67% (puxado para a sua média de 66%).,"Há 257 dias em Engaging. Nenhum deal do histórico fechou depois de 138 dias; 1291 abertos já passaram disso sem fechar. Não é esforço, é decisão: requalificar ou descartar.",MG Advanced: USD 3.393 em jogo — 4º produto mais caro dos 7.,
0EYXI1UN,Hayden Neloms,Celia Rouche,West,MG Advanced,,,Engaging,2017-04-19,256.0,3393.0,Decidir,3,,ampla,77,84.4,,67.0,Você fecha MG Advanced em 59 de 77 deals (77%) — bem acima da média geral (63%).,"Há 256 dias em Engaging. Nenhum deal do histórico fechou depois de 138 dias; 1291 abertos já passaram disso sem fechar. Não é esforço, é decisão: requalificar ou descartar.",MG Advanced: USD 3.393 em jogo — 4º produto mais caro dos 7.,
FVGRGJU8,Rosie Papadopoulos,Cara Losch,East,MG Advanced,Betatech,medical,Engaging,2017-04-21,254.0,3393.0,Decidir,3,,média,24,42.4,,67.0,Seu histórico em MG Advanced é 13 de 24 (54%) — abaixo da sua média (64%) e da geral (63%).,"Há 254 dias em Engaging. Nenhum deal do histórico fechou depois de 138 dias; 1291 abertos já passaram disso sem fechar. Não é esforço, é decisão: requalificar ou descartar.",MG Advanced: USD 3.393 em jogo — 4º produto mais caro dos 7.,
CY7C3ZPJ,Markita Hansen,Celia Rouche,West,MG Advanced,,,Engaging,2017-04-23,252.0,3393.0,Decidir,3,,média,40,36.4,,67.0,Seu histórico em MG Advanced é 24 de 40 (60%) — abaixo da média geral (63%).,"Há 252 dias em Engaging. Nenhum deal do histórico fechou depois de 138 dias; 1291 abertos já passaram disso sem fechar. Não é esforço, é decisão: requalificar ou descartar.",MG Advanced: USD 3.393 em jogo — 4º produto mais caro dos 7.,
NMY6FA6X,Corliss Cosme,Cara Losch,East,MG Advanced,,,Engaging,2017-04-24,251.0,3393.0,Decidir,3,,média,21,34.5,,67.0,Seu histórico em MG Advanced é 9 de 21 (43%) — abaixo da sua média (66%) e da geral (63%).,"Há 251 dias em Engaging. Nenhum deal do histórico fechou depois de 138 dias; 1291 abertos já passaram disso sem fechar. Não é esforço, é decisão: requalificar ou descartar.",MG Advanced: USD 3.393 em jogo — 4º produto mais caro dos 7.,
NUQPJV8A,Hayden Neloms,Celia Rouche,West,MG Advanced,,,Engaging,2017-04-24,251.0,3393.0,Decidir,3,,ampla,77,84.4,,67.0,Você fecha MG Advanced em 59 de 77 deals (77%) — bem acima da média geral (63%).,"Há 251 dias em Engaging. Nenhum deal do histórico fechou depois de 138 dias; 1291 abertos já passaram disso sem fechar. Não é esforço, é decisão: requalificar ou descartar.",MG Advanced: USD 3.393 em jogo — 4º produto mais caro dos 7.,
IGRY0M4Q,Daniell Hammack,Rocco Neubert,East,MG Advanced,,,Engaging,2017-04-26,249.0,3393.0,Decidir,3,,média,22,18.7,,67.0,Seu histórico em MG Advanced é 8 de 22 (36%) — abaixo da sua média (61%) e da geral (63%).,"Há 249 dias em Engaging. Nenhum deal do histórico fechou depois de 138 dias; 1291 abertos já passaram disso sem fechar. Não é esforço, é decisão: requalificar ou descartar.",MG Advanced: USD 3.393 em jogo — 4º produto mais caro dos 7.,
5CZBHSRI,Kary Hendrixson,Summer Sewald,West,MG Advanced,Toughzap,retail,Engaging,2017-04-29,246.0,3393.0,Decidir,3,,pequena,18,31.9,,67.0,Seu histórico em MG Advanced é 8 de 18 (44%). Base pequena: o score usa 58% (puxado para a sua média de 62%).,"Há 246 dias em Engaging. Nenhum deal do histórico fechou depois de 138 dias; 1291 abertos já passaram disso sem fechar. Não é esforço, é decisão: requalificar ou descartar.",MG Advanced: USD 3.393 em jogo — 4º produto mais caro dos 7.,
QP006VDE,Markita Hansen,Celia Rouche,West,MG Advanced,Domzoom,entertainment,Engaging,2017-05-01,244.0,3393.0,Decidir,3,,média,40,36.4,,67.0,Seu histórico em MG Advanced é 24 de 40 (60%) — abaixo da média geral (63%).,"Há 244 dias em Engaging. Nenhum deal do histórico fechou depois de 138 dias; 1291 abertos já passaram disso sem fechar. Não é esforço, é decisão: requalificar ou descartar.",MG Advanced: USD 3.393 em jogo — 4º produto mais caro dos 7.,
UIX6X6R3,Zane Levy,Summer Sewald,West,MG Advanced,Umbrella Corporation,finance,Engaging,2017-05-01,244.0,3393.0,Decidir,3,,pequena,18,40.3,,67.0,Seu histórico em MG Advanced é 10 de 18 (56%). Base pequena: o score usa 60% (puxado para a sua média de 62%).,"Há 244 dias em Engaging. Nenhum deal do histórico fechou depois de 138 dias; 1291 abertos já passaram disso sem fechar. Não é esforço, é decisão: requalificar ou descartar.",MG Advanced: USD 3.393 em jogo — 4º produto mais caro dos 7.,
UJ7BYO6A,Wilburn Farren,Cara Losch,East,MG Advanced,,,Engaging,2017-05-04,241.0,3393.0,Decidir,3,,média,29,69.7,,67.0,Você fecha MG Advanced em 21 de 29 deals (72%) — acima da média geral (63%).,"Há 241 dias em Engaging. Nenhum deal do histórico fechou depois de 138 dias; 1291 abertos já passaram disso sem fechar. Não é esforço, é decisão: requalificar ou descartar.",MG Advanced: USD 3.393 em jogo — 4º produto mais caro dos 7.,
OIFERO7S,Rosalina Dieter,Celia Rouche,West,MG Advanced,,,Engaging,2017-05-07,238.0,3393.0,Decidir,3,,média,23,60.4,,67.0,Você fecha MG Advanced em 16 de 23 deals (70%) — acima da média geral (63%).,"Há 238 dias em Engaging. Nenhum deal do histórico fechou depois de 138 dias; 1291 abertos já passaram disso sem fechar. Não é esforço, é decisão: requalificar ou descartar.",MG Advanced: USD 3.393 em jogo — 4º produto mais caro dos 7.,
Z2E1UVVB,Violet Mclelland,Cara Losch,East,MG Advanced,,,Engaging,2017-05-07,238.0,3393.0,Decidir,3,,média,29,53.0,,67.0,Você fecha MG Advanced em 19 de 29 deals (66%) — acima da média geral (63%).,"Há 238 dias em Engaging. Nenhum deal do histórico fechou depois de 138 dias; 1291 abertos já passaram disso sem fechar. Não é esforço, é decisão: requalificar ou descartar.",MG Advanced: USD 3.393 em jogo — 4º produto mais caro dos 7.,
1K6HY455,Boris Faz,Rocco Neubert,East,MG Advanced,,,Engaging,2017-05-09,236.0,3393.0,Decidir,3,,pequena,19,55.2,,67.0,Seu histórico em MG Advanced é 12 de 19 (63%). Base pequena: o score usa 65% (puxado para a sua média de 66%).,"Há 236 dias em Engaging. Nenhum deal do histórico fechou depois de 138 dias; 1291 abertos já passaram disso sem fechar. Não é esforço, é decisão: requalificar ou descartar.",MG Advanced: USD 3.393 em jogo — 4º produto mais caro dos 7.,
3N46WQVI,Hayden Neloms,Celia Rouche,West,MG Advanced,Faxquote,telecommunications,Engaging,2017-05-13,232.0,3393.0,Decidir,3,,ampla,77,84.4,,67.0,Você fecha MG Advanced em 59 de 77 deals (77%) — bem acima da média geral (63%).,"Há 232 dias em Engaging. Nenhum deal do histórico fechou depois de 138 dias; 1291 abertos já passaram disso sem fechar. Não é esforço, é decisão: requalificar ou descartar.",MG Advanced: USD 3.393 em jogo — 4º produto mais caro dos 7.,
I6UG2OLX,Corliss Cosme,Cara Losch,East,MG Advanced,,,Engaging,2017-05-13,232.0,3393.0,Decidir,3,,média,21,34.5,,67.0,Seu histórico em MG Advanced é 9 de 21 (43%) — abaixo da sua média (66%) e da geral (63%).,"Há 232 dias em Engaging. Nenhum deal do histórico fechou depois de 138 dias; 1291 abertos já passaram disso sem fechar. Não é esforço, é decisão: requalificar ou descartar.",MG Advanced: USD 3.393 em jogo — 4º produto mais caro dos 7.,
ALZNZ666,Boris Faz,Rocco Neubert,East,MG Advanced,Toughzap,retail,Engaging,2017-05-14,231.0,3393.0,Decidir,3,,pequena,19,55.2,,67.0,Seu histórico em MG Advanced é 12 de 19 (63%). Base pequena: o score usa 65% (puxado para a sua média de 66%).,"Há 231 dias em Engaging. Nenhum deal do histórico fechou depois de 138 dias; 1291 abertos já passaram disso sem fechar. Não é esforço, é decisão: requalificar ou descartar.",MG Advanced: USD 3.393 em jogo — 4º produto mais caro dos 7.,
3372JYYQ,Cassey Cress,Rocco Neubert,East,MG Advanced,Condax,medical,Engaging,2017-05-15,230.0,3393.0,Decidir,3,,ampla,60,43.4,,67.0,Seu histórico em MG Advanced é 36 de 60 (60%) — abaixo da sua média (62%) e da geral (63%).,"Há 230 dias em Engaging. Nenhum deal do histórico fechou depois de 138 dias; 1291 abertos já passaram disso sem fechar. Não é esforço, é decisão: requalificar ou descartar.",MG Advanced: USD 3.393 em jogo — 4º produto mais caro dos 7.,
XAC1J3TF,Rosalina Dieter,Celia Rouche,West,MG Advanced,,,Engaging,2017-05-15,230.0,3393.0,Decidir,3,,média,23,60.4,,67.0,Você fecha MG Advanced em 16 de 23 deals (70%) — acima da média geral (63%).,"Há 230 dias em Engaging. Nenhum deal do histórico fechou depois de 138 dias; 1291 abertos já passaram disso sem fechar. Não é esforço, é decisão: requalificar ou descartar.",MG Advanced: USD 3.393 em jogo — 4º produto mais caro dos 7.,
ZIK2R3S7,Corliss Cosme,Cara Losch,East,MG Advanced,,,Engaging,2017-05-16,229.0,3393.0,Decidir,3,,média,21,34.5,,67.0,Seu histórico em MG Advanced é 9 de 21 (43%) — abaixo da sua média (66%) e da geral (63%).,"Há 229 dias em Engaging. Nenhum deal do histórico fechou depois de 138 dias; 1291 abertos já passaram disso sem fechar. Não é esforço, é decisão: requalificar ou descartar.",MG Advanced: USD 3.393 em jogo — 4º produto mais caro dos 7.,
8GV0BQTU,Kary Hendrixson,Summer Sewald,West,MG Advanced,Xx-holding,finance,Engaging,2017-05-17,228.0,3393.0,Decidir,3,,pequena,18,31.9,,67.0,Seu histórico em MG Advanced é 8 de 18 (44%). Base pequena: o score usa 58% (puxado para a sua média de 62%).,"Há 228 dias em Engaging. Nenhum deal do histórico fechou depois de 138 dias; 1291 abertos já passaram disso sem fechar. Não é esforço, é decisão: requalificar ou descartar.",MG Advanced: USD 3.393 em jogo — 4º produto mais caro dos 7.,
2FMT1053,Hayden Neloms,Celia Rouche,West,MG Advanced,,,Engaging,2017-05-18,227.0,3393.0,Decidir,3,,ampla,77,84.4,,67.0,Você fecha MG Advanced em 59 de 77 deals (77%) — bem acima da média geral (63%).,"Há 227 dias em Engaging. Nenhum deal do histórico fechou depois de 138 dias; 1291 abertos já passaram disso sem fechar. Não é esforço, é decisão: requalificar ou descartar.",MG Advanced: USD 3.393 em jogo — 4º produto mais caro dos 7.,
8Z4ZMS9U,Violet Mclelland,Cara Losch,East,MG Advanced,,,Engaging,2017-05-19,226.0,3393.0,Decidir,3,,média,29,53.0,,67.0,Você fecha MG Advanced em 19 de 29 deals (66%) — acima da média geral (63%).,"Há 226 dias em Engaging. Nenhum deal do histórico fechou depois de 138 dias; 1291 abertos já passaram disso sem fechar. Não é esforço, é decisão: requalificar ou descartar.",MG Advanced: USD 3.393 em jogo — 4º produto mais caro dos 7.,
2YLXKON1,Hayden Neloms,Celia Rouche,West,MG Advanced,,,Engaging,2017-05-22,223.0,3393.0,Decidir,3,,ampla,77,84.4,,67.0,Você fecha MG Advanced em 59 de 77 deals (77%) — bem acima da média geral (63%).,"Há 223 dias em Engaging. Nenhum deal do histórico fechou depois de 138 dias; 1291 abertos já passaram disso sem fechar. Não é esforço, é decisão: requalificar ou descartar.",MG Advanced: USD 3.393 em jogo — 4º produto mais caro dos 7.,
6I125KPN,Daniell Hammack,Rocco Neubert,East,MG Advanced,,,Engaging,2017-05-22,223.0,3393.0,Decidir,3,,média,22,18.7,,67.0,Seu histórico em MG Advanced é 8 de 22 (36%) — abaixo da sua média (61%) e da geral (63%).,"Há 223 dias em Engaging. Nenhum deal do histórico fechou depois de 138 dias; 1291 abertos já passaram disso sem fechar. Não é esforço, é decisão: requalificar ou descartar.",MG Advanced: USD 3.393 em jogo — 4º produto mais caro dos 7.,
4G0X8VHP,Markita Hansen,Celia Rouche,West,MG Advanced,Y-corporation,employment,Engaging,2017-05-24,221.0,3393.0,Decidir,3,,média,40,36.4,,67.0,Seu histórico em MG Advanced é 24 de 40 (60%) — abaixo da média geral (63%).,"Há 221 dias em Engaging. Nenhum deal do histórico fechou depois de 138 dias; 1291 abertos já passaram disso sem fechar. Não é esforço, é decisão: requalificar ou descartar.",MG Advanced: USD 3.393 em jogo — 4º produto mais caro dos 7.,
Y2EC6KYG,Hayden Neloms,Celia Rouche,West,MG Advanced,,,Engaging,2017-05-25,220.0,3393.0,Decidir,3,,ampla,77,84.4,,67.0,Você fecha MG Advanced em 59 de 77 deals (77%) — bem acima da média geral (63%).,"Há 220 dias em Engaging. Nenhum deal do histórico fechou depois de 138 dias; 1291 abertos já passaram disso sem fechar. Não é esforço, é decisão: requalificar ou descartar.",MG Advanced: USD 3.393 em jogo — 4º produto mais caro dos 7.,
7AXR8U55,Boris Faz,Rocco Neubert,East,MG Advanced,,,Engaging,2017-05-26,219.0,3393.0,Decidir,3,,pequena,19,55.2,,67.0,Seu histórico em MG Advanced é 12 de 19 (63%). Base pequena: o score usa 65% (puxado para a sua média de 66%).,"Há 219 dias em Engaging. Nenhum deal do histórico fechou depois de 138 dias; 1291 abertos já passaram disso sem fechar. Não é esforço, é decisão: requalificar ou descartar.",MG Advanced: USD 3.393 em jogo — 4º produto mais caro dos 7.,
7KKFQ7LX,Hayden Neloms,Celia Rouche,West,MG Advanced,,,Engaging,2017-05-26,219.0,3393.0,Decidir,3,,ampla,77,84.4,,67.0,Você fecha MG Advanced em 59 de 77 deals (77%) — bem acima da média geral (63%).,"Há 219 dias em Engaging. Nenhum deal do histórico fechou depois de 138 dias; 1291 abertos já passaram disso sem fechar. Não é esforço, é decisão: requalificar ou descartar.",MG Advanced: USD 3.393 em jogo — 4º produto mais caro dos 7.,
7X0T2QOL,Hayden Neloms,Celia Rouche,West,MG Advanced,,,Engaging,2017-05-26,219.0,3393.0,Decidir,3,,ampla,77,84.4,,67.0,Você fecha MG Advanced em 59 de 77 deals (77%) — bem acima da média geral (63%).,"Há 219 dias em Engaging. Nenhum deal do histórico fechou depois de 138 dias; 1291 abertos já passaram disso sem fechar. Não é esforço, é decisão: requalificar ou descartar.",MG Advanced: USD 3.393 em jogo — 4º produto mais caro dos 7.,
QNVW1NSS,Wilburn Farren,Cara Losch,East,MG Advanced,,,Engaging,2017-05-30,215.0,3393.0,Decidir,3,,média,29,69.7,,67.0,Você fecha MG Advanced em 21 de 29 deals (72%) — acima da média geral (63%).,"Há 215 dias em Engaging. Nenhum deal do histórico fechou depois de 138 dias; 1291 abertos já passaram disso sem fechar. Não é esforço, é decisão: requalificar ou descartar.",MG Advanced: USD 3.393 em jogo — 4º produto mais caro dos 7.,
N7G1TU1X,James Ascencio,Summer Sewald,West,MG Advanced,,,Engaging,2017-06-02,212.0,3393.0,Decidir,3,,pequena,16,64.4,,67.0,Seu histórico em MG Advanced é 12 de 16 (75%). Base pequena: o score usa 67% (puxado para a sua média de 66%).,"Há 212 dias em Engaging. Nenhum deal do histórico fechou depois de 138 dias; 1291 abertos já passaram disso sem fechar. Não é esforço, é decisão: requalificar ou descartar.",MG Advanced: USD 3.393 em jogo — 4º produto mais caro dos 7.,
SPV7OJTH,Cassey Cress,Rocco Neubert,East,MG Advanced,,,Engaging,2017-06-02,212.0,3393.0,Decidir,3,,ampla,60,43.4,,67.0,Seu histórico em MG Advanced é 36 de 60 (60%) — abaixo da sua média (62%) e da geral (63%).,"Há 212 dias em Engaging. Nenhum deal do histórico fechou depois de 138 dias; 1291 abertos já passaram disso sem fechar. Não é esforço, é decisão: requalificar ou descartar.",MG Advanced: USD 3.393 em jogo — 4º produto mais caro dos 7.,
9GYIYGHW,Violet Mclelland,Cara Losch,East,MG Advanced,,,Engaging,2017-06-06,208.0,3393.0,Decidir,3,,média,29,53.0,,67.0,Você fecha MG Advanced em 19 de 29 deals (66%) — acima da média geral (63%).,"Há 208 dias em Engaging. Nenhum deal do histórico fechou depois de 138 dias; 1291 abertos já passaram disso sem fechar. Não é esforço, é decisão: requalificar ou descartar.",MG Advanced: USD 3.393 em jogo — 4º produto mais caro dos 7.,
DW29KM30,Elease Gluck,Celia Rouche,West,MG Advanced,Zathunicon,retail,Engaging,2017-06-07,207.0,3393.0,Decidir,3,,média,24,40.8,,67.0,Seu histórico em MG Advanced é 13 de 24 (54%) — abaixo da sua média (63%) e da geral (63%).,"Há 207 dias em Engaging. Nenhum deal do histórico fechou depois de 138 dias; 1291 abertos já passaram disso sem fechar. Não é esforço, é decisão: requalificar ou descartar.",MG Advanced: USD 3.393 em jogo — 4º produto mais caro dos 7.,
REO3FMSB,Corliss Cosme,Cara Losch,East,MG Advanced,Massive Dynamic,entertainment,Engaging,2017-06-09,205.0,3393.0,Decidir,3,,média,21,34.5,,67.0,Seu histórico em MG Advanced é 9 de 21 (43%) — abaixo da sua média (66%) e da geral (63%).,"Há 205 dias em Engaging. Nenhum deal do histórico fechou depois de 138 dias; 1291 abertos já passaram disso sem fechar. Não é esforço, é decisão: requalificar ou descartar.",MG Advanced: USD 3.393 em jogo — 4º produto mais caro dos 7.,
ZI89S9HC,Markita Hansen,Celia Rouche,West,MG Advanced,Dalttechnology,software,Engaging,2017-06-11,203.0,3393.0,Decidir,3,,média,40,36.4,,67.0,Seu histórico em MG Advanced é 24 de 40 (60%) — abaixo da média geral (63%).,"Há 203 dias em Engaging. Nenhum deal do histórico fechou depois de 138 dias; 1291 abertos já passaram disso sem fechar. Não é esforço, é decisão: requalificar ou descartar.",MG Advanced: USD 3.393 em jogo — 4º produto mais caro dos 7.,
C7ODMOS2,Zane Levy,Summer Sewald,West,MG Advanced,,,Engaging,2017-06-13,201.0,3393.0,Decidir,3,,pequena,18,40.3,,67.0,Seu histórico em MG Advanced é 10 de 18 (56%). Base pequena: o score usa 60% (puxado para a sua média de 62%).,"Há 201 dias em Engaging. Nenhum deal do histórico fechou depois de 138 dias; 1291 abertos já passaram disso sem fechar. Não é esforço, é decisão: requalificar ou descartar.",MG Advanced: USD 3.393 em jogo — 4º produto mais caro dos 7.,
YXXWQA4G,Zane Levy,Summer Sewald,West,MG Advanced,,,Engaging,2017-06-15,199.0,3393.0,Decidir,3,,pequena,18,40.3,,67.0,Seu histórico em MG Advanced é 10 de 18 (56%). Base pequena: o score usa 60% (puxado para a sua média de 62%).,"Há 199 dias em Engaging. Nenhum deal do histórico fechou depois de 138 dias; 1291 abertos já passaram disso sem fechar. Não é esforço, é decisão: requalificar ou descartar.",MG Advanced: USD 3.393 em jogo — 4º produto mais caro dos 7.,
2O76H591,James Ascencio,Summer Sewald,West,MG Advanced,,,Engaging,2017-06-17,197.0,3393.0,Decidir,3,,pequena,16,64.4,,67.0,Seu histórico em MG Advanced é 12 de 16 (75%). Base pequena: o score usa 67% (puxado para a sua média de 66%).,"Há 197 dias em Engaging. Nenhum deal do histórico fechou depois de 138 dias; 1291 abertos já passaram disso sem fechar. Não é esforço, é decisão: requalificar ou descartar.",MG Advanced: USD 3.393 em jogo — 4º produto mais caro dos 7.,
EFIR7HGR,Daniell Hammack,Rocco Neubert,East,MG Advanced,Groovestreet,retail,Engaging,2017-06-18,196.0,3393.0,Decidir,3,,média,22,18.7,,67.0,Seu histórico em MG Advanced é 8 de 22 (36%) — abaixo da sua média (61%) e da geral (63%).,"Há 196 dias em Engaging. Nenhum deal do histórico fechou depois de 138 dias; 1291 abertos já passaram disso sem fechar. Não é esforço, é decisão: requalificar ou descartar.",MG Advanced: USD 3.393 em jogo — 4º produto mais caro dos 7.,
H176AX96,James Ascencio,Summer Sewald,West,MG Advanced,Gekko & Co,retail,Engaging,2017-06-18,196.0,3393.0,Decidir,3,,pequena,16,64.4,,67.0,Seu histórico em MG Advanced é 12 de 16 (75%). Base pequena: o score usa 67% (puxado para a sua média de 66%).,"Há 196 dias em Engaging. Nenhum deal do histórico fechou depois de 138 dias; 1291 abertos já passaram disso sem fechar. Não é esforço, é decisão: requalificar ou descartar.",MG Advanced: USD 3.393 em jogo — 4º produto mais caro dos 7.,
B6Z5NFV0,Wilburn Farren,Cara Losch,East,MG Advanced,,,Engaging,2017-06-20,194.0,3393.0,Decidir,3,,média,29,69.7,,67.0,Você fecha MG Advanced em 21 de 29 deals (72%) — acima da média geral (63%).,"Há 194 dias em Engaging. Nenhum deal do histórico fechou depois de 138 dias; 1291 abertos já passaram disso sem fechar. Não é esforço, é decisão: requalificar ou descartar.",MG Advanced: USD 3.393 em jogo — 4º produto mais caro dos 7.,
KDPBAHOJ,Kami Bicknell,Summer Sewald,West,MG Advanced,,,Engaging,2017-06-20,194.0,3393.0,Decidir,3,,média,26,58.5,,67.0,Você fecha MG Advanced em 18 de 26 deals (69%) — acima da média geral (63%).,"Há 194 dias em Engaging. Nenhum deal do histórico fechou depois de 138 dias; 1291 abertos já passaram disso sem fechar. Não é esforço, é decisão: requalificar ou descartar.",MG Advanced: USD 3.393 em jogo — 4º produto mais caro dos 7.,
VH6OFWCV,Zane Levy,Summer Sewald,West,MG Advanced,,,Engaging,2017-06-20,194.0,3393.0,Decidir,3,,pequena,18,40.3,,67.0,Seu histórico em MG Advanced é 10 de 18 (56%). Base pequena: o score usa 60% (puxado para a sua média de 62%).,"Há 194 dias em Engaging. Nenhum deal do histórico fechou depois de 138 dias; 1291 abertos já passaram disso sem fechar. Não é esforço, é decisão: requalificar ou descartar.",MG Advanced: USD 3.393 em jogo — 4º produto mais caro dos 7.,
QU6CFZ22,Cassey Cress,Rocco Neubert,East,MG Advanced,,,Engaging,2017-06-23,191.0,3393.0,Decidir,3,,ampla,60,43.4,,67.0,Seu histórico em MG Advanced é 36 de 60 (60%) — abaixo da sua média (62%) e da geral (63%).,"Há 191 dias em Engaging. Nenhum deal do histórico fechou depois de 138 dias; 1291 abertos já passaram disso sem fechar. Não é esforço, é decisão: requalificar ou descartar.",MG Advanced: USD 3.393 em jogo — 4º produto mais caro dos 7.,
ZT52DT8H,Daniell Hammack,Rocco Neubert,East,MG Advanced,,,Engaging,2017-06-26,188.0,3393.0,Decidir,3,,média,22,18.7,,67.0,Seu histórico em MG Advanced é 8 de 22 (36%) — abaixo da sua média (61%) e da geral (63%).,"Há 188 dias em Engaging. Nenhum deal do histórico fechou depois de 138 dias; 1291 abertos já passaram disso sem fechar. Não é esforço, é decisão: requalificar ou descartar.",MG Advanced: USD 3.393 em jogo — 4º produto mais caro dos 7.,
SZAMHBGA,Violet Mclelland,Cara Losch,East,MG Advanced,Nam-zim,services,Engaging,2017-06-28,186.0,3393.0,Decidir,3,,média,29,53.0,,67.0,Você fecha MG Advanced em 19 de 29 deals (66%) — acima da média geral (63%).,"Há 186 dias em Engaging. Nenhum deal do histórico fechou depois de 138 dias; 1291 abertos já passaram disso sem fechar. Não é esforço, é decisão: requalificar ou descartar.",MG Advanced: USD 3.393 em jogo — 4º produto mais caro dos 7.,
V71FMJBD,Rosie Papadopoulos,Cara Losch,East,MG Advanced,,,Engaging,2017-06-28,186.0,3393.0,Decidir,3,,média,24,42.4,,67.0,Seu histórico em MG Advanced é 13 de 24 (54%) — abaixo da sua média (64%) e da geral (63%).,"Há 186 dias em Engaging. Nenhum deal do histórico fechou depois de 138 dias; 1291 abertos já passaram disso sem fechar. Não é esforço, é decisão: requalificar ou descartar.",MG Advanced: USD 3.393 em jogo — 4º produto mais caro dos 7.,
T4FR3FAC,Vicki Laflamme,Celia Rouche,West,MG Advanced,,,Engaging,2017-06-29,185.0,3393.0,Decidir,3,,ampla,79,38.0,,67.0,Seu histórico em MG Advanced é 45 de 79 (57%) — abaixo da sua média (64%) e da geral (63%).,"Há 185 dias em Engaging. Nenhum deal do histórico fechou depois de 138 dias; 1291 abertos já passaram disso sem fechar. Não é esforço, é decisão: requalificar ou descartar.",MG Advanced: USD 3.393 em jogo — 4º produto mais caro dos 7.,
04SCU6DK,Corliss Cosme,Cara Losch,East,MG Advanced,,,Engaging,2017-07-01,183.0,3393.0,Decidir,3,,média,21,34.5,,67.0,Seu histórico em MG Advanced é 9 de 21 (43%) — abaixo da sua média (66%) e da geral (63%).,"Há 183 dias em Engaging. Nenhum deal do histórico fechou depois de 138 dias; 1291 abertos já passaram disso sem fechar. Não é esforço, é decisão: requalificar ou descartar.",MG Advanced: USD 3.393 em jogo — 4º produto mais caro dos 7.,
BCA6Y34B,Rosie Papadopoulos,Cara Losch,East,MG Advanced,,,Engaging,2017-07-01,183.0,3393.0,Decidir,3,,média,24,42.4,,67.0,Seu histórico em MG Advanced é 13 de 24 (54%) — abaixo da sua média (64%) e da geral (63%).,"Há 183 dias em Engaging. Nenhum deal do histórico fechou depois de 138 dias; 1291 abertos já passaram disso sem fechar. Não é esforço, é decisão: requalificar ou descartar.",MG Advanced: USD 3.393 em jogo — 4º produto mais caro dos 7.,
W07RZO17,Kary Hendrixson,Summer Sewald,West,MG Advanced,,,Engaging,2017-07-04,180.0,3393.0,Decidir,3,,pequena,18,31.9,,67.0,Seu histórico em MG Advanced é 8 de 18 (44%). Base pequena: o score usa 58% (puxado para a sua média de 62%).,"Há 180 dias em Engaging. Nenhum deal do histórico fechou depois de 138 dias; 1291 abertos já passaram disso sem fechar. Não é esforço, é decisão: requalificar ou descartar.",MG Advanced: USD 3.393 em jogo — 4º produto mais caro dos 7.,
K7056XS7,Rosie Papadopoulos,Cara Losch,East,MG Advanced,Kinnamplus,retail,Engaging,2017-07-05,179.0,3393.0,Decidir,3,,média,24,42.4,,67.0,Seu histórico em MG Advanced é 13 de 24 (54%) — abaixo da sua média (64%) e da geral (63%).,"Há 179 dias em Engaging. Nenhum deal do histórico fechou depois de 138 dias; 1291 abertos já passaram disso sem fechar. Não é esforço, é decisão: requalificar ou descartar.",MG Advanced: USD 3.393 em jogo — 4º produto mais caro dos 7.,
E2KGQVEO,Daniell Hammack,Rocco Neubert,East,MG Advanced,,,Engaging,2017-07-06,178.0,3393.0,Decidir,3,,média,22,18.7,,67.0,Seu histórico em MG Advanced é 8 de 22 (36%) — abaixo da sua média (61%) e da geral (63%).,"Há 178 dias em Engaging. Nenhum deal do histórico fechou depois de 138 dias; 1291 abertos já passaram disso sem fechar. Não é esforço, é decisão: requalificar ou descartar.",MG Advanced: USD 3.393 em jogo — 4º produto mais caro dos 7.,
OW9OM3UO,Rosalina Dieter,Celia Rouche,West,MG Advanced,,,Engaging,2017-07-09,175.0,3393.0,Decidir,3,,média,23,60.4,,67.0,Você fecha MG Advanced em 16 de 23 deals (70%) — acima da média geral (63%).,"Há 175 dias em Engaging. Nenhum deal do histórico fechou depois de 138 dias; 1291 abertos já passaram disso sem fechar. Não é esforço, é decisão: requalificar ou descartar.",MG Advanced: USD 3.393 em jogo — 4º produto mais caro dos 7.,
HBN3R2TJ,Elease Gluck,Celia Rouche,West,MG Advanced,,,Engaging,2017-07-17,167.0,3393.0,Decidir,3,,média,24,40.8,,67.0,Seu histórico em MG Advanced é 13 de 24 (54%) — abaixo da sua média (63%) e da geral (63%).,"Há 167 dias em Engaging. Nenhum deal do histórico fechou depois de 138 dias; 1291 abertos já passaram disso sem fechar. Não é esforço, é decisão: requalificar ou descartar.",MG Advanced: USD 3.393 em jogo — 4º produto mais caro dos 7.,
O8C2G4G2,Cassey Cress,Rocco Neubert,East,MG Advanced,,,Engaging,2017-07-17,167.0,3393.0,Decidir,3,,ampla,60,43.4,,67.0,Seu histórico em MG Advanced é 36 de 60 (60%) — abaixo da sua média (62%) e da geral (63%).,"Há 167 dias em Engaging. Nenhum deal do histórico fechou depois de 138 dias; 1291 abertos já passaram disso sem fechar. Não é esforço, é decisão: requalificar ou descartar.",MG Advanced: USD 3.393 em jogo — 4º produto mais caro dos 7.,
XRWMLGOG,James Ascencio,Summer Sewald,West,MG Advanced,,,Engaging,2017-07-18,166.0,3393.0,Decidir,3,,pequena,16,64.4,,67.0,Seu histórico em MG Advanced é 12 de 16 (75%). Base pequena: o score usa 67% (puxado para a sua média de 66%).,"Há 166 dias em Engaging. Nenhum deal do histórico fechou depois de 138 dias; 1291 abertos já passaram disso sem fechar. Não é esforço, é decisão: requalificar ou descartar.",MG Advanced: USD 3.393 em jogo — 4º produto mais caro dos 7.,
7LD79NYD,Marty Freudenburg,Melvin Marxen,Central,MG Advanced,,,Engaging,2017-07-19,165.0,3393.0,Decidir,3,,média,41,28.0,,67.0,Seu histórico em MG Advanced é 20 de 41 (49%) — abaixo da sua média (63%) e da geral (63%).,"Há 165 dias em Engaging. Nenhum deal do histórico fechou depois de 138 dias; 1291 abertos já passaram disso sem fechar. Não é esforço, é decisão: requalificar ou descartar.",MG Advanced: USD 3.393 em jogo — 4º produto mais caro dos 7.,
DMG5EOFC,Violet Mclelland,Cara Losch,East,MG Advanced,Lexiqvolax,medical,Engaging,2017-07-19,165.0,3393.0,Decidir,3,,média,29,53.0,,67.0,Você fecha MG Advanced em 19 de 29 deals (66%) — acima da média geral (63%).,"Há 165 dias em Engaging. Nenhum deal do histórico fechou depois de 138 dias; 1291 abertos já passaram disso sem fechar. Não é esforço, é decisão: requalificar ou descartar.",MG Advanced: USD 3.393 em jogo — 4º produto mais caro dos 7.,
TDJ3N8EJ,Kami Bicknell,Summer Sewald,West,MG Advanced,Kinnamplus,retail,Engaging,2017-07-20,164.0,3393.0,Decidir,3,,média,26,58.5,,67.0,Você fecha MG Advanced em 18 de 26 deals (69%) — acima da média geral (63%).,"Há 164 dias em Engaging. Nenhum deal do histórico fechou depois de 138 dias; 1291 abertos já passaram disso sem fechar. Não é esforço, é decisão: requalificar ou descartar.",MG Advanced: USD 3.393 em jogo — 4º produto mais caro dos 7.,
0KRVN3V5,Anna Snelling,Dustin Brinkmann,Central,MG Advanced,Hatfan,services,Engaging,2017-07-21,163.0,3393.0,Decidir,3,,média,45,22.1,,67.0,Seu histórico em MG Advanced é 21 de 45 (47%) — abaixo da sua média (62%) e da geral (63%).,"Há 163 dias em Engaging. Nenhum deal do histórico fechou depois de 138 dias; 1291 abertos já passaram disso sem fechar. Não é esforço, é decisão: requalificar ou descartar.",MG Advanced: USD 3.393 em jogo — 4º produto mais caro dos 7.,
COSC7XVA,Gladys Colclough,Melvin Marxen,Central,MG Advanced,,,Engaging,2017-07-21,163.0,3393.0,Decidir,3,,ampla,53,41.9,,67.0,Seu histórico em MG Advanced é 33 de 53 (62%) — abaixo da média geral (63%).,"Há 163 dias em Engaging. Nenhum deal do histórico fechou depois de 138 dias; 1291 abertos já passaram disso sem fechar. Não é esforço, é decisão: requalificar ou descartar.",MG Advanced: USD 3.393 em jogo — 4º produto mais caro dos 7.,
PNISVWNN,Darcel Schlecht,Melvin Marxen,Central,MG Advanced,Scotfind,software,Engaging,2017-07-21,163.0,3393.0,Decidir,3,,ampla,61,42.4,,67.0,Seu histórico em MG Advanced é 36 de 61 (59%) — abaixo da sua média (63%) e da geral (63%).,"Há 163 dias em Engaging. Nenhum deal do histórico fechou depois de 138 dias; 1291 abertos já passaram disso sem fechar. Não é esforço, é decisão: requalificar ou descartar.",MG Advanced: USD 3.393 em jogo — 4º produto mais caro dos 7.,
WLDFQR7Z,Darcel Schlecht,Melvin Marxen,Central,MG Advanced,Bubba Gump,software,Engaging,2017-07-21,163.0,3393.0,Decidir,3,,ampla,61,42.4,,67.0,Seu histórico em MG Advanced é 36 de 61 (59%) — abaixo da sua média (63%) e da geral (63%).,"Há 163 dias em Engaging. Nenhum deal do histórico fechou depois de 138 dias; 1291 abertos já passaram disso sem fechar. Não é esforço, é decisão: requalificar ou descartar.",MG Advanced: USD 3.393 em jogo — 4º produto mais caro dos 7.,
0T2CY70E,Lajuana Vencill,Dustin Brinkmann,Central,MG Advanced,,,Engaging,2017-07-22,162.0,3393.0,Decidir,3,,ampla,55,18.0,,67.0,Seu histórico em MG Advanced é 28 de 55 (51%) — abaixo da sua média (55%) e da geral (63%).,"Há 162 dias em Engaging. Nenhum deal do histórico fechou depois de 138 dias; 1291 abertos já passaram disso sem fechar. Não é esforço, é decisão: requalificar ou descartar.",MG Advanced: USD 3.393 em jogo — 4º produto mais caro dos 7.,
8TFYRWZ6,Gladys Colclough,Melvin Marxen,Central,MG Advanced,Mathtouch,marketing,Engaging,2017-07-22,162.0,3393.0,Decidir,3,,ampla,53,41.9,,67.0,Seu histórico em MG Advanced é 33 de 53 (62%) — abaixo da média geral (63%).,"Há 162 dias em Engaging. Nenhum deal do histórico fechou depois de 138 dias; 1291 abertos já passaram disso sem fechar. Não é esforço, é decisão: requalificar ou descartar.",MG Advanced: USD 3.393 em jogo — 4º produto mais caro dos 7.,
E9J482PX,Anna Snelling,Dustin Brinkmann,Central,MG Advanced,,,Engaging,2017-07-22,162.0,3393.0,Decidir,3,,média,45,22.1,,67.0,Seu histórico em MG Advanced é 21 de 45 (47%) — abaixo da sua média (62%) e da geral (63%).,"Há 162 dias em Engaging. Nenhum deal do histórico fechou depois de 138 dias; 1291 abertos já passaram disso sem fechar. Não é esforço, é decisão: requalificar ou descartar.",MG Advanced: USD 3.393 em jogo — 4º produto mais caro dos 7.,
JOLNKYNH,Moses Frase,Dustin Brinkmann,Central,MG Advanced,,,Engaging,2017-07-22,162.0,3393.0,Decidir,3,,média,42,52.4,,67.0,Você fecha MG Advanced em 26 de 42 deals (62%) — acima da média geral (63%).,"Há 162 dias em Engaging. Nenhum deal do histórico fechou depois de 138 dias; 1291 abertos já passaram disso sem fechar. Não é esforço, é decisão: requalificar ou descartar.",MG Advanced: USD 3.393 em jogo — 4º produto mais caro dos 7.,
OT5G3M9A,Cecily Lampkin,Dustin Brinkmann,Central,MG Advanced,Treequote,telecommunications,Engaging,2017-07-22,162.0,3393.0,Decidir,3,,ampla,50,59.5,,67.0,Você fecha MG Advanced em 33 de 50 deals (66%) — acima da média geral (63%).,"Há 162 dias em Engaging. Nenhum deal do histórico fechou depois de 138 dias; 1291 abertos já passaram disso sem fechar. Não é esforço, é decisão: requalificar ou descartar.",MG Advanced: USD 3.393 em jogo — 4º produto mais caro dos 7.,
SJGOQMLT,Moses Frase,Dustin Brinkmann,Central,MG Advanced,,,Engaging,2017-07-22,162.0,3393.0,Decidir,3,,média,42,52.4,,67.0,Você fecha MG Advanced em 26 de 42 deals (62%) — acima da média geral (63%).,"Há 162 dias em Engaging. Nenhum deal do histórico fechou depois de 138 dias; 1291 abertos já passaram disso sem fechar. Não é esforço, é decisão: requalificar ou descartar.",MG Advanced: USD 3.393 em jogo — 4º produto mais caro dos 7.,
TTKPNDTP,Versie Hillebrand,Dustin Brinkmann,Central,MG Advanced,,,Engaging,2017-07-22,162.0,3393.0,Decidir,3,,média,46,48.0,,67.0,Seu histórico em MG Advanced é 27 de 46 (59%) — abaixo da sua média (67%) e da geral (63%).,"Há 162 dias em Engaging. Nenhum deal do histórico fechou depois de 138 dias; 1291 abertos já passaram disso sem fechar. Não é esforço, é decisão: requalificar ou descartar.",MG Advanced: USD 3.393 em jogo — 4º produto mais caro dos 7.,
TV2M081C,Moses Frase,Dustin Brinkmann,Central,MG Advanced,,,Engaging,2017-07-22,162.0,3393.0,Decidir,3,,média,42,52.4,,67.0,Você fecha MG Advanced em 26 de 42 deals (62%) — acima da média geral (63%).,"Há 162 dias em Engaging. Nenhum deal do histórico fechou depois de 138 dias; 1291 abertos já passaram disso sem fechar. Não é esforço, é decisão: requalificar ou descartar.",MG Advanced: USD 3.393 em jogo — 4º produto mais caro dos 7.,
G7H64S20,Anna Snelling,Dustin Brinkmann,Central,MG Advanced,,,Engaging,2017-07-23,161.0,3393.0,Decidir,3,,média,45,22.1,,67.0,Seu histórico em MG Advanced é 21 de 45 (47%) — abaixo da sua média (62%) e da geral (63%).,"Há 161 dias em Engaging. Nenhum deal do histórico fechou depois de 138 dias; 1291 abertos já passaram disso sem fechar. Não é esforço, é decisão: requalificar ou descartar.",MG Advanced: USD 3.393 em jogo — 4º produto mais caro dos 7.,
LXS3Z82E,Niesha Huffines,Melvin Marxen,Central,MG Advanced,,,Engaging,2017-07-23,161.0,3393.0,Decidir,3,,pequena,17,50.2,,67.0,Seu histórico em MG Advanced é 12 de 17 (71%). Base pequena: o score usa 63% (puxado para a sua média de 60%).,"Há 161 dias em Engaging. Nenhum deal do histórico fechou depois de 138 dias; 1291 abertos já passaram disso sem fechar. Não é esforço, é decisão: requalificar ou descartar.",MG Advanced: USD 3.393 em jogo — 4º produto mais caro dos 7.,
11LIZUQE,Cassey Cress,Rocco Neubert,East,MG Advanced,,,Engaging,2017-07-24,160.0,3393.0,Decidir,3,,ampla,60,43.4,,67.0,Seu histórico em MG Advanced é 36 de 60 (60%) — abaixo da sua média (62%) e da geral (63%).,"Há 160 dias em Engaging. Nenhum deal do histórico fechou depois de 138 dias; 1291 abertos já passaram disso sem fechar. Não é esforço, é decisão: requalificar ou descartar.",MG Advanced: USD 3.393 em jogo — 4º produto mais caro dos 7.,
SZS2IPM3,Versie Hillebrand,Dustin Brinkmann,Central,MG Advanced,Doncon,technology,Engaging,2017-07-24,160.0,3393.0,Decidir,3,,média,46,48.0,,67.0,Seu histórico em MG Advanced é 27 de 46 (59%) — abaixo da sua média (67%) e da geral (63%).,"Há 160 dias em Engaging. Nenhum deal do histórico fechou depois de 138 dias; 1291 abertos já passaram disso sem fechar. Não é esforço, é decisão: requalificar ou descartar.",MG Advanced: USD 3.393 em jogo — 4º produto mais caro dos 7.,
VV6T07G4,Darcel Schlecht,Melvin Marxen,Central,MG Advanced,,,Engaging,2017-07-24,160.0,3393.0,Decidir,3,,ampla,61,42.4,,67.0,Seu histórico em MG Advanced é 36 de 61 (59%) — abaixo da sua média (63%) e da geral (63%).,"Há 160 dias em Engaging. Nenhum deal do histórico fechou depois de 138 dias; 1291 abertos já passaram disso sem fechar. Não é esforço, é decisão: requalificar ou descartar.",MG Advanced: USD 3.393 em jogo — 4º produto mais caro dos 7.,
YY2DWBG5,Versie Hillebrand,Dustin Brinkmann,Central,MG Advanced,Ron-tech,medical,Engaging,2017-07-24,160.0,3393.0,Decidir,3,,média,46,48.0,,67.0,Seu histórico em MG Advanced é 27 de 46 (59%) — abaixo da sua média (67%) e da geral (63%).,"Há 160 dias em Engaging. Nenhum deal do histórico fechou depois de 138 dias; 1291 abertos já passaram disso sem fechar. Não é esforço, é decisão: requalificar ou descartar.",MG Advanced: USD 3.393 em jogo — 4º produto mais caro dos 7.,
4DLY9ZDH,Anna Snelling,Dustin Brinkmann,Central,MG Advanced,Dalttechnology,software,Engaging,2017-07-25,159.0,3393.0,Decidir,3,,média,45,22.1,,67.0,Seu histórico em MG Advanced é 21 de 45 (47%) — abaixo da sua média (62%) e da geral (63%).,"Há 159 dias em Engaging. Nenhum deal do histórico fechou depois de 138 dias; 1291 abertos já passaram disso sem fechar. Não é esforço, é decisão: requalificar ou descartar.",MG Advanced: USD 3.393 em jogo — 4º produto mais caro dos 7.,
7F2DDW3C,Hayden Neloms,Celia Rouche,West,MG Advanced,,,Engaging,2017-07-25,159.0,3393.0,Decidir,3,,ampla,77,84.4,,67.0,Você fecha MG Advanced em 59 de 77 deals (77%) — bem acima da média geral (63%).,"Há 159 dias em Engaging. Nenhum deal do histórico fechou depois de 138 dias; 1291 abertos já passaram disso sem fechar. Não é esforço, é decisão: requalificar ou descartar.",MG Advanced: USD 3.393 em jogo — 4º produto mais caro dos 7.,
8AK3KGFA,Gladys Colclough,Melvin Marxen,Central,MG Advanced,,,Engaging,2017-07-25,159.0,3393.0,Decidir,3,,ampla,53,41.9,,67.0,Seu histórico em MG Advanced é 33 de 53 (62%) — abaixo da média geral (63%).,"Há 159 dias em Engaging. Nenhum deal do histórico fechou depois de 138 dias; 1291 abertos já passaram disso sem fechar. Não é esforço, é decisão: requalificar ou descartar.",MG Advanced: USD 3.393 em jogo — 4º produto mais caro dos 7.,
CMW6IQJI,Niesha Huffines,Melvin Marxen,Central,MG Advanced,Faxquote,telecommunications,Engaging,2017-07-25,159.0,3393.0,Decidir,3,,pequena,17,50.2,,67.0,Seu histórico em MG Advanced é 12 de 17 (71%). Base pequena: o score usa 63% (puxado para a sua média de 60%).,"Há 159 dias em Engaging. Nenhum deal do histórico fechou depois de 138 dias; 1291 abertos já passaram disso sem fechar. Não é esforço, é decisão: requalificar ou descartar.",MG Advanced: USD 3.393 em jogo — 4º produto mais caro dos 7.,
JH643YRI,Lajuana Vencill,Dustin Brinkmann,Central,MG Advanced,Umbrella Corporation,finance,Engaging,2017-07-25,159.0,3393.0,Decidir,3,,ampla,55,18.0,,67.0,Seu histórico em MG Advanced é 28 de 55 (51%) — abaixo da sua média (55%) e da geral (63%).,"Há 159 dias em Engaging. Nenhum deal do histórico fechou depois de 138 dias; 1291 abertos já passaram disso sem fechar. Não é esforço, é decisão: requalificar ou descartar.",MG Advanced: USD 3.393 em jogo — 4º produto mais caro dos 7.,
MLD3WEJC,Moses Frase,Dustin Brinkmann,Central,MG Advanced,Xx-holding,finance,Engaging,2017-07-25,159.0,3393.0,Decidir,3,,média,42,52.4,,67.0,Você fecha MG Advanced em 26 de 42 deals (62%) — acima da média geral (63%).,"Há 159 dias em Engaging. Nenhum deal do histórico fechou depois de 138 dias; 1291 abertos já passaram disso sem fechar. Não é esforço, é decisão: requalificar ou descartar.",MG Advanced: USD 3.393 em jogo — 4º produto mais caro dos 7.,
SXFE42KG,Cecily Lampkin,Dustin Brinkmann,Central,MG Advanced,Gogozoom,telecommunications,Engaging,2017-07-25,159.0,3393.0,Decidir,3,,ampla,50,59.5,,67.0,Você fecha MG Advanced em 33 de 50 deals (66%) — acima da média geral (63%).,"Há 159 dias em Engaging. Nenhum deal do histórico fechou depois de 138 dias; 1291 abertos já passaram disso sem fechar. Não é esforço, é decisão: requalificar ou descartar.",MG Advanced: USD 3.393 em jogo — 4º produto mais caro dos 7.,
XFCKQ7RI,Darcel Schlecht,Melvin Marxen,Central,MG Advanced,,,Engaging,2017-07-25,159.0,3393.0,Decidir,3,,ampla,61,42.4,,67.0,Seu histórico em MG Advanced é 36 de 61 (59%) — abaixo da sua média (63%) e da geral (63%).,"Há 159 dias em Engaging. Nenhum deal do histórico fechou depois de 138 dias; 1291 abertos já passaram disso sem fechar. Não é esforço, é decisão: requalificar ou descartar.",MG Advanced: USD 3.393 em jogo — 4º produto mais caro dos 7.,
YCQTM2BQ,Lajuana Vencill,Dustin Brinkmann,Central,MG Advanced,,,Engaging,2017-07-25,159.0,3393.0,Decidir,3,,ampla,55,18.0,,67.0,Seu histórico em MG Advanced é 28 de 55 (51%) — abaixo da sua média (55%) e da geral (63%).,"Há 159 dias em Engaging. Nenhum deal do histórico fechou depois de 138 dias; 1291 abertos já passaram disso sem fechar. Não é esforço, é decisão: requalificar ou descartar.",MG Advanced: USD 3.393 em jogo — 4º produto mais caro dos 7.,
ZNEQXZZK,Anna Snelling,Dustin Brinkmann,Central,MG Advanced,Donquadtech,technology,Engaging,2017-07-25,159.0,3393.0,Decidir,3,,média,45,22.1,,67.0,Seu histórico em MG Advanced é 21 de 45 (47%) — abaixo da sua média (62%) e da geral (63%).,"Há 159 dias em Engaging. Nenhum deal do histórico fechou depois de 138 dias; 1291 abertos já passaram disso sem fechar. Não é esforço, é decisão: requalificar ou descartar.",MG Advanced: USD 3.393 em jogo — 4º produto mais caro dos 7.,
8TD2LLOF,Darcel Schlecht,Melvin Marxen,Central,MG Advanced,,,Engaging,2017-07-26,158.0,3393.0,Decidir,3,,ampla,61,42.4,,67.0,Seu histórico em MG Advanced é 36 de 61 (59%) — abaixo da sua média (63%) e da geral (63%).,"Há 158 dias em Engaging. Nenhum deal do histórico fechou depois de 138 dias; 1291 abertos já passaram disso sem fechar. Não é esforço, é decisão: requalificar ou descartar.",MG Advanced: USD 3.393 em jogo — 4º produto mais caro dos 7.,
BB1PRS3T,Moses Frase,Dustin Brinkmann,Central,MG Advanced,,,Engaging,2017-07-26,158.0,3393.0,Decidir,3,,média,42,52.4,,67.0,Você fecha MG Advanced em 26 de 42 deals (62%) — acima da média geral (63%).,"Há 158 dias em Engaging. Nenhum deal do histórico fechou depois de 138 dias; 1291 abertos já passaram disso sem fechar. Não é esforço, é decisão: requalificar ou descartar.",MG Advanced: USD 3.393 em jogo — 4º produto mais caro dos 7.,
EFKPYBI9,Gladys Colclough,Melvin Marxen,Central,MG Advanced,Xx-holding,finance,Engaging,2017-07-26,158.0,3393.0,Decidir,3,,ampla,53,41.9,,67.0,Seu histórico em MG Advanced é 33 de 53 (62%) — abaixo da média geral (63%).,"Há 158 dias em Engaging. Nenhum deal do histórico fechou depois de 138 dias; 1291 abertos já passaram disso sem fechar. Não é esforço, é decisão: requalificar ou descartar.",MG Advanced: USD 3.393 em jogo — 4º produto mais caro dos 7.,
KPH05GU8,Lajuana Vencill,Dustin Brinkmann,Central,MG Advanced,The New York Inquirer,medical,Engaging,2017-07-26,158.0,3393.0,Decidir,3,,ampla,55,18.0,,67.0,Seu histórico em MG Advanced é 28 de 55 (51%) — abaixo da sua média (55%) e da geral (63%).,"Há 158 dias em Engaging. Nenhum deal do histórico fechou depois de 138 dias; 1291 abertos já passaram disso sem fechar. Não é esforço, é decisão: requalificar ou descartar.",MG Advanced: USD 3.393 em jogo — 4º produto mais caro dos 7.,
P3K1DVYB,Moses Frase,Dustin Brinkmann,Central,MG Advanced,,,Engaging,2017-07-26,158.0,3393.0,Decidir,3,,média,42,52.4,,67.0,Você fecha MG Advanced em 26 de 42 deals (62%) — acima da média geral (63%).,"Há 158 dias em Engaging. Nenhum deal do histórico fechou depois de 138 dias; 1291 abertos já passaram disso sem fechar. Não é esforço, é decisão: requalificar ou descartar.",MG Advanced: USD 3.393 em jogo — 4º produto mais caro dos 7.,
VBB0LCEN,Lajuana Vencill,Dustin Brinkmann,Central,MG Advanced,,,Engaging,2017-07-26,158.0,3393.0,Decidir,3,,ampla,55,18.0,,67.0,Seu histórico em MG Advanced é 28 de 55 (51%) — abaixo da sua média (55%) e da geral (63%).,"Há 158 dias em Engaging. Nenhum deal do histórico fechou depois de 138 dias; 1291 abertos já passaram disso sem fechar. Não é esforço, é decisão: requalificar ou descartar.",MG Advanced: USD 3.393 em jogo — 4º produto mais caro dos 7.,
82K9NWKO,Gladys Colclough,Melvin Marxen,Central,MG Advanced,,,Engaging,2017-07-27,157.0,3393.0,Decidir,3,,ampla,53,41.9,,67.0,Seu histórico em MG Advanced é 33 de 53 (62%) — abaixo da média geral (63%).,"Há 157 dias em Engaging. Nenhum deal do histórico fechou depois de 138 dias; 1291 abertos já passaram disso sem fechar. Não é esforço, é decisão: requalificar ou descartar.",MG Advanced: USD 3.393 em jogo — 4º produto mais caro dos 7.,
JQ5AOYQ8,Darcel Schlecht,Melvin Marxen,Central,MG Advanced,,,Engaging,2017-07-27,157.0,3393.0,Decidir,3,,ampla,61,42.4,,67.0,Seu histórico em MG Advanced é 36 de 61 (59%) — abaixo da sua média (63%) e da geral (63%).,"Há 157 dias em Engaging. Nenhum deal do histórico fechou depois de 138 dias; 1291 abertos já passaram disso sem fechar. Não é esforço, é decisão: requalificar ou descartar.",MG Advanced: USD 3.393 em jogo — 4º produto mais caro dos 7.,
R7H0M07R,Darcel Schlecht,Melvin Marxen,Central,MG Advanced,,,Engaging,2017-07-27,157.0,3393.0,Decidir,3,,ampla,61,42.4,,67.0,Seu histórico em MG Advanced é 36 de 61 (59%) — abaixo da sua média (63%) e da geral (63%).,"Há 157 dias em Engaging. Nenhum deal do histórico fechou depois de 138 dias; 1291 abertos já passaram disso sem fechar. Não é esforço, é decisão: requalificar ou descartar.",MG Advanced: USD 3.393 em jogo — 4º produto mais caro dos 7.,
SJ3QA8KP,Niesha Huffines,Melvin Marxen,Central,MG Advanced,Treequote,telecommunications,Engaging,2017-07-28,156.0,3393.0,Decidir,3,,pequena,17,50.2,,67.0,Seu histórico em MG Advanced é 12 de 17 (71%). Base pequena: o score usa 63% (puxado para a sua média de 60%).,"Há 156 dias em Engaging. Nenhum deal do histórico fechou depois de 138 dias; 1291 abertos já passaram disso sem fechar. Não é esforço, é decisão: requalificar ou descartar.",MG Advanced: USD 3.393 em jogo — 4º produto mais caro dos 7.,
3SD04QJ4,Wilburn Farren,Cara Losch,East,MG Advanced,,,Engaging,2017-07-29,155.0,3393.0,Decidir,3,,média,29,69.7,,67.0,Você fecha MG Advanced em 21 de 29 deals (72%) — acima da média geral (63%).,"Há 155 dias em Engaging. Nenhum deal do histórico fechou depois de 138 dias; 1291 abertos já passaram disso sem fechar. Não é esforço, é decisão: requalificar ou descartar.",MG Advanced: USD 3.393 em jogo — 4º produto mais caro dos 7.,
4OYGRQGO,Kami Bicknell,Summer Sewald,West,MG Advanced,,,Engaging,2017-07-29,155.0,3393.0,Decidir,3,,média,26,58.5,,67.0,Você fecha MG Advanced em 18 de 26 deals (69%) — acima da média geral (63%).,"Há 155 dias em Engaging. Nenhum deal do histórico fechou depois de 138 dias; 1291 abertos já passaram disso sem fechar. Não é esforço, é decisão: requalificar ou descartar.",MG Advanced: USD 3.393 em jogo — 4º produto mais caro dos 7.,
4QQOSYGL,Corliss Cosme,Cara Losch,East,MG Advanced,,,Engaging,2017-07-29,155.0,3393.0,Decidir,3,,média,21,34.5,,67.0,Seu histórico em MG Advanced é 9 de 21 (43%) — abaixo da sua média (66%) e da geral (63%).,"Há 155 dias em Engaging. Nenhum deal do histórico fechou depois de 138 dias; 1291 abertos já passaram disso sem fechar. Não é esforço, é decisão: requalificar ou descartar.",MG Advanced: USD 3.393 em jogo — 4º produto mais caro dos 7.,
B1ZN2CFP,Anna Snelling,Dustin Brinkmann,Central,MG Advanced,,,Engaging,2017-07-29,155.0,3393.0,Decidir,3,,média,45,22.1,,67.0,Seu histórico em MG Advanced é 21 de 45 (47%) — abaixo da sua média (62%) e da geral (63%).,"Há 155 dias em Engaging. Nenhum deal do histórico fechou depois de 138 dias; 1291 abertos já passaram disso sem fechar. Não é esforço, é decisão: requalificar ou descartar.",MG Advanced: USD 3.393 em jogo — 4º produto mais caro dos 7.,
DVT7NPEH,Darcel Schlecht,Melvin Marxen,Central,MG Advanced,,,Engaging,2017-07-30,154.0,3393.0,Decidir,3,,ampla,61,42.4,,67.0,Seu histórico em MG Advanced é 36 de 61 (59%) — abaixo da sua média (63%) e da geral (63%).,"Há 154 dias em Engaging. Nenhum deal do histórico fechou depois de 138 dias; 1291 abertos já passaram disso sem fechar. Não é esforço, é decisão: requalificar ou descartar.",MG Advanced: USD 3.393 em jogo — 4º produto mais caro dos 7.,
IG540SIB,Cecily Lampkin,Dustin Brinkmann,Central,MG Advanced,,,Engaging,2017-07-30,154.0,3393.0,Decidir,3,,ampla,50,59.5,,67.0,Você fecha MG Advanced em 33 de 50 deals (66%) — acima da média geral (63%).,"Há 154 dias em Engaging. Nenhum deal do histórico fechou depois de 138 dias; 1291 abertos já passaram disso sem fechar. Não é esforço, é decisão: requalificar ou descartar.",MG Advanced: USD 3.393 em jogo — 4º produto mais caro dos 7.,
R6OZIG5J,Darcel Schlecht,Melvin Marxen,Central,MG Advanced,,,Engaging,2017-07-30,154.0,3393.0,Decidir,3,,ampla,61,42.4,,67.0,Seu histórico em MG Advanced é 36 de 61 (59%) — abaixo da sua média (63%) e da geral (63%).,"Há 154 dias em Engaging. Nenhum deal do histórico fechou depois de 138 dias; 1291 abertos já passaram disso sem fechar. Não é esforço, é decisão: requalificar ou descartar.",MG Advanced: USD 3.393 em jogo — 4º produto mais caro dos 7.,
RN7M3757,Versie Hillebrand,Dustin Brinkmann,Central,MG Advanced,,,Engaging,2017-07-30,154.0,3393.0,Decidir,3,,média,46,48.0,,67.0,Seu histórico em MG Advanced é 27 de 46 (59%) — abaixo da sua média (67%) e da geral (63%).,"Há 154 dias em Engaging. Nenhum deal do histórico fechou depois de 138 dias; 1291 abertos já passaram disso sem fechar. Não é esforço, é decisão: requalificar ou descartar.",MG Advanced: USD 3.393 em jogo — 4º produto mais caro dos 7.,
0PT4RY4P,Cecily Lampkin,Dustin Brinkmann,Central,MG Advanced,,,Engaging,2017-07-31,153.0,3393.0,Decidir,3,,ampla,50,59.5,,67.0,Você fecha MG Advanced em 33 de 50 deals (66%) — acima da média geral (63%).,"Há 153 dias em Engaging. Nenhum deal do histórico fechou depois de 138 dias; 1291 abertos já passaram disso sem fechar. Não é esforço, é decisão: requalificar ou descartar.",MG Advanced: USD 3.393 em jogo — 4º produto mais caro dos 7.,
56LUBQTV,Moses Frase,Dustin Brinkmann,Central,MG Advanced,,,Engaging,2017-07-31,153.0,3393.0,Decidir,3,,média,42,52.4,,67.0,Você fecha MG Advanced em 26 de 42 deals (62%) — acima da média geral (63%).,"Há 153 dias em Engaging. Nenhum deal do histórico fechou depois de 138 dias; 1291 abertos já passaram disso sem fechar. Não é esforço, é decisão: requalificar ou descartar.",MG Advanced: USD 3.393 em jogo — 4º produto mais caro dos 7.,
EMH2I8XE,Lajuana Vencill,Dustin Brinkmann,Central,MG Advanced,Acme Corporation,technology,Engaging,2017-07-31,153.0,3393.0,Decidir,3,,ampla,55,18.0,,67.0,Seu histórico em MG Advanced é 28 de 55 (51%) — abaixo da sua média (55%) e da geral (63%).,"Há 153 dias em Engaging. Nenhum deal do histórico fechou depois de 138 dias; 1291 abertos já passaram disso sem fechar. Não é esforço, é decisão: requalificar ou descartar.",MG Advanced: USD 3.393 em jogo — 4º produto mais caro dos 7.,
OBDEDIXA,Hayden Neloms,Celia Rouche,West,MG Advanced,,,Engaging,2017-07-31,153.0,3393.0,Decidir,3,,ampla,77,84.4,,67.0,Você fecha MG Advanced em 59 de 77 deals (77%) — bem acima da média geral (63%).,"Há 153 dias em Engaging. Nenhum deal do histórico fechou depois de 138 dias; 1291 abertos já passaram disso sem fechar. Não é esforço, é decisão: requalificar ou descartar.",MG Advanced: USD 3.393 em jogo — 4º produto mais caro dos 7.,
UBO7V799,Lajuana Vencill,Dustin Brinkmann,Central,MG Advanced,,,Engaging,2017-07-31,153.0,3393.0,Decidir,3,,ampla,55,18.0,,67.0,Seu histórico em MG Advanced é 28 de 55 (51%) — abaixo da sua média (55%) e da geral (63%).,"Há 153 dias em Engaging. Nenhum deal do histórico fechou depois de 138 dias; 1291 abertos já passaram disso sem fechar. Não é esforço, é decisão: requalificar ou descartar.",MG Advanced: USD 3.393 em jogo — 4º produto mais caro dos 7.,
WOO9JXOQ,Gladys Colclough,Melvin Marxen,Central,MG Advanced,Sumace,retail,Engaging,2017-07-31,153.0,3393.0,Decidir,3,,ampla,53,41.9,,67.0,Seu histórico em MG Advanced é 33 de 53 (62%) — abaixo da média geral (63%).,"Há 153 dias em Engaging. Nenhum deal do histórico fechou depois de 138 dias; 1291 abertos já passaram disso sem fechar. Não é esforço, é decisão: requalificar ou descartar.",MG Advanced: USD 3.393 em jogo — 4º produto mais caro dos 7.,
9C3YHNBY,Gladys Colclough,Melvin Marxen,Central,MG Advanced,,,Engaging,2017-08-01,152.0,3393.0,Decidir,3,,ampla,53,41.9,,67.0,Seu histórico em MG Advanced é 33 de 53 (62%) — abaixo da média geral (63%).,"Há 152 dias em Engaging. Nenhum deal do histórico fechou depois de 138 dias; 1291 abertos já passaram disso sem fechar. Não é esforço, é decisão: requalificar ou descartar.",MG Advanced: USD 3.393 em jogo — 4º produto mais caro dos 7.,
A2YIYWNW,Cassey Cress,Rocco Neubert,East,MG Advanced,,,Engaging,2017-08-01,152.0,3393.0,Decidir,3,,ampla,60,43.4,,67.0,Seu histórico em MG Advanced é 36 de 60 (60%) — abaixo da sua média (62%) e da geral (63%).,"Há 152 dias em Engaging. Nenhum deal do histórico fechou depois de 138 dias; 1291 abertos já passaram disso sem fechar. Não é esforço, é decisão: requalificar ou descartar.",MG Advanced: USD 3.393 em jogo — 4º produto mais caro dos 7.,
JGXK8P6T,Zane Levy,Summer Sewald,West,MG Advanced,,,Engaging,2017-08-01,152.0,3393.0,Decidir,3,,pequena,18,40.3,,67.0,Seu histórico em MG Advanced é 10 de 18 (56%). Base pequena: o score usa 60% (puxado para a sua média de 62%).,"Há 152 dias em Engaging. Nenhum deal do histórico fechou depois de 138 dias; 1291 abertos já passaram disso sem fechar. Não é esforço, é decisão: requalificar ou descartar.",MG Advanced: USD 3.393 em jogo — 4º produto mais caro dos 7.,
KIKG1BGV,Moses Frase,Dustin Brinkmann,Central,MG Advanced,Domzoom,entertainment,Engaging,2017-08-02,151.0,3393.0,Decidir,3,,média,42,52.4,,67.0,Você fecha MG Advanced em 26 de 42 deals (62%) — acima da média geral (63%).,"Há 151 dias em Engaging. Nenhum deal do histórico fechou depois de 138 dias; 1291 abertos já passaram disso sem fechar. Não é esforço, é decisão: requalificar ou descartar.",MG Advanced: USD 3.393 em jogo — 4º produto mais caro dos 7.,
N909ADDC,Vicki Laflamme,Celia Rouche,West,MG Advanced,,,Engaging,2017-08-02,151.0,3393.0,Decidir,3,,ampla,79,38.0,,67.0,Seu histórico em MG Advanced é 45 de 79 (57%) — abaixo da sua média (64%) e da geral (63%).,"Há 151 dias em Engaging. Nenhum deal do histórico fechou depois de 138 dias; 1291 abertos já passaram disso sem fechar. Não é esforço, é decisão: requalificar ou descartar.",MG Advanced: USD 3.393 em jogo — 4º produto mais caro dos 7.,
0R5KAHNB,Moses Frase,Dustin Brinkmann,Central,MG Advanced,Umbrella Corporation,finance,Engaging,2017-08-03,150.0,3393.0,Decidir,3,,média,42,52.4,,67.0,Você fecha MG Advanced em 26 de 42 deals (62%) — acima da média geral (63%).,"Há 150 dias em Engaging. Nenhum deal do histórico fechou depois de 138 dias; 1291 abertos já passaram disso sem fechar. Não é esforço, é decisão: requalificar ou descartar.",MG Advanced: USD 3.393 em jogo — 4º produto mais caro dos 7.,
9V2SW5MV,Marty Freudenburg,Melvin Marxen,Central,MG Advanced,,,Engaging,2017-08-03,150.0,3393.0,Decidir,3,,média,41,28.0,,67.0,Seu histórico em MG Advanced é 20 de 41 (49%) — abaixo da sua média (63%) e da geral (63%).,"Há 150 dias em Engaging. Nenhum deal do histórico fechou depois de 138 dias; 1291 abertos já passaram disso sem fechar. Não é esforço, é decisão: requalificar ou descartar.",MG Advanced: USD 3.393 em jogo — 4º produto mais caro dos 7.,
AZN2K0V9,Anna Snelling,Dustin Brinkmann,Central,MG Advanced,Ganjaflex,retail,Engaging,2017-08-03,150.0,3393.0,Decidir,3,,média,45,22.1,,67.0,Seu histórico em MG Advanced é 21 de 45 (47%) — abaixo da sua média (62%) e da geral (63%).,"Há 150 dias em Engaging. Nenhum deal do histórico fechou depois de 138 dias; 1291 abertos já passaram disso sem fechar. Não é esforço, é decisão: requalificar ou descartar.",MG Advanced: USD 3.393 em jogo — 4º produto mais caro dos 7.,
LDQITW5C,Lajuana Vencill,Dustin Brinkmann,Central,MG Advanced,Acme Corporation,technology,Engaging,2017-08-03,150.0,3393.0,Decidir,3,,ampla,55,18.0,,67.0,Seu histórico em MG Advanced é 28 de 55 (51%) — abaixo da sua média (55%) e da geral (63%).,"Há 150 dias em Engaging. Nenhum deal do histórico fechou depois de 138 dias; 1291 abertos já passaram disso sem fechar. Não é esforço, é decisão: requalificar ou descartar.",MG Advanced: USD 3.393 em jogo — 4º produto mais caro dos 7.,
QIEAKLRU,Cecily Lampkin,Dustin Brinkmann,Central,MG Advanced,,,Engaging,2017-08-03,150.0,3393.0,Decidir,3,,ampla,50,59.5,,67.0,Você fecha MG Advanced em 33 de 50 deals (66%) — acima da média geral (63%).,"Há 150 dias em Engaging. Nenhum deal do histórico fechou depois de 138 dias; 1291 abertos já passaram disso sem fechar. Não é esforço, é decisão: requalificar ou descartar.",MG Advanced: USD 3.393 em jogo — 4º produto mais caro dos 7.,
FUI9BIS3,Moses Frase,Dustin Brinkmann,Central,MG Advanced,Funholding,finance,Engaging,2017-08-04,149.0,3393.0,Decidir,3,,média,42,52.4,,67.0,Você fecha MG Advanced em 26 de 42 deals (62%) — acima da média geral (63%).,"Há 149 dias em Engaging. Nenhum deal do histórico fechou depois de 138 dias; 1291 abertos já passaram disso sem fechar. Não é esforço, é decisão: requalificar ou descartar.",MG Advanced: USD 3.393 em jogo — 4º produto mais caro dos 7.,
R9GI5SJ5,Vicki Laflamme,Celia Rouche,West,MG Advanced,Domzoom,entertainment,Engaging,2017-08-05,148.0,3393.0,Decidir,3,,ampla,79,38.0,,67.0,Seu histórico em MG Advanced é 45 de 79 (57%) — abaixo da sua média (64%) e da geral (63%).,"Há 148 dias em Engaging. Nenhum deal do histórico fechou depois de 138 dias; 1291 abertos já passaram disso sem fechar. Não é esforço, é decisão: requalificar ou descartar.",MG Advanced: USD 3.393 em jogo — 4º produto mais caro dos 7.,
G6CMP5I9,Versie Hillebrand,Dustin Brinkmann,Central,MG Advanced,,,Engaging,2017-08-06,147.0,3393.0,Decidir,3,,média,46,48.0,,67.0,Seu histórico em MG Advanced é 27 de 46 (59%) — abaixo da sua média (67%) e da geral (63%).,"Há 147 dias em Engaging. Nenhum deal do histórico fechou depois de 138 dias; 1291 abertos já passaram disso sem fechar. Não é esforço, é decisão: requalificar ou descartar.",MG Advanced: USD 3.393 em jogo — 4º produto mais caro dos 7.,
OMJHW2J1,Versie Hillebrand,Dustin Brinkmann,Central,MG Advanced,,,Engaging,2017-08-06,147.0,3393.0,Decidir,3,,média,46,48.0,,67.0,Seu histórico em MG Advanced é 27 de 46 (59%) — abaixo da sua média (67%) e da geral (63%).,"Há 147 dias em Engaging. Nenhum deal do histórico fechou depois de 138 dias; 1291 abertos já passaram disso sem fechar. Não é esforço, é decisão: requalificar ou descartar.",MG Advanced: USD 3.393 em jogo — 4º produto mais caro dos 7.,
PDMZ1I99,Lajuana Vencill,Dustin Brinkmann,Central,MG Advanced,Globex Corporation,technology,Engaging,2017-08-06,147.0,3393.0,Decidir,3,,ampla,55,18.0,,67.0,Seu histórico em MG Advanced é 28 de 55 (51%) — abaixo da sua média (55%) e da geral (63%).,"Há 147 dias em Engaging. Nenhum deal do histórico fechou depois de 138 dias; 1291 abertos já passaram disso sem fechar. Não é esforço, é decisão: requalificar ou descartar.",MG Advanced: USD 3.393 em jogo — 4º produto mais caro dos 7.,
ZC987DAQ,Markita Hansen,Celia Rouche,West,MG Advanced,,,Engaging,2017-08-07,146.0,3393.0,Decidir,3,,média,40,36.4,,67.0,Seu histórico em MG Advanced é 24 de 40 (60%) — abaixo da média geral (63%).,"Há 146 dias em Engaging. Nenhum deal do histórico fechou depois de 138 dias; 1291 abertos já passaram disso sem fechar. Não é esforço, é decisão: requalificar ou descartar.",MG Advanced: USD 3.393 em jogo — 4º produto mais caro dos 7.,
O7LSETHG,Rosie Papadopoulos,Cara Losch,East,MG Advanced,,,Engaging,2017-08-08,145.0,3393.0,Decidir,3,,média,24,42.4,,67.0,Seu histórico em MG Advanced é 13 de 24 (54%) — abaixo da sua média (64%) e da geral (63%).,"Há 145 dias em Engaging. Nenhum deal do histórico fechou depois de 138 dias; 1291 abertos já passaram disso sem fechar. Não é esforço, é decisão: requalificar ou descartar.",MG Advanced: USD 3.393 em jogo — 4º produto mais caro dos 7.,
Q8QGD2OG,Cecily Lampkin,Dustin Brinkmann,Central,MG Advanced,,,Engaging,2017-08-08,145.0,3393.0,Decidir,3,,ampla,50,59.5,,67.0,Você fecha MG Advanced em 33 de 50 deals (66%) — acima da média geral (63%).,"Há 145 dias em Engaging. Nenhum deal do histórico fechou depois de 138 dias; 1291 abertos já passaram disso sem fechar. Não é esforço, é decisão: requalificar ou descartar.",MG Advanced: USD 3.393 em jogo — 4º produto mais caro dos 7.,
RC4LEDIA,Marty Freudenburg,Melvin Marxen,Central,MG Advanced,,,Engaging,2017-08-09,144.0,3393.0,Decidir,3,,média,41,28.0,,67.0,Seu histórico em MG Advanced é 20 de 41 (49%) — abaixo da sua média (63%) e da geral (63%).,"Há 144 dias em Engaging. Nenhum deal do histórico fechou depois de 138 dias; 1291 abertos já passaram disso sem fechar. Não é esforço, é decisão: requalificar ou descartar.",MG Advanced: USD 3.393 em jogo — 4º produto mais caro dos 7.,
8CBTC1PX,Marty Freudenburg,Melvin Marxen,Central,MG Advanced,Streethex,retail,Engaging,2017-08-11,142.0,3393.0,Decidir,3,,média,41,28.0,,67.0,Seu histórico em MG Advanced é 20 de 41 (49%) — abaixo da sua média (63%) e da geral (63%).,"Há 142 dias em Engaging. Nenhum deal do histórico fechou depois de 138 dias; 1291 abertos já passaram disso sem fechar. Não é esforço, é decisão: requalificar ou descartar.",MG Advanced: USD 3.393 em jogo — 4º produto mais caro dos 7.,
8MUD1WS1,Cecily Lampkin,Dustin Brinkmann,Central,MG Advanced,,,Engaging,2017-08-12,141.0,3393.0,Decidir,3,,ampla,50,59.5,,67.0,Você fecha MG Advanced em 33 de 50 deals (66%) — acima da média geral (63%).,"Há 141 dias em Engaging. Nenhum deal do histórico fechou depois de 138 dias; 1291 abertos já passaram disso sem fechar. Não é esforço, é decisão: requalificar ou descartar.",MG Advanced: USD 3.393 em jogo — 4º produto mais caro dos 7.,
0OHEJOI5,Corliss Cosme,Cara Losch,East,MG Advanced,,,Engaging,2017-08-13,140.0,3393.0,Decidir,3,,média,21,34.5,,67.0,Seu histórico em MG Advanced é 9 de 21 (43%) — abaixo da sua média (66%) e da geral (63%).,"Há 140 dias em Engaging. Nenhum deal do histórico fechou depois de 138 dias; 1291 abertos já passaram disso sem fechar. Não é esforço, é decisão: requalificar ou descartar.",MG Advanced: USD 3.393 em jogo — 4º produto mais caro dos 7.,
7FVBMH48,Markita Hansen,Celia Rouche,West,MG Advanced,,,Engaging,2017-08-13,140.0,3393.0,Decidir,3,,média,40,36.4,,67.0,Seu histórico em MG Advanced é 24 de 40 (60%) — abaixo da média geral (63%).,"Há 140 dias em Engaging. Nenhum deal do histórico fechou depois de 138 dias; 1291 abertos já passaram disso sem fechar. Não é esforço, é decisão: requalificar ou descartar.",MG Advanced: USD 3.393 em jogo — 4º produto mais caro dos 7.,
HQKWQ004,Moses Frase,Dustin Brinkmann,Central,MG Advanced,,,Engaging,2017-08-13,140.0,3393.0,Decidir,3,,média,42,52.4,,67.0,Você fecha MG Advanced em 26 de 42 deals (62%) — acima da média geral (63%).,"Há 140 dias em Engaging. Nenhum deal do histórico fechou depois de 138 dias; 1291 abertos já passaram disso sem fechar. Não é esforço, é decisão: requalificar ou descartar.",MG Advanced: USD 3.393 em jogo — 4º produto mais caro dos 7.,
CYV6MJL9,Hayden Neloms,Celia Rouche,West,MG Advanced,,,Engaging,2017-08-14,139.0,3393.0,Decidir,3,,ampla,77,84.4,,67.0,Você fecha MG Advanced em 59 de 77 deals (77%) — bem acima da média geral (63%).,"Há 139 dias em Engaging. Nenhum deal do histórico fechou depois de 138 dias; 1291 abertos já passaram disso sem fechar. Não é esforço, é decisão: requalificar ou descartar.",MG Advanced: USD 3.393 em jogo — 4º produto mais caro dos 7.,
E617EXPD,Vicki Laflamme,Celia Rouche,West,MG Advanced,Iselectrics,technology,Engaging,2017-08-14,139.0,3393.0,Decidir,3,,ampla,79,38.0,,67.0,Seu histórico em MG Advanced é 45 de 79 (57%) — abaixo da sua média (64%) e da geral (63%).,"Há 139 dias em Engaging. Nenhum deal do histórico fechou depois de 138 dias; 1291 abertos já passaram disso sem fechar. Não é esforço, é decisão: requalificar ou descartar.",MG Advanced: USD 3.393 em jogo — 4º produto mais caro dos 7.,
EZDMNAK8,Lajuana Vencill,Dustin Brinkmann,Central,MG Advanced,Plussunin,retail,Engaging,2017-08-14,139.0,3393.0,Decidir,3,,ampla,55,18.0,,67.0,Seu histórico em MG Advanced é 28 de 55 (51%) — abaixo da sua média (55%) e da geral (63%).,"Há 139 dias em Engaging. Nenhum deal do histórico fechou depois de 138 dias; 1291 abertos já passaram disso sem fechar. Não é esforço, é decisão: requalificar ou descartar.",MG Advanced: USD 3.393 em jogo — 4º produto mais caro dos 7.,
I6PXHXST,Marty Freudenburg,Melvin Marxen,Central,MG Advanced,Singletechno,retail,Engaging,2017-08-14,139.0,3393.0,Decidir,3,,média,41,28.0,,67.0,Seu histórico em MG Advanced é 20 de 41 (49%) — abaixo da sua média (63%) e da geral (63%).,"Há 139 dias em Engaging. Nenhum deal do histórico fechou depois de 138 dias; 1291 abertos já passaram disso sem fechar. Não é esforço, é decisão: requalificar ou descartar.",MG Advanced: USD 3.393 em jogo — 4º produto mais caro dos 7.,
JEWIBFH9,Wilburn Farren,Cara Losch,East,MG Advanced,,,Engaging,2017-08-14,139.0,3393.0,Decidir,3,,média,29,69.7,,67.0,Você fecha MG Advanced em 21 de 29 deals (72%) — acima da média geral (63%).,"Há 139 dias em Engaging. Nenhum deal do histórico fechou depois de 138 dias; 1291 abertos já passaram disso sem fechar. Não é esforço, é decisão: requalificar ou descartar.",MG Advanced: USD 3.393 em jogo — 4º produto mais caro dos 7.,
F5U1ACDD,Kami Bicknell,Summer Sewald,West,GTX Plus Basic,,,Engaging,2016-11-19,407.0,1096.0,Decidir,3,,ampla,50,32.6,,48.0,Seu histórico em GTX Plus Basic é 26 de 50 (52%) — abaixo da sua média (64%) e da geral (63%).,"Há 407 dias em Engaging. Nenhum deal do histórico fechou depois de 138 dias; 1291 abertos já passaram disso sem fechar. Não é esforço, é decisão: requalificar ou descartar.",GTX Plus Basic: USD 1.096 em jogo — 5º produto mais caro dos 7.,
579LZ3F9,Daniell Hammack,Rocco Neubert,East,GTX Plus Basic,J-Texon,retail,Engaging,2016-11-24,402.0,1096.0,Decidir,3,,ampla,53,39.2,,48.0,Seu histórico em GTX Plus Basic é 31 de 53 (58%) — abaixo da sua média (61%) e da geral (63%).,"Há 402 dias em Engaging. Nenhum deal do histórico fechou depois de 138 dias; 1291 abertos já passaram disso sem fechar. Não é esforço, é decisão: requalificar ou descartar.",GTX Plus Basic: USD 1.096 em jogo — 5º produto mais caro dos 7.,
SU8JNMP4,Kami Bicknell,Summer Sewald,West,GTX Plus Basic,Bubba Gump,software,Engaging,2016-11-24,402.0,1096.0,Decidir,3,,ampla,50,32.6,,48.0,Seu histórico em GTX Plus Basic é 26 de 50 (52%) — abaixo da sua média (64%) e da geral (63%).,"Há 402 dias em Engaging. Nenhum deal do histórico fechou depois de 138 dias; 1291 abertos já passaram disso sem fechar. Não é esforço, é decisão: requalificar ou descartar.",GTX Plus Basic: USD 1.096 em jogo — 5º produto mais caro dos 7.,
O3KC8QI8,Kami Bicknell,Summer Sewald,West,GTX Plus Basic,,,Engaging,2016-12-08,388.0,1096.0,Decidir,3,,ampla,50,32.6,,48.0,Seu histórico em GTX Plus Basic é 26 de 50 (52%) — abaixo da sua média (64%) e da geral (63%).,"Há 388 dias em Engaging. Nenhum deal do histórico fechou depois de 138 dias; 1291 abertos já passaram disso sem fechar. Não é esforço, é decisão: requalificar ou descartar.",GTX Plus Basic: USD 1.096 em jogo — 5º produto mais caro dos 7.,
J53D8EOL,Kary Hendrixson,Summer Sewald,West,GTX Plus Basic,Hottechi,technology,Engaging,2016-12-14,382.0,1096.0,Decidir,3,,ampla,51,41.6,,48.0,Seu histórico em GTX Plus Basic é 30 de 51 (59%) — abaixo da sua média (62%) e da geral (63%).,"Há 382 dias em Engaging. Nenhum deal do histórico fechou depois de 138 dias; 1291 abertos já passaram disso sem fechar. Não é esforço, é decisão: requalificar ou descartar.",GTX Plus Basic: USD 1.096 em jogo — 5º produto mais caro dos 7.,
3ECHUPQY,Daniell Hammack,Rocco Neubert,East,GTX Plus Basic,,,Engaging,2016-12-20,376.0,1096.0,Decidir,3,,ampla,53,39.2,,48.0,Seu histórico em GTX Plus Basic é 31 de 53 (58%) — abaixo da sua média (61%) e da geral (63%).,"Há 376 dias em Engaging. Nenhum deal do histórico fechou depois de 138 dias; 1291 abertos já passaram disso sem fechar. Não é esforço, é decisão: requalificar ou descartar.",GTX Plus Basic: USD 1.096 em jogo — 5º produto mais caro dos 7.,
IE7VQ5BA,Daniell Hammack,Rocco Neubert,East,GTX Plus Basic,Finhigh,finance,Engaging,2016-12-23,373.0,1096.0,Decidir,3,,ampla,53,39.2,,48.0,Seu histórico em GTX Plus Basic é 31 de 53 (58%) — abaixo da sua média (61%) e da geral (63%).,"Há 373 dias em Engaging. Nenhum deal do histórico fechou depois de 138 dias; 1291 abertos já passaram disso sem fechar. Não é esforço, é decisão: requalificar ou descartar.",GTX Plus Basic: USD 1.096 em jogo — 5º produto mais caro dos 7.,
BTT6YAVZ,Zane Levy,Summer Sewald,West,GTX Plus Basic,Green-Plus,services,Engaging,2017-01-01,364.0,1096.0,Decidir,3,,média,43,43.7,,48.0,Seu histórico em GTX Plus Basic é 26 de 43 (60%) — abaixo da sua média (62%) e da geral (63%).,"Há 364 dias em Engaging. Nenhum deal do histórico fechou depois de 138 dias; 1291 abertos já passaram disso sem fechar. Não é esforço, é decisão: requalificar ou descartar.",GTX Plus Basic: USD 1.096 em jogo — 5º produto mais caro dos 7.,
O7UUAK3Y,Corliss Cosme,Cara Losch,East,GTX Plus Basic,dambase,marketing,Engaging,2017-01-02,363.0,1096.0,Decidir,3,,média,44,50.6,,48.0,Você fecha GTX Plus Basic em 27 de 44 deals (61%) — acima da média geral (63%).,"Há 363 dias em Engaging. Nenhum deal do histórico fechou depois de 138 dias; 1291 abertos já passaram disso sem fechar. Não é esforço, é decisão: requalificar ou descartar.",GTX Plus Basic: USD 1.096 em jogo — 5º produto mais caro dos 7.,
TLOHEQ18,Corliss Cosme,Cara Losch,East,GTX Plus Basic,,,Engaging,2017-01-02,363.0,1096.0,Decidir,3,,média,44,50.6,,48.0,Você fecha GTX Plus Basic em 27 de 44 deals (61%) — acima da média geral (63%).,"Há 363 dias em Engaging. Nenhum deal do histórico fechou depois de 138 dias; 1291 abertos já passaram disso sem fechar. Não é esforço, é decisão: requalificar ou descartar.",GTX Plus Basic: USD 1.096 em jogo — 5º produto mais caro dos 7.,
LMOAYCUK,Kami Bicknell,Summer Sewald,West,GTX Plus Basic,Plusstrip,entertainment,Engaging,2017-01-11,354.0,1096.0,Decidir,3,,ampla,50,32.6,,48.0,Seu histórico em GTX Plus Basic é 26 de 50 (52%) — abaixo da sua média (64%) e da geral (63%).,"Há 354 dias em Engaging. Nenhum deal do histórico fechou depois de 138 dias; 1291 abertos já passaram disso sem fechar. Não é esforço, é decisão: requalificar ou descartar.",GTX Plus Basic: USD 1.096 em jogo — 5º produto mais caro dos 7.,
VCSHYIU8,Maureen Marcano,Summer Sewald,West,GTX Plus Basic,,,Engaging,2017-01-12,353.0,1096.0,Decidir,3,,ampla,70,79.3,,48.0,Você fecha GTX Plus Basic em 52 de 70 deals (74%) — bem acima da média geral (63%).,"Há 353 dias em Engaging. Nenhum deal do histórico fechou depois de 138 dias; 1291 abertos já passaram disso sem fechar. Não é esforço, é decisão: requalificar ou descartar.",GTX Plus Basic: USD 1.096 em jogo — 5º produto mais caro dos 7.,
0OESOJNN,James Ascencio,Summer Sewald,West,GTX Plus Basic,Warephase,services,Engaging,2017-01-17,348.0,1096.0,Decidir,3,,média,23,52.0,,48.0,Você fecha GTX Plus Basic em 14 de 23 deals (61%) — acima da média geral (63%).,"Há 348 dias em Engaging. Nenhum deal do histórico fechou depois de 138 dias; 1291 abertos já passaram disso sem fechar. Não é esforço, é decisão: requalificar ou descartar.",GTX Plus Basic: USD 1.096 em jogo — 5º produto mais caro dos 7.,
RPONINLM,Vicki Laflamme,Celia Rouche,West,GTX Plus Basic,,,Engaging,2017-01-23,342.0,1096.0,Decidir,3,,pequena,19,56.0,,48.0,Seu histórico em GTX Plus Basic é 13 de 19 (68%). Base pequena: o score usa 65% (puxado para a sua média de 64%).,"Há 342 dias em Engaging. Nenhum deal do histórico fechou depois de 138 dias; 1291 abertos já passaram disso sem fechar. Não é esforço, é decisão: requalificar ou descartar.",GTX Plus Basic: USD 1.096 em jogo — 5º produto mais caro dos 7.,
PKDJTR06,Kami Bicknell,Summer Sewald,West,GTX Plus Basic,Hatfan,services,Engaging,2017-01-24,341.0,1096.0,Decidir,3,,ampla,50,32.6,,48.0,Seu histórico em GTX Plus Basic é 26 de 50 (52%) — abaixo da sua média (64%) e da geral (63%).,"Há 341 dias em Engaging. Nenhum deal do histórico fechou depois de 138 dias; 1291 abertos já passaram disso sem fechar. Não é esforço, é decisão: requalificar ou descartar.",GTX Plus Basic: USD 1.096 em jogo — 5º produto mais caro dos 7.,
CENVLTFH,Corliss Cosme,Cara Losch,East,GTX Plus Basic,Toughzap,retail,Engaging,2017-01-28,337.0,1096.0,Decidir,3,,média,44,50.6,,48.0,Você fecha GTX Plus Basic em 27 de 44 deals (61%) — acima da média geral (63%).,"Há 337 dias em Engaging. Nenhum deal do histórico fechou depois de 138 dias; 1291 abertos já passaram disso sem fechar. Não é esforço, é decisão: requalificar ou descartar.",GTX Plus Basic: USD 1.096 em jogo — 5º produto mais caro dos 7.,
67IKZGGJ,Maureen Marcano,Summer Sewald,West,GTX Plus Basic,,,Engaging,2017-01-29,336.0,1096.0,Decidir,3,,ampla,70,79.3,,48.0,Você fecha GTX Plus Basic em 52 de 70 deals (74%) — bem acima da média geral (63%).,"Há 336 dias em Engaging. Nenhum deal do histórico fechou depois de 138 dias; 1291 abertos já passaram disso sem fechar. Não é esforço, é decisão: requalificar ou descartar.",GTX Plus Basic: USD 1.096 em jogo — 5º produto mais caro dos 7.,
GVBWTDI3,Daniell Hammack,Rocco Neubert,East,GTX Plus Basic,,,Engaging,2017-01-31,334.0,1096.0,Decidir,3,,ampla,53,39.2,,48.0,Seu histórico em GTX Plus Basic é 31 de 53 (58%) — abaixo da sua média (61%) e da geral (63%).,"Há 334 dias em Engaging. Nenhum deal do histórico fechou depois de 138 dias; 1291 abertos já passaram disso sem fechar. Não é esforço, é decisão: requalificar ou descartar.",GTX Plus Basic: USD 1.096 em jogo — 5º produto mais caro dos 7.,
VFEV5XBS,Violet Mclelland,Cara Losch,East,GTX Plus Basic,,,Engaging,2017-01-31,334.0,1096.0,Decidir,3,,pequena,17,46.5,,48.0,Seu histórico em GTX Plus Basic é 10 de 17 (59%). Base pequena: o score usa 62% (puxado para a sua média de 63%).,"Há 334 dias em Engaging. Nenhum deal do histórico fechou depois de 138 dias; 1291 abertos já passaram disso sem fechar. Não é esforço, é decisão: requalificar ou descartar.",GTX Plus Basic: USD 1.096 em jogo — 5º produto mais caro dos 7.,
XYLNH45V,Daniell Hammack,Rocco Neubert,East,GTX Plus Basic,Zathunicon,retail,Engaging,2017-01-31,334.0,1096.0,Decidir,3,,ampla,53,39.2,,48.0,Seu histórico em GTX Plus Basic é 31 de 53 (58%) — abaixo da sua média (61%) e da geral (63%).,"Há 334 dias em Engaging. Nenhum deal do histórico fechou depois de 138 dias; 1291 abertos já passaram disso sem fechar. Não é esforço, é decisão: requalificar ou descartar.",GTX Plus Basic: USD 1.096 em jogo — 5º produto mais caro dos 7.,
H2MC2E7K,Vicki Laflamme,Celia Rouche,West,GTX Plus Basic,Condax,medical,Engaging,2017-02-02,332.0,1096.0,Decidir,3,,pequena,19,56.0,,48.0,Seu histórico em GTX Plus Basic é 13 de 19 (68%). Base pequena: o score usa 65% (puxado para a sua média de 64%).,"Há 332 dias em Engaging. Nenhum deal do histórico fechou depois de 138 dias; 1291 abertos já passaram disso sem fechar. Não é esforço, é decisão: requalificar ou descartar.",GTX Plus Basic: USD 1.096 em jogo — 5º produto mais caro dos 7.,
VN8LKQN3,Boris Faz,Rocco Neubert,East,GTX Plus Basic,,,Engaging,2017-02-02,332.0,1096.0,Decidir,3,,média,42,59.3,,48.0,Você fecha GTX Plus Basic em 28 de 42 deals (67%) — acima da média geral (63%).,"Há 332 dias em Engaging. Nenhum deal do histórico fechou depois de 138 dias; 1291 abertos já passaram disso sem fechar. Não é esforço, é decisão: requalificar ou descartar.",GTX Plus Basic: USD 1.096 em jogo — 5º produto mais caro dos 7.,
ZHY9C8OO,Kami Bicknell,Summer Sewald,West,GTX Plus Basic,,,Engaging,2017-02-02,332.0,1096.0,Decidir,3,,ampla,50,32.6,,48.0,Seu histórico em GTX Plus Basic é 26 de 50 (52%) — abaixo da sua média (64%) e da geral (63%).,"Há 332 dias em Engaging. Nenhum deal do histórico fechou depois de 138 dias; 1291 abertos já passaram disso sem fechar. Não é esforço, é decisão: requalificar ou descartar.",GTX Plus Basic: USD 1.096 em jogo — 5º produto mais caro dos 7.,
JCPQZ2SN,Hayden Neloms,Celia Rouche,West,GTX Plus Basic,Cheers,entertainment,Engaging,2017-02-04,330.0,1096.0,Decidir,3,,média,42,43.5,,48.0,Seu histórico em GTX Plus Basic é 22 de 42 (52%) — abaixo da sua média (70%) e da geral (63%).,"Há 330 dias em Engaging. Nenhum deal do histórico fechou depois de 138 dias; 1291 abertos já passaram disso sem fechar. Não é esforço, é decisão: requalificar ou descartar.",GTX Plus Basic: USD 1.096 em jogo — 5º produto mais caro dos 7.,
IEAPJ5X1,Maureen Marcano,Summer Sewald,West,GTX Plus Basic,,,Engaging,2017-02-07,327.0,1096.0,Decidir,3,,ampla,70,79.3,,48.0,Você fecha GTX Plus Basic em 52 de 70 deals (74%) — bem acima da média geral (63%).,"Há 327 dias em Engaging. Nenhum deal do histórico fechou depois de 138 dias; 1291 abertos já passaram disso sem fechar. Não é esforço, é decisão: requalificar ou descartar.",GTX Plus Basic: USD 1.096 em jogo — 5º produto mais caro dos 7.,
TF19VML9,Kami Bicknell,Summer Sewald,West,GTX Plus Basic,,,Engaging,2017-02-08,326.0,1096.0,Decidir,3,,ampla,50,32.6,,48.0,Seu histórico em GTX Plus Basic é 26 de 50 (52%) — abaixo da sua média (64%) e da geral (63%).,"Há 326 dias em Engaging. Nenhum deal do histórico fechou depois de 138 dias; 1291 abertos já passaram disso sem fechar. Não é esforço, é decisão: requalificar ou descartar.",GTX Plus Basic: USD 1.096 em jogo — 5º produto mais caro dos 7.,
LXM6CTMS,Hayden Neloms,Celia Rouche,West,GTX Plus Basic,,,Engaging,2017-02-12,322.0,1096.0,Decidir,3,,média,42,43.5,,48.0,Seu histórico em GTX Plus Basic é 22 de 42 (52%) — abaixo da sua média (70%) e da geral (63%).,"Há 322 dias em Engaging. Nenhum deal do histórico fechou depois de 138 dias; 1291 abertos já passaram disso sem fechar. Não é esforço, é decisão: requalificar ou descartar.",GTX Plus Basic: USD 1.096 em jogo — 5º produto mais caro dos 7.,
FW2XJG9S,Markita Hansen,Celia Rouche,West,GTX Plus Basic,,,Engaging,2017-02-15,319.0,1096.0,Decidir,3,,média,37,31.7,,48.0,Seu histórico em GTX Plus Basic é 21 de 37 (57%) — abaixo da sua média (57%) e da geral (63%).,"Há 319 dias em Engaging. Nenhum deal do histórico fechou depois de 138 dias; 1291 abertos já passaram disso sem fechar. Não é esforço, é decisão: requalificar ou descartar.",GTX Plus Basic: USD 1.096 em jogo — 5º produto mais caro dos 7.,
KM1D04JS,James Ascencio,Summer Sewald,West,GTX Plus Basic,,,Engaging,2017-02-16,318.0,1096.0,Decidir,3,,média,23,52.0,,48.0,Você fecha GTX Plus Basic em 14 de 23 deals (61%) — acima da média geral (63%).,"Há 318 dias em Engaging. Nenhum deal do histórico fechou depois de 138 dias; 1291 abertos já passaram disso sem fechar. Não é esforço, é decisão: requalificar ou descartar.",GTX Plus Basic: USD 1.096 em jogo — 5º produto mais caro dos 7.,
1WHXI2RW,Markita Hansen,Celia Rouche,West,GTX Plus Basic,,,Engaging,2017-02-19,315.0,1096.0,Decidir,3,,média,37,31.7,,48.0,Seu histórico em GTX Plus Basic é 21 de 37 (57%) — abaixo da sua média (57%) e da geral (63%).,"Há 315 dias em Engaging. Nenhum deal do histórico fechou depois de 138 dias; 1291 abertos já passaram disso sem fechar. Não é esforço, é decisão: requalificar ou descartar.",GTX Plus Basic: USD 1.096 em jogo — 5º produto mais caro dos 7.,
CYWZJ2AI,Kary Hendrixson,Summer Sewald,West,GTX Plus Basic,Donquadtech,technology,Engaging,2017-02-20,314.0,1096.0,Decidir,3,,ampla,51,41.6,,48.0,Seu histórico em GTX Plus Basic é 30 de 51 (59%) — abaixo da sua média (62%) e da geral (63%).,"Há 314 dias em Engaging. Nenhum deal do histórico fechou depois de 138 dias; 1291 abertos já passaram disso sem fechar. Não é esforço, é decisão: requalificar ou descartar.",GTX Plus Basic: USD 1.096 em jogo — 5º produto mais caro dos 7.,
EW28ZONV,Zane Levy,Summer Sewald,West,GTX Plus Basic,,,Engaging,2017-02-25,309.0,1096.0,Decidir,3,,média,43,43.7,,48.0,Seu histórico em GTX Plus Basic é 26 de 43 (60%) — abaixo da sua média (62%) e da geral (63%).,"Há 309 dias em Engaging. Nenhum deal do histórico fechou depois de 138 dias; 1291 abertos já passaram disso sem fechar. Não é esforço, é decisão: requalificar ou descartar.",GTX Plus Basic: USD 1.096 em jogo — 5º produto mais caro dos 7.,
1H1YDS7C,Maureen Marcano,Summer Sewald,West,GTX Plus Basic,,,Engaging,2017-02-26,308.0,1096.0,Decidir,3,,ampla,70,79.3,,48.0,Você fecha GTX Plus Basic em 52 de 70 deals (74%) — bem acima da média geral (63%).,"Há 308 dias em Engaging. Nenhum deal do histórico fechou depois de 138 dias; 1291 abertos já passaram disso sem fechar. Não é esforço, é decisão: requalificar ou descartar.",GTX Plus Basic: USD 1.096 em jogo — 5º produto mais caro dos 7.,
HVZMZW96,Maureen Marcano,Summer Sewald,West,GTX Plus Basic,,,Engaging,2017-02-26,308.0,1096.0,Decidir,3,,ampla,70,79.3,,48.0,Você fecha GTX Plus Basic em 52 de 70 deals (74%) — bem acima da média geral (63%).,"Há 308 dias em Engaging. Nenhum deal do histórico fechou depois de 138 dias; 1291 abertos já passaram disso sem fechar. Não é esforço, é decisão: requalificar ou descartar.",GTX Plus Basic: USD 1.096 em jogo — 5º produto mais caro dos 7.,
UI3DE2C4,Zane Levy,Summer Sewald,West,GTX Plus Basic,,,Engaging,2017-02-26,308.0,1096.0,Decidir,3,,média,43,43.7,,48.0,Seu histórico em GTX Plus Basic é 26 de 43 (60%) — abaixo da sua média (62%) e da geral (63%).,"Há 308 dias em Engaging. Nenhum deal do histórico fechou depois de 138 dias; 1291 abertos já passaram disso sem fechar. Não é esforço, é decisão: requalificar ou descartar.",GTX Plus Basic: USD 1.096 em jogo — 5º produto mais caro dos 7.,
25FUROM1,Daniell Hammack,Rocco Neubert,East,GTX Plus Basic,Y-corporation,employment,Engaging,2017-02-27,307.0,1096.0,Decidir,3,,ampla,53,39.2,,48.0,Seu histórico em GTX Plus Basic é 31 de 53 (58%) — abaixo da sua média (61%) e da geral (63%).,"Há 307 dias em Engaging. Nenhum deal do histórico fechou depois de 138 dias; 1291 abertos já passaram disso sem fechar. Não é esforço, é decisão: requalificar ou descartar.",GTX Plus Basic: USD 1.096 em jogo — 5º produto mais caro dos 7.,
XRZVJPD5,Maureen Marcano,Summer Sewald,West,GTX Plus Basic,,,Engaging,2017-02-27,307.0,1096.0,Decidir,3,,ampla,70,79.3,,48.0,Você fecha GTX Plus Basic em 52 de 70 deals (74%) — bem acima da média geral (63%).,"Há 307 dias em Engaging. Nenhum deal do histórico fechou depois de 138 dias; 1291 abertos já passaram disso sem fechar. Não é esforço, é decisão: requalificar ou descartar.",GTX Plus Basic: USD 1.096 em jogo — 5º produto mais caro dos 7.,
SX0SSL0H,Rosie Papadopoulos,Cara Losch,East,GTX Plus Basic,,,Engaging,2017-03-06,300.0,1096.0,Decidir,3,,pequena,6,48.1,,48.0,Seu histórico em GTX Plus Basic é 3 de 6 (50%). Base pequena: o score usa 63% (puxado para a sua média de 64%).,"Há 300 dias em Engaging. Nenhum deal do histórico fechou depois de 138 dias; 1291 abertos já passaram disso sem fechar. Não é esforço, é decisão: requalificar ou descartar.",GTX Plus Basic: USD 1.096 em jogo — 5º produto mais caro dos 7.,
81FNO0VM,Wilburn Farren,Cara Losch,East,GTX Plus Basic,,,Engaging,2017-03-07,299.0,1096.0,Decidir,3,,pequena,3,69.4,,48.0,Seu histórico em GTX Plus Basic é 3 de 3 (100%). Base pequena: o score usa 69% (puxado para a sua média de 70%).,"Há 299 dias em Engaging. Nenhum deal do histórico fechou depois de 138 dias; 1291 abertos já passaram disso sem fechar. Não é esforço, é decisão: requalificar ou descartar.",GTX Plus Basic: USD 1.096 em jogo — 5º produto mais caro dos 7.,
9A4H9IAC,James Ascencio,Summer Sewald,West,GTX Plus Basic,,,Engaging,2017-03-07,299.0,1096.0,Decidir,3,,média,23,52.0,,48.0,Você fecha GTX Plus Basic em 14 de 23 deals (61%) — acima da média geral (63%).,"Há 299 dias em Engaging. Nenhum deal do histórico fechou depois de 138 dias; 1291 abertos já passaram disso sem fechar. Não é esforço, é decisão: requalificar ou descartar.",GTX Plus Basic: USD 1.096 em jogo — 5º produto mais caro dos 7.,
SLYFFVBE,Maureen Marcano,Summer Sewald,West,GTX Plus Basic,Blackzim,retail,Engaging,2017-03-07,299.0,1096.0,Decidir,3,,ampla,70,79.3,,48.0,Você fecha GTX Plus Basic em 52 de 70 deals (74%) — bem acima da média geral (63%).,"Há 299 dias em Engaging. Nenhum deal do histórico fechou depois de 138 dias; 1291 abertos já passaram disso sem fechar. Não é esforço, é decisão: requalificar ou descartar.",GTX Plus Basic: USD 1.096 em jogo — 5º produto mais caro dos 7.,
ZQ4QTT1Z,Boris Faz,Rocco Neubert,East,GTX Plus Basic,,,Engaging,2017-03-07,299.0,1096.0,Decidir,3,,média,42,59.3,,48.0,Você fecha GTX Plus Basic em 28 de 42 deals (67%) — acima da média geral (63%).,"Há 299 dias em Engaging. Nenhum deal do histórico fechou depois de 138 dias; 1291 abertos já passaram disso sem fechar. Não é esforço, é decisão: requalificar ou descartar.",GTX Plus Basic: USD 1.096 em jogo — 5º produto mais caro dos 7.,
T1F2I8ED,Corliss Cosme,Cara Losch,East,GTX Plus Basic,,,Engaging,2017-03-09,297.0,1096.0,Decidir,3,,média,44,50.6,,48.0,Você fecha GTX Plus Basic em 27 de 44 deals (61%) — acima da média geral (63%).,"Há 297 dias em Engaging. Nenhum deal do histórico fechou depois de 138 dias; 1291 abertos já passaram disso sem fechar. Não é esforço, é decisão: requalificar ou descartar.",GTX Plus Basic: USD 1.096 em jogo — 5º produto mais caro dos 7.,
7VKQWIXD,Boris Faz,Rocco Neubert,East,GTX Plus Basic,,,Engaging,2017-03-14,292.0,1096.0,Decidir,3,,média,42,59.3,,48.0,Você fecha GTX Plus Basic em 28 de 42 deals (67%) — acima da média geral (63%).,"Há 292 dias em Engaging. Nenhum deal do histórico fechou depois de 138 dias; 1291 abertos já passaram disso sem fechar. Não é esforço, é decisão: requalificar ou descartar.",GTX Plus Basic: USD 1.096 em jogo — 5º produto mais caro dos 7.,
4XZ4RY1N,Wilburn Farren,Cara Losch,East,GTX Plus Basic,,,Engaging,2017-03-15,291.0,1096.0,Decidir,3,,pequena,3,69.4,,48.0,Seu histórico em GTX Plus Basic é 3 de 3 (100%). Base pequena: o score usa 69% (puxado para a sua média de 70%).,"Há 291 dias em Engaging. Nenhum deal do histórico fechou depois de 138 dias; 1291 abertos já passaram disso sem fechar. Não é esforço, é decisão: requalificar ou descartar.",GTX Plus Basic: USD 1.096 em jogo — 5º produto mais caro dos 7.,
OPCLCCQH,Kami Bicknell,Summer Sewald,West,GTX Plus Basic,Konex,technology,Engaging,2017-03-16,290.0,1096.0,Decidir,3,,ampla,50,32.6,,48.0,Seu histórico em GTX Plus Basic é 26 de 50 (52%) — abaixo da sua média (64%) e da geral (63%).,"Há 290 dias em Engaging. Nenhum deal do histórico fechou depois de 138 dias; 1291 abertos já passaram disso sem fechar. Não é esforço, é decisão: requalificar ou descartar.",GTX Plus Basic: USD 1.096 em jogo — 5º produto mais caro dos 7.,
Z0RLNFVY,Boris Faz,Rocco Neubert,East,GTX Plus Basic,,,Engaging,2017-03-16,290.0,1096.0,Decidir,3,,média,42,59.3,,48.0,Você fecha GTX Plus Basic em 28 de 42 deals (67%) — acima da média geral (63%).,"Há 290 dias em Engaging. Nenhum deal do histórico fechou depois de 138 dias; 1291 abertos já passaram disso sem fechar. Não é esforço, é decisão: requalificar ou descartar.",GTX Plus Basic: USD 1.096 em jogo — 5º produto mais caro dos 7.,
DF1011UT,Corliss Cosme,Cara Losch,East,GTX Plus Basic,Konmatfix,marketing,Engaging,2017-03-17,289.0,1096.0,Decidir,3,,média,44,50.6,,48.0,Você fecha GTX Plus Basic em 27 de 44 deals (61%) — acima da média geral (63%).,"Há 289 dias em Engaging. Nenhum deal do histórico fechou depois de 138 dias; 1291 abertos já passaram disso sem fechar. Não é esforço, é decisão: requalificar ou descartar.",GTX Plus Basic: USD 1.096 em jogo — 5º produto mais caro dos 7.,
IBS3H6Z4,Hayden Neloms,Celia Rouche,West,GTX Plus Basic,,,Engaging,2017-03-17,289.0,1096.0,Decidir,3,,média,42,43.5,,48.0,Seu histórico em GTX Plus Basic é 22 de 42 (52%) — abaixo da sua média (70%) e da geral (63%).,"Há 289 dias em Engaging. Nenhum deal do histórico fechou depois de 138 dias; 1291 abertos já passaram disso sem fechar. Não é esforço, é decisão: requalificar ou descartar.",GTX Plus Basic: USD 1.096 em jogo — 5º produto mais caro dos 7.,
3N3RAHXR,Cassey Cress,Rocco Neubert,East,GTX Plus Basic,Nam-zim,services,Engaging,2017-03-19,287.0,1096.0,Decidir,3,,média,43,44.8,,48.0,Seu histórico em GTX Plus Basic é 26 de 43 (60%) — abaixo da sua média (62%) e da geral (63%).,"Há 287 dias em Engaging. Nenhum deal do histórico fechou depois de 138 dias; 1291 abertos já passaram disso sem fechar. Não é esforço, é decisão: requalificar ou descartar.",GTX Plus Basic: USD 1.096 em jogo — 5º produto mais caro dos 7.,
RACLHBXN,Daniell Hammack,Rocco Neubert,East,GTX Plus Basic,,,Engaging,2017-03-19,287.0,1096.0,Decidir,3,,ampla,53,39.2,,48.0,Seu histórico em GTX Plus Basic é 31 de 53 (58%) — abaixo da sua média (61%) e da geral (63%).,"Há 287 dias em Engaging. Nenhum deal do histórico fechou depois de 138 dias; 1291 abertos já passaram disso sem fechar. Não é esforço, é decisão: requalificar ou descartar.",GTX Plus Basic: USD 1.096 em jogo — 5º produto mais caro dos 7.,
K72CEXGZ,Maureen Marcano,Summer Sewald,West,GTX Plus Basic,,,Engaging,2017-03-20,286.0,1096.0,Decidir,3,,ampla,70,79.3,,48.0,Você fecha GTX Plus Basic em 52 de 70 deals (74%) — bem acima da média geral (63%).,"Há 286 dias em Engaging. Nenhum deal do histórico fechou depois de 138 dias; 1291 abertos já passaram disso sem fechar. Não é esforço, é decisão: requalificar ou descartar.",GTX Plus Basic: USD 1.096 em jogo — 5º produto mais caro dos 7.,
P1SGQODJ,Boris Faz,Rocco Neubert,East,GTX Plus Basic,Rangreen,technology,Engaging,2017-03-21,285.0,1096.0,Decidir,3,,média,42,59.3,,48.0,Você fecha GTX Plus Basic em 28 de 42 deals (67%) — acima da média geral (63%).,"Há 285 dias em Engaging. Nenhum deal do histórico fechou depois de 138 dias; 1291 abertos já passaram disso sem fechar. Não é esforço, é decisão: requalificar ou descartar.",GTX Plus Basic: USD 1.096 em jogo — 5º produto mais caro dos 7.,
3F2ZPCSL,Kary Hendrixson,Summer Sewald,West,GTX Plus Basic,,,Engaging,2017-03-25,281.0,1096.0,Decidir,3,,ampla,51,41.6,,48.0,Seu histórico em GTX Plus Basic é 30 de 51 (59%) — abaixo da sua média (62%) e da geral (63%).,"Há 281 dias em Engaging. Nenhum deal do histórico fechou depois de 138 dias; 1291 abertos já passaram disso sem fechar. Não é esforço, é decisão: requalificar ou descartar.",GTX Plus Basic: USD 1.096 em jogo — 5º produto mais caro dos 7.,
0QPZIIPF,Vicki Laflamme,Celia Rouche,West,GTX Plus Basic,Donware,marketing,Engaging,2017-03-27,279.0,1096.0,Decidir,3,,pequena,19,56.0,,48.0,Seu histórico em GTX Plus Basic é 13 de 19 (68%). Base pequena: o score usa 65% (puxado para a sua média de 64%).,"Há 279 dias em Engaging. Nenhum deal do histórico fechou depois de 138 dias; 1291 abertos já passaram disso sem fechar. Não é esforço, é decisão: requalificar ou descartar.",GTX Plus Basic: USD 1.096 em jogo — 5º produto mais caro dos 7.,
H5VBBEVI,Cassey Cress,Rocco Neubert,East,GTX Plus Basic,,,Engaging,2017-04-03,272.0,1096.0,Decidir,3,,média,43,44.8,,48.0,Seu histórico em GTX Plus Basic é 26 de 43 (60%) — abaixo da sua média (62%) e da geral (63%).,"Há 272 dias em Engaging. Nenhum deal do histórico fechou depois de 138 dias; 1291 abertos já passaram disso sem fechar. Não é esforço, é decisão: requalificar ou descartar.",GTX Plus Basic: USD 1.096 em jogo — 5º produto mais caro dos 7.,
Q2BB73WT,Hayden Neloms,Celia Rouche,West,GTX Plus Basic,,,Engaging,2017-04-03,272.0,1096.0,Decidir,3,,média,42,43.5,,48.0,Seu histórico em GTX Plus Basic é 22 de 42 (52%) — abaixo da sua média (70%) e da geral (63%).,"Há 272 dias em Engaging. Nenhum deal do histórico fechou depois de 138 dias; 1291 abertos já passaram disso sem fechar. Não é esforço, é decisão: requalificar ou descartar.",GTX Plus Basic: USD 1.096 em jogo — 5º produto mais caro dos 7.,
XM4VD3NN,Markita Hansen,Celia Rouche,West,GTX Plus Basic,,,Engaging,2017-04-04,271.0,1096.0,Decidir,3,,média,37,31.7,,48.0,Seu histórico em GTX Plus Basic é 21 de 37 (57%) — abaixo da sua média (57%) e da geral (63%).,"Há 271 dias em Engaging. Nenhum deal do histórico fechou depois de 138 dias; 1291 abertos já passaram disso sem fechar. Não é esforço, é decisão: requalificar ou descartar.",GTX Plus Basic: USD 1.096 em jogo — 5º produto mais caro dos 7.,
8254HM4E,Kami Bicknell,Summer Sewald,West,GTX Plus Basic,,,Engaging,2017-04-06,269.0,1096.0,Decidir,3,,ampla,50,32.6,,48.0,Seu histórico em GTX Plus Basic é 26 de 50 (52%) — abaixo da sua média (64%) e da geral (63%).,"Há 269 dias em Engaging. Nenhum deal do histórico fechou depois de 138 dias; 1291 abertos já passaram disso sem fechar. Não é esforço, é decisão: requalificar ou descartar.",GTX Plus Basic: USD 1.096 em jogo — 5º produto mais caro dos 7.,
SKBDCYV5,Zane Levy,Summer Sewald,West,GTX Plus Basic,Zencorporation,technology,Engaging,2017-04-09,266.0,1096.0,Decidir,3,,média,43,43.7,,48.0,Seu histórico em GTX Plus Basic é 26 de 43 (60%) — abaixo da sua média (62%) e da geral (63%).,"Há 266 dias em Engaging. Nenhum deal do histórico fechou depois de 138 dias; 1291 abertos já passaram disso sem fechar. Não é esforço, é decisão: requalificar ou descartar.",GTX Plus Basic: USD 1.096 em jogo — 5º produto mais caro dos 7.,
J58BUYQH,Kary Hendrixson,Summer Sewald,West,GTX Plus Basic,,,Engaging,2017-04-11,264.0,1096.0,Decidir,3,,ampla,51,41.6,,48.0,Seu histórico em GTX Plus Basic é 30 de 51 (59%) — abaixo da sua média (62%) e da geral (63%).,"Há 264 dias em Engaging. Nenhum deal do histórico fechou depois de 138 dias; 1291 abertos já passaram disso sem fechar. Não é esforço, é decisão: requalificar ou descartar.",GTX Plus Basic: USD 1.096 em jogo — 5º produto mais caro dos 7.,
7Y530NLJ,Boris Faz,Rocco Neubert,East,GTX Plus Basic,Genco Pura Olive Oil Company,retail,Engaging,2017-04-12,263.0,1096.0,Decidir,3,,média,42,59.3,,48.0,Você fecha GTX Plus Basic em 28 de 42 deals (67%) — acima da média geral (63%).,"Há 263 dias em Engaging. Nenhum deal do histórico fechou depois de 138 dias; 1291 abertos já passaram disso sem fechar. Não é esforço, é decisão: requalificar ou descartar.",GTX Plus Basic: USD 1.096 em jogo — 5º produto mais caro dos 7.,
K6M3EX4O,Kami Bicknell,Summer Sewald,West,GTX Plus Basic,,,Engaging,2017-04-15,260.0,1096.0,Decidir,3,,ampla,50,32.6,,48.0,Seu histórico em GTX Plus Basic é 26 de 50 (52%) — abaixo da sua média (64%) e da geral (63%).,"Há 260 dias em Engaging. Nenhum deal do histórico fechou depois de 138 dias; 1291 abertos já passaram disso sem fechar. Não é esforço, é decisão: requalificar ou descartar.",GTX Plus Basic: USD 1.096 em jogo — 5º produto mais caro dos 7.,
K8LRZ95S,Maureen Marcano,Summer Sewald,West,GTX Plus Basic,,,Engaging,2017-04-18,257.0,1096.0,Decidir,3,,ampla,70,79.3,,48.0,Você fecha GTX Plus Basic em 52 de 70 deals (74%) — bem acima da média geral (63%).,"Há 257 dias em Engaging. Nenhum deal do histórico fechou depois de 138 dias; 1291 abertos já passaram disso sem fechar. Não é esforço, é decisão: requalificar ou descartar.",GTX Plus Basic: USD 1.096 em jogo — 5º produto mais caro dos 7.,
MRWHJE9P,Cassey Cress,Rocco Neubert,East,GTX Plus Basic,,,Engaging,2017-04-21,254.0,1096.0,Decidir,3,,média,43,44.8,,48.0,Seu histórico em GTX Plus Basic é 26 de 43 (60%) — abaixo da sua média (62%) e da geral (63%).,"Há 254 dias em Engaging. Nenhum deal do histórico fechou depois de 138 dias; 1291 abertos já passaram disso sem fechar. Não é esforço, é decisão: requalificar ou descartar.",GTX Plus Basic: USD 1.096 em jogo — 5º produto mais caro dos 7.,
VY4IVO2W,Kami Bicknell,Summer Sewald,West,GTX Plus Basic,,,Engaging,2017-04-24,251.0,1096.0,Decidir,3,,ampla,50,32.6,,48.0,Seu histórico em GTX Plus Basic é 26 de 50 (52%) — abaixo da sua média (64%) e da geral (63%).,"Há 251 dias em Engaging. Nenhum deal do histórico fechou depois de 138 dias; 1291 abertos já passaram disso sem fechar. Não é esforço, é decisão: requalificar ou descartar.",GTX Plus Basic: USD 1.096 em jogo — 5º produto mais caro dos 7.,
BDUNPUWY,Boris Faz,Rocco Neubert,East,GTX Plus Basic,,,Engaging,2017-04-25,250.0,1096.0,Decidir,3,,média,42,59.3,,48.0,Você fecha GTX Plus Basic em 28 de 42 deals (67%) — acima da média geral (63%).,"Há 250 dias em Engaging. Nenhum deal do histórico fechou depois de 138 dias; 1291 abertos já passaram disso sem fechar. Não é esforço, é decisão: requalificar ou descartar.",GTX Plus Basic: USD 1.096 em jogo — 5º produto mais caro dos 7.,
CEEJ2EN5,Violet Mclelland,Cara Losch,East,GTX Plus Basic,,,Engaging,2017-04-25,250.0,1096.0,Decidir,3,,pequena,17,46.5,,48.0,Seu histórico em GTX Plus Basic é 10 de 17 (59%). Base pequena: o score usa 62% (puxado para a sua média de 63%).,"Há 250 dias em Engaging. Nenhum deal do histórico fechou depois de 138 dias; 1291 abertos já passaram disso sem fechar. Não é esforço, é decisão: requalificar ou descartar.",GTX Plus Basic: USD 1.096 em jogo — 5º produto mais caro dos 7.,
OTJR9SSK,Hayden Neloms,Celia Rouche,West,GTX Plus Basic,,,Engaging,2017-04-25,250.0,1096.0,Decidir,3,,média,42,43.5,,48.0,Seu histórico em GTX Plus Basic é 22 de 42 (52%) — abaixo da sua média (70%) e da geral (63%).,"Há 250 dias em Engaging. Nenhum deal do histórico fechou depois de 138 dias; 1291 abertos já passaram disso sem fechar. Não é esforço, é decisão: requalificar ou descartar.",GTX Plus Basic: USD 1.096 em jogo — 5º produto mais caro dos 7.,
ZH14SZPT,Violet Mclelland,Cara Losch,East,GTX Plus Basic,,,Engaging,2017-04-29,246.0,1096.0,Decidir,3,,pequena,17,46.5,,48.0,Seu histórico em GTX Plus Basic é 10 de 17 (59%). Base pequena: o score usa 62% (puxado para a sua média de 63%).,"Há 246 dias em Engaging. Nenhum deal do histórico fechou depois de 138 dias; 1291 abertos já passaram disso sem fechar. Não é esforço, é decisão: requalificar ou descartar.",GTX Plus Basic: USD 1.096 em jogo — 5º produto mais caro dos 7.,
44Y3J17P,Boris Faz,Rocco Neubert,East,GTX Plus Basic,,,Engaging,2017-05-02,243.0,1096.0,Decidir,3,,média,42,59.3,,48.0,Você fecha GTX Plus Basic em 28 de 42 deals (67%) — acima da média geral (63%).,"Há 243 dias em Engaging. Nenhum deal do histórico fechou depois de 138 dias; 1291 abertos já passaram disso sem fechar. Não é esforço, é decisão: requalificar ou descartar.",GTX Plus Basic: USD 1.096 em jogo — 5º produto mais caro dos 7.,
60NIT1PM,Boris Faz,Rocco Neubert,East,GTX Plus Basic,,,Engaging,2017-05-02,243.0,1096.0,Decidir,3,,média,42,59.3,,48.0,Você fecha GTX Plus Basic em 28 de 42 deals (67%) — acima da média geral (63%).,"Há 243 dias em Engaging. Nenhum deal do histórico fechou depois de 138 dias; 1291 abertos já passaram disso sem fechar. Não é esforço, é decisão: requalificar ou descartar.",GTX Plus Basic: USD 1.096 em jogo — 5º produto mais caro dos 7.,
LCQ934W7,Cassey Cress,Rocco Neubert,East,GTX Plus Basic,Xx-holding,finance,Engaging,2017-05-05,240.0,1096.0,Decidir,3,,média,43,44.8,,48.0,Seu histórico em GTX Plus Basic é 26 de 43 (60%) — abaixo da sua média (62%) e da geral (63%).,"Há 240 dias em Engaging. Nenhum deal do histórico fechou depois de 138 dias; 1291 abertos já passaram disso sem fechar. Não é esforço, é decisão: requalificar ou descartar.",GTX Plus Basic: USD 1.096 em jogo — 5º produto mais caro dos 7.,
Z236WCM1,Kary Hendrixson,Summer Sewald,West,GTX Plus Basic,Vehement Capital Partners,finance,Engaging,2017-05-05,240.0,1096.0,Decidir,3,,ampla,51,41.6,,48.0,Seu histórico em GTX Plus Basic é 30 de 51 (59%) — abaixo da sua média (62%) e da geral (63%).,"Há 240 dias em Engaging. Nenhum deal do histórico fechou depois de 138 dias; 1291 abertos já passaram disso sem fechar. Não é esforço, é decisão: requalificar ou descartar.",GTX Plus Basic: USD 1.096 em jogo — 5º produto mais caro dos 7.,
J71N4WQ6,Markita Hansen,Celia Rouche,West,GTX Plus Basic,,,Engaging,2017-05-06,239.0,1096.0,Decidir,3,,média,37,31.7,,48.0,Seu histórico em GTX Plus Basic é 21 de 37 (57%) — abaixo da sua média (57%) e da geral (63%).,"Há 239 dias em Engaging. Nenhum deal do histórico fechou depois de 138 dias; 1291 abertos já passaram disso sem fechar. Não é esforço, é decisão: requalificar ou descartar.",GTX Plus Basic: USD 1.096 em jogo — 5º produto mais caro dos 7.,
RIC5ZHK4,Corliss Cosme,Cara Losch,East,GTX Plus Basic,Plussunin,retail,Engaging,2017-05-07,238.0,1096.0,Decidir,3,,média,44,50.6,,48.0,Você fecha GTX Plus Basic em 27 de 44 deals (61%) — acima da média geral (63%).,"Há 238 dias em Engaging. Nenhum deal do histórico fechou depois de 138 dias; 1291 abertos já passaram disso sem fechar. Não é esforço, é decisão: requalificar ou descartar.",GTX Plus Basic: USD 1.096 em jogo — 5º produto mais caro dos 7.,
0AQGBN7B,Maureen Marcano,Summer Sewald,West,GTX Plus Basic,,,Engaging,2017-05-08,237.0,1096.0,Decidir,3,,ampla,70,79.3,,48.0,Você fecha GTX Plus Basic em 52 de 70 deals (74%) — bem acima da média geral (63%).,"Há 237 dias em Engaging. Nenhum deal do histórico fechou depois de 138 dias; 1291 abertos já passaram disso sem fechar. Não é esforço, é decisão: requalificar ou descartar.",GTX Plus Basic: USD 1.096 em jogo — 5º produto mais caro dos 7.,
8SVMGDPA,Maureen Marcano,Summer Sewald,West,GTX Plus Basic,Donquadtech,technology,Engaging,2017-05-09,236.0,1096.0,Decidir,3,,ampla,70,79.3,,48.0,Você fecha GTX Plus Basic em 52 de 70 deals (74%) — bem acima da média geral (63%).,"Há 236 dias em Engaging. Nenhum deal do histórico fechou depois de 138 dias; 1291 abertos já passaram disso sem fechar. Não é esforço, é decisão: requalificar ou descartar.",GTX Plus Basic: USD 1.096 em jogo — 5º produto mais caro dos 7.,
K5GFWLKM,Boris Faz,Rocco Neubert,East,GTX Plus Basic,,,Engaging,2017-05-09,236.0,1096.0,Decidir,3,,média,42,59.3,,48.0,Você fecha GTX Plus Basic em 28 de 42 deals (67%) — acima da média geral (63%).,"Há 236 dias em Engaging. Nenhum deal do histórico fechou depois de 138 dias; 1291 abertos já passaram disso sem fechar. Não é esforço, é decisão: requalificar ou descartar.",GTX Plus Basic: USD 1.096 em jogo — 5º produto mais caro dos 7.,
BJO24Z5A,Cassey Cress,Rocco Neubert,East,GTX Plus Basic,,,Engaging,2017-05-14,231.0,1096.0,Decidir,3,,média,43,44.8,,48.0,Seu histórico em GTX Plus Basic é 26 de 43 (60%) — abaixo da sua média (62%) e da geral (63%).,"Há 231 dias em Engaging. Nenhum deal do histórico fechou depois de 138 dias; 1291 abertos já passaram disso sem fechar. Não é esforço, é decisão: requalificar ou descartar.",GTX Plus Basic: USD 1.096 em jogo — 5º produto mais caro dos 7.,
T4FQOS6J,Maureen Marcano,Summer Sewald,West,GTX Plus Basic,Opentech,finance,Engaging,2017-05-14,231.0,1096.0,Decidir,3,,ampla,70,79.3,,48.0,Você fecha GTX Plus Basic em 52 de 70 deals (74%) — bem acima da média geral (63%).,"Há 231 dias em Engaging. Nenhum deal do histórico fechou depois de 138 dias; 1291 abertos já passaram disso sem fechar. Não é esforço, é decisão: requalificar ou descartar.",GTX Plus Basic: USD 1.096 em jogo — 5º produto mais caro dos 7.,
M3IMVC9G,Rosalina Dieter,Celia Rouche,West,GTX Plus Basic,,,Engaging,2017-05-16,229.0,1096.0,Decidir,3,,pequena,5,59.9,,48.0,Seu histórico em GTX Plus Basic é 4 de 5 (80%). Base pequena: o score usa 66% (puxado para a sua média de 65%).,"Há 229 dias em Engaging. Nenhum deal do histórico fechou depois de 138 dias; 1291 abertos já passaram disso sem fechar. Não é esforço, é decisão: requalificar ou descartar.",GTX Plus Basic: USD 1.096 em jogo — 5º produto mais caro dos 7.,
XRO7PMA2,Cassey Cress,Rocco Neubert,East,GTX Plus Basic,,,Engaging,2017-05-17,228.0,1096.0,Decidir,3,,média,43,44.8,,48.0,Seu histórico em GTX Plus Basic é 26 de 43 (60%) — abaixo da sua média (62%) e da geral (63%).,"Há 228 dias em Engaging. Nenhum deal do histórico fechou depois de 138 dias; 1291 abertos já passaram disso sem fechar. Não é esforço, é decisão: requalificar ou descartar.",GTX Plus Basic: USD 1.096 em jogo — 5º produto mais caro dos 7.,
7D75QXBD,Kary Hendrixson,Summer Sewald,West,GTX Plus Basic,Groovestreet,retail,Engaging,2017-05-18,227.0,1096.0,Decidir,3,,ampla,51,41.6,,48.0,Seu histórico em GTX Plus Basic é 30 de 51 (59%) — abaixo da sua média (62%) e da geral (63%).,"Há 227 dias em Engaging. Nenhum deal do histórico fechou depois de 138 dias; 1291 abertos já passaram disso sem fechar. Não é esforço, é decisão: requalificar ou descartar.",GTX Plus Basic: USD 1.096 em jogo — 5º produto mais caro dos 7.,
BRFHWGVC,Kary Hendrixson,Summer Sewald,West,GTX Plus Basic,,,Engaging,2017-05-19,226.0,1096.0,Decidir,3,,ampla,51,41.6,,48.0,Seu histórico em GTX Plus Basic é 30 de 51 (59%) — abaixo da sua média (62%) e da geral (63%).,"Há 226 dias em Engaging. Nenhum deal do histórico fechou depois de 138 dias; 1291 abertos já passaram disso sem fechar. Não é esforço, é decisão: requalificar ou descartar.",GTX Plus Basic: USD 1.096 em jogo — 5º produto mais caro dos 7.,
U177IWW0,Maureen Marcano,Summer Sewald,West,GTX Plus Basic,,,Engaging,2017-05-22,223.0,1096.0,Decidir,3,,ampla,70,79.3,,48.0,Você fecha GTX Plus Basic em 52 de 70 deals (74%) — bem acima da média geral (63%).,"Há 223 dias em Engaging. Nenhum deal do histórico fechou depois de 138 dias; 1291 abertos já passaram disso sem fechar. Não é esforço, é decisão: requalificar ou descartar.",GTX Plus Basic: USD 1.096 em jogo — 5º produto mais caro dos 7.,
WM7XURV6,Corliss Cosme,Cara Losch,East,GTX Plus Basic,Groovestreet,retail,Engaging,2017-05-22,223.0,1096.0,Decidir,3,,média,44,50.6,,48.0,Você fecha GTX Plus Basic em 27 de 44 deals (61%) — acima da média geral (63%).,"Há 223 dias em Engaging. Nenhum deal do histórico fechou depois de 138 dias; 1291 abertos já passaram disso sem fechar. Não é esforço, é decisão: requalificar ou descartar.",GTX Plus Basic: USD 1.096 em jogo — 5º produto mais caro dos 7.,
3H3TNCP5,James Ascencio,Summer Sewald,West,GTX Plus Basic,Condax,medical,Engaging,2017-05-23,222.0,1096.0,Decidir,3,,média,23,52.0,,48.0,Você fecha GTX Plus Basic em 14 de 23 deals (61%) — acima da média geral (63%).,"Há 222 dias em Engaging. Nenhum deal do histórico fechou depois de 138 dias; 1291 abertos já passaram disso sem fechar. Não é esforço, é decisão: requalificar ou descartar.",GTX Plus Basic: USD 1.096 em jogo — 5º produto mais caro dos 7.,
HYSOZRCG,Boris Faz,Rocco Neubert,East,GTX Plus Basic,,,Engaging,2017-05-23,222.0,1096.0,Decidir,3,,média,42,59.3,,48.0,Você fecha GTX Plus Basic em 28 de 42 deals (67%) — acima da média geral (63%).,"Há 222 dias em Engaging. Nenhum deal do histórico fechou depois de 138 dias; 1291 abertos já passaram disso sem fechar. Não é esforço, é decisão: requalificar ou descartar.",GTX Plus Basic: USD 1.096 em jogo — 5º produto mais caro dos 7.,
IBZI95HI,James Ascencio,Summer Sewald,West,GTX Plus Basic,Zoomit,entertainment,Engaging,2017-05-26,219.0,1096.0,Decidir,3,,média,23,52.0,,48.0,Você fecha GTX Plus Basic em 14 de 23 deals (61%) — acima da média geral (63%).,"Há 219 dias em Engaging. Nenhum deal do histórico fechou depois de 138 dias; 1291 abertos já passaram disso sem fechar. Não é esforço, é decisão: requalificar ou descartar.",GTX Plus Basic: USD 1.096 em jogo — 5º produto mais caro dos 7.,
BO1ZOZG2,Kary Hendrixson,Summer Sewald,West,GTX Plus Basic,Ontomedia,employment,Engaging,2017-05-28,217.0,1096.0,Decidir,3,,ampla,51,41.6,,48.0,Seu histórico em GTX Plus Basic é 30 de 51 (59%) — abaixo da sua média (62%) e da geral (63%).,"Há 217 dias em Engaging. Nenhum deal do histórico fechou depois de 138 dias; 1291 abertos já passaram disso sem fechar. Não é esforço, é decisão: requalificar ou descartar.",GTX Plus Basic: USD 1.096 em jogo — 5º produto mais caro dos 7.,
MPME6VZD,Kami Bicknell,Summer Sewald,West,GTX Plus Basic,Dontechi,software,Engaging,2017-05-29,216.0,1096.0,Decidir,3,,ampla,50,32.6,,48.0,Seu histórico em GTX Plus Basic é 26 de 50 (52%) — abaixo da sua média (64%) e da geral (63%).,"Há 216 dias em Engaging. Nenhum deal do histórico fechou depois de 138 dias; 1291 abertos já passaram disso sem fechar. Não é esforço, é decisão: requalificar ou descartar.",GTX Plus Basic: USD 1.096 em jogo — 5º produto mais caro dos 7.,
GIPPUV2F,Hayden Neloms,Celia Rouche,West,GTX Plus Basic,Nam-zim,services,Engaging,2017-05-31,214.0,1096.0,Decidir,3,,média,42,43.5,,48.0,Seu histórico em GTX Plus Basic é 22 de 42 (52%) — abaixo da sua média (70%) e da geral (63%).,"Há 214 dias em Engaging. Nenhum deal do histórico fechou depois de 138 dias; 1291 abertos já passaram disso sem fechar. Não é esforço, é decisão: requalificar ou descartar.",GTX Plus Basic: USD 1.096 em jogo — 5º produto mais caro dos 7.,
F8QQEW1W,Kami Bicknell,Summer Sewald,West,GTX Plus Basic,,,Engaging,2017-06-04,210.0,1096.0,Decidir,3,,ampla,50,32.6,,48.0,Seu histórico em GTX Plus Basic é 26 de 50 (52%) — abaixo da sua média (64%) e da geral (63%).,"Há 210 dias em Engaging. Nenhum deal do histórico fechou depois de 138 dias; 1291 abertos já passaram disso sem fechar. Não é esforço, é decisão: requalificar ou descartar.",GTX Plus Basic: USD 1.096 em jogo — 5º produto mais caro dos 7.,
R9AVNYCO,Zane Levy,Summer Sewald,West,GTX Plus Basic,Conecom,technology,Engaging,2017-06-07,207.0,1096.0,Decidir,3,,média,43,43.7,,48.0,Seu histórico em GTX Plus Basic é 26 de 43 (60%) — abaixo da sua média (62%) e da geral (63%).,"Há 207 dias em Engaging. Nenhum deal do histórico fechou depois de 138 dias; 1291 abertos já passaram disso sem fechar. Não é esforço, é decisão: requalificar ou descartar.",GTX Plus Basic: USD 1.096 em jogo — 5º produto mais caro dos 7.,
BJJQSJD8,Daniell Hammack,Rocco Neubert,East,GTX Plus Basic,Zotware,software,Engaging,2017-06-09,205.0,1096.0,Decidir,3,,ampla,53,39.2,,48.0,Seu histórico em GTX Plus Basic é 31 de 53 (58%) — abaixo da sua média (61%) e da geral (63%).,"Há 205 dias em Engaging. Nenhum deal do histórico fechou depois de 138 dias; 1291 abertos já passaram disso sem fechar. Não é esforço, é decisão: requalificar ou descartar.",GTX Plus Basic: USD 1.096 em jogo — 5º produto mais caro dos 7.,
T56J7ES7,Kami Bicknell,Summer Sewald,West,GTX Plus Basic,Nam-zim,services,Engaging,2017-06-09,205.0,1096.0,Decidir,3,,ampla,50,32.6,,48.0,Seu histórico em GTX Plus Basic é 26 de 50 (52%) — abaixo da sua média (64%) e da geral (63%).,"Há 205 dias em Engaging. Nenhum deal do histórico fechou depois de 138 dias; 1291 abertos já passaram disso sem fechar. Não é esforço, é decisão: requalificar ou descartar.",GTX Plus Basic: USD 1.096 em jogo — 5º produto mais caro dos 7.,
5653N8BM,Rosie Papadopoulos,Cara Losch,East,GTX Plus Basic,Zoomit,entertainment,Engaging,2017-06-11,203.0,1096.0,Decidir,3,,pequena,6,48.1,,48.0,Seu histórico em GTX Plus Basic é 3 de 6 (50%). Base pequena: o score usa 63% (puxado para a sua média de 64%).,"Há 203 dias em Engaging. Nenhum deal do histórico fechou depois de 138 dias; 1291 abertos já passaram disso sem fechar. Não é esforço, é decisão: requalificar ou descartar.",GTX Plus Basic: USD 1.096 em jogo — 5º produto mais caro dos 7.,
SE6OIGYN,Violet Mclelland,Cara Losch,East,GTX Plus Basic,Isdom,medical,Engaging,2017-06-12,202.0,1096.0,Decidir,3,,pequena,17,46.5,,48.0,Seu histórico em GTX Plus Basic é 10 de 17 (59%). Base pequena: o score usa 62% (puxado para a sua média de 63%).,"Há 202 dias em Engaging. Nenhum deal do histórico fechou depois de 138 dias; 1291 abertos já passaram disso sem fechar. Não é esforço, é decisão: requalificar ou descartar.",GTX Plus Basic: USD 1.096 em jogo — 5º produto mais caro dos 7.,
TNWCER5C,Rosie Papadopoulos,Cara Losch,East,GTX Plus Basic,,,Engaging,2017-06-12,202.0,1096.0,Decidir,3,,pequena,6,48.1,,48.0,Seu histórico em GTX Plus Basic é 3 de 6 (50%). Base pequena: o score usa 63% (puxado para a sua média de 64%).,"Há 202 dias em Engaging. Nenhum deal do histórico fechou depois de 138 dias; 1291 abertos já passaram disso sem fechar. Não é esforço, é decisão: requalificar ou descartar.",GTX Plus Basic: USD 1.096 em jogo — 5º produto mais caro dos 7.,
WA4TPQ5U,Maureen Marcano,Summer Sewald,West,GTX Plus Basic,Zoomit,entertainment,Engaging,2017-06-13,201.0,1096.0,Decidir,3,,ampla,70,79.3,,48.0,Você fecha GTX Plus Basic em 52 de 70 deals (74%) — bem acima da média geral (63%).,"Há 201 dias em Engaging. Nenhum deal do histórico fechou depois de 138 dias; 1291 abertos já passaram disso sem fechar. Não é esforço, é decisão: requalificar ou descartar.",GTX Plus Basic: USD 1.096 em jogo — 5º produto mais caro dos 7.,
JS5N8USN,Corliss Cosme,Cara Losch,East,GTX Plus Basic,,,Engaging,2017-06-14,200.0,1096.0,Decidir,3,,média,44,50.6,,48.0,Você fecha GTX Plus Basic em 27 de 44 deals (61%) — acima da média geral (63%).,"Há 200 dias em Engaging. Nenhum deal do histórico fechou depois de 138 dias; 1291 abertos já passaram disso sem fechar. Não é esforço, é decisão: requalificar ou descartar.",GTX Plus Basic: USD 1.096 em jogo — 5º produto mais caro dos 7.,
NEFPSWOJ,Markita Hansen,Celia Rouche,West,GTX Plus Basic,Toughzap,retail,Engaging,2017-06-16,198.0,1096.0,Decidir,3,,média,37,31.7,,48.0,Seu histórico em GTX Plus Basic é 21 de 37 (57%) — abaixo da sua média (57%) e da geral (63%).,"Há 198 dias em Engaging. Nenhum deal do histórico fechou depois de 138 dias; 1291 abertos já passaram disso sem fechar. Não é esforço, é decisão: requalificar ou descartar.",GTX Plus Basic: USD 1.096 em jogo — 5º produto mais caro dos 7.,
H3DYTZIQ,Cassey Cress,Rocco Neubert,East,GTX Plus Basic,Scottech,marketing,Engaging,2017-06-18,196.0,1096.0,Decidir,3,,média,43,44.8,,48.0,Seu histórico em GTX Plus Basic é 26 de 43 (60%) — abaixo da sua média (62%) e da geral (63%).,"Há 196 dias em Engaging. Nenhum deal do histórico fechou depois de 138 dias; 1291 abertos já passaram disso sem fechar. Não é esforço, é decisão: requalificar ou descartar.",GTX Plus Basic: USD 1.096 em jogo — 5º produto mais caro dos 7.,
961ED0B1,Corliss Cosme,Cara Losch,East,GTX Plus Basic,,,Engaging,2017-06-19,195.0,1096.0,Decidir,3,,média,44,50.6,,48.0,Você fecha GTX Plus Basic em 27 de 44 deals (61%) — acima da média geral (63%).,"Há 195 dias em Engaging. Nenhum deal do histórico fechou depois de 138 dias; 1291 abertos já passaram disso sem fechar. Não é esforço, é decisão: requalificar ou descartar.",GTX Plus Basic: USD 1.096 em jogo — 5º produto mais caro dos 7.,
LLQCQOCR,Kary Hendrixson,Summer Sewald,West,GTX Plus Basic,,,Engaging,2017-06-19,195.0,1096.0,Decidir,3,,ampla,51,41.6,,48.0,Seu histórico em GTX Plus Basic é 30 de 51 (59%) — abaixo da sua média (62%) e da geral (63%).,"Há 195 dias em Engaging. Nenhum deal do histórico fechou depois de 138 dias; 1291 abertos já passaram disso sem fechar. Não é esforço, é decisão: requalificar ou descartar.",GTX Plus Basic: USD 1.096 em jogo — 5º produto mais caro dos 7.,
10THTNLC,Zane Levy,Summer Sewald,West,GTX Plus Basic,,,Engaging,2017-06-22,192.0,1096.0,Decidir,3,,média,43,43.7,,48.0,Seu histórico em GTX Plus Basic é 26 de 43 (60%) — abaixo da sua média (62%) e da geral (63%).,"Há 192 dias em Engaging. Nenhum deal do histórico fechou depois de 138 dias; 1291 abertos já passaram disso sem fechar. Não é esforço, é decisão: requalificar ou descartar.",GTX Plus Basic: USD 1.096 em jogo — 5º produto mais caro dos 7.,
ND0OV6MQ,Kary Hendrixson,Summer Sewald,West,GTX Plus Basic,,,Engaging,2017-06-26,188.0,1096.0,Decidir,3,,ampla,51,41.6,,48.0,Seu histórico em GTX Plus Basic é 30 de 51 (59%) — abaixo da sua média (62%) e da geral (63%).,"Há 188 dias em Engaging. Nenhum deal do histórico fechou depois de 138 dias; 1291 abertos já passaram disso sem fechar. Não é esforço, é decisão: requalificar ou descartar.",GTX Plus Basic: USD 1.096 em jogo — 5º produto mais caro dos 7.,
ZD1X3R4G,Corliss Cosme,Cara Losch,East,GTX Plus Basic,,,Engaging,2017-06-29,185.0,1096.0,Decidir,3,,média,44,50.6,,48.0,Você fecha GTX Plus Basic em 27 de 44 deals (61%) — acima da média geral (63%).,"Há 185 dias em Engaging. Nenhum deal do histórico fechou depois de 138 dias; 1291 abertos já passaram disso sem fechar. Não é esforço, é decisão: requalificar ou descartar.",GTX Plus Basic: USD 1.096 em jogo — 5º produto mais caro dos 7.,
3T23AW36,James Ascencio,Summer Sewald,West,GTX Plus Basic,,,Engaging,2017-06-30,184.0,1096.0,Decidir,3,,média,23,52.0,,48.0,Você fecha GTX Plus Basic em 14 de 23 deals (61%) — acima da média geral (63%).,"Há 184 dias em Engaging. Nenhum deal do histórico fechou depois de 138 dias; 1291 abertos já passaram disso sem fechar. Não é esforço, é decisão: requalificar ou descartar.",GTX Plus Basic: USD 1.096 em jogo — 5º produto mais caro dos 7.,
BMH2FEGF,Boris Faz,Rocco Neubert,East,GTX Plus Basic,,,Engaging,2017-06-30,184.0,1096.0,Decidir,3,,média,42,59.3,,48.0,Você fecha GTX Plus Basic em 28 de 42 deals (67%) — acima da média geral (63%).,"Há 184 dias em Engaging. Nenhum deal do histórico fechou depois de 138 dias; 1291 abertos já passaram disso sem fechar. Não é esforço, é decisão: requalificar ou descartar.",GTX Plus Basic: USD 1.096 em jogo — 5º produto mais caro dos 7.,
AR33M33M,Hayden Neloms,Celia Rouche,West,GTX Plus Basic,,,Engaging,2017-07-01,183.0,1096.0,Decidir,3,,média,42,43.5,,48.0,Seu histórico em GTX Plus Basic é 22 de 42 (52%) — abaixo da sua média (70%) e da geral (63%).,"Há 183 dias em Engaging. Nenhum deal do histórico fechou depois de 138 dias; 1291 abertos já passaram disso sem fechar. Não é esforço, é decisão: requalificar ou descartar.",GTX Plus Basic: USD 1.096 em jogo — 5º produto mais caro dos 7.,
JUHQ1POT,Boris Faz,Rocco Neubert,East,GTX Plus Basic,Streethex,retail,Engaging,2017-07-01,183.0,1096.0,Decidir,3,,média,42,59.3,,48.0,Você fecha GTX Plus Basic em 28 de 42 deals (67%) — acima da média geral (63%).,"Há 183 dias em Engaging. Nenhum deal do histórico fechou depois de 138 dias; 1291 abertos já passaram disso sem fechar. Não é esforço, é decisão: requalificar ou descartar.",GTX Plus Basic: USD 1.096 em jogo — 5º produto mais caro dos 7.,
HIV4W2E0,Kary Hendrixson,Summer Sewald,West,GTX Plus Basic,Betasoloin,medical,Engaging,2017-07-02,182.0,1096.0,Decidir,3,,ampla,51,41.6,,48.0,Seu histórico em GTX Plus Basic é 30 de 51 (59%) — abaixo da sua média (62%) e da geral (63%).,"Há 182 dias em Engaging. Nenhum deal do histórico fechou depois de 138 dias; 1291 abertos já passaram disso sem fechar. Não é esforço, é decisão: requalificar ou descartar.",GTX Plus Basic: USD 1.096 em jogo — 5º produto mais caro dos 7.,
Z9S1ZX7W,Daniell Hammack,Rocco Neubert,East,GTX Plus Basic,Condax,medical,Engaging,2017-07-02,182.0,1096.0,Decidir,3,,ampla,53,39.2,,48.0,Seu histórico em GTX Plus Basic é 31 de 53 (58%) — abaixo da sua média (61%) e da geral (63%).,"Há 182 dias em Engaging. Nenhum deal do histórico fechou depois de 138 dias; 1291 abertos já passaram disso sem fechar. Não é esforço, é decisão: requalificar ou descartar.",GTX Plus Basic: USD 1.096 em jogo — 5º produto mais caro dos 7.,
BRFZCNMP,Corliss Cosme,Cara Losch,East,GTX Plus Basic,,,Engaging,2017-07-06,178.0,1096.0,Decidir,3,,média,44,50.6,,48.0,Você fecha GTX Plus Basic em 27 de 44 deals (61%) — acima da média geral (63%).,"Há 178 dias em Engaging. Nenhum deal do histórico fechou depois de 138 dias; 1291 abertos já passaram disso sem fechar. Não é esforço, é decisão: requalificar ou descartar.",GTX Plus Basic: USD 1.096 em jogo — 5º produto mais caro dos 7.,
5M5TW9RC,Cassey Cress,Rocco Neubert,East,GTX Plus Basic,Umbrella Corporation,finance,Engaging,2017-07-07,177.0,1096.0,Decidir,3,,média,43,44.8,,48.0,Seu histórico em GTX Plus Basic é 26 de 43 (60%) — abaixo da sua média (62%) e da geral (63%).,"Há 177 dias em Engaging. Nenhum deal do histórico fechou depois de 138 dias; 1291 abertos já passaram disso sem fechar. Não é esforço, é decisão: requalificar ou descartar.",GTX Plus Basic: USD 1.096 em jogo — 5º produto mais caro dos 7.,
0D37PQA0,Violet Mclelland,Cara Losch,East,GTX Plus Basic,,,Engaging,2017-07-08,176.0,1096.0,Decidir,3,,pequena,17,46.5,,48.0,Seu histórico em GTX Plus Basic é 10 de 17 (59%). Base pequena: o score usa 62% (puxado para a sua média de 63%).,"Há 176 dias em Engaging. Nenhum deal do histórico fechou depois de 138 dias; 1291 abertos já passaram disso sem fechar. Não é esforço, é decisão: requalificar ou descartar.",GTX Plus Basic: USD 1.096 em jogo — 5º produto mais caro dos 7.,
HI9S2MRZ,Elease Gluck,Celia Rouche,West,GTX Plus Basic,,,Engaging,2017-07-09,175.0,1096.0,Decidir,3,,pequena,7,54.1,,48.0,Seu histórico em GTX Plus Basic é 5 de 7 (71%). Base pequena: o score usa 64% (puxado para a sua média de 63%).,"Há 175 dias em Engaging. Nenhum deal do histórico fechou depois de 138 dias; 1291 abertos já passaram disso sem fechar. Não é esforço, é decisão: requalificar ou descartar.",GTX Plus Basic: USD 1.096 em jogo — 5º produto mais caro dos 7.,
YVDQ80A0,Maureen Marcano,Summer Sewald,West,GTX Plus Basic,,,Engaging,2017-07-15,169.0,1096.0,Decidir,3,,ampla,70,79.3,,48.0,Você fecha GTX Plus Basic em 52 de 70 deals (74%) — bem acima da média geral (63%).,"Há 169 dias em Engaging. Nenhum deal do histórico fechou depois de 138 dias; 1291 abertos já passaram disso sem fechar. Não é esforço, é decisão: requalificar ou descartar.",GTX Plus Basic: USD 1.096 em jogo — 5º produto mais caro dos 7.,
MIXJ9F4F,Maureen Marcano,Summer Sewald,West,GTX Plus Basic,,,Engaging,2017-07-18,166.0,1096.0,Decidir,3,,ampla,70,79.3,,48.0,Você fecha GTX Plus Basic em 52 de 70 deals (74%) — bem acima da média geral (63%).,"Há 166 dias em Engaging. Nenhum deal do histórico fechou depois de 138 dias; 1291 abertos já passaram disso sem fechar. Não é esforço, é decisão: requalificar ou descartar.",GTX Plus Basic: USD 1.096 em jogo — 5º produto mais caro dos 7.,
O28I4VDY,Corliss Cosme,Cara Losch,East,GTX Plus Basic,,,Engaging,2017-07-18,166.0,1096.0,Decidir,3,,média,44,50.6,,48.0,Você fecha GTX Plus Basic em 27 de 44 deals (61%) — acima da média geral (63%).,"Há 166 dias em Engaging. Nenhum deal do histórico fechou depois de 138 dias; 1291 abertos já passaram disso sem fechar. Não é esforço, é decisão: requalificar ou descartar.",GTX Plus Basic: USD 1.096 em jogo — 5º produto mais caro dos 7.,
LORMJLTE,Lajuana Vencill,Dustin Brinkmann,Central,GTX Plus Basic,Konmatfix,marketing,Engaging,2017-07-19,165.0,1096.0,Decidir,3,,média,25,31.6,,48.0,Seu histórico em GTX Plus Basic é 15 de 25 (60%) — abaixo da média geral (63%).,"Há 165 dias em Engaging. Nenhum deal do histórico fechou depois de 138 dias; 1291 abertos já passaram disso sem fechar. Não é esforço, é decisão: requalificar ou descartar.",GTX Plus Basic: USD 1.096 em jogo — 5º produto mais caro dos 7.,
29W6WPLA,Jonathan Berthelot,Melvin Marxen,Central,GTX Plus Basic,Gekko & Co,retail,Engaging,2017-07-20,164.0,1096.0,Decidir,3,,ampla,54,51.9,,48.0,Você fecha GTX Plus Basic em 34 de 54 deals (63%) — acima da média geral (63%).,"Há 164 dias em Engaging. Nenhum deal do histórico fechou depois de 138 dias; 1291 abertos já passaram disso sem fechar. Não é esforço, é decisão: requalificar ou descartar.",GTX Plus Basic: USD 1.096 em jogo — 5º produto mais caro dos 7.,
AERVH1AC,Niesha Huffines,Melvin Marxen,Central,GTX Plus Basic,,,Engaging,2017-07-20,164.0,1096.0,Decidir,3,,ampla,54,49.0,,48.0,Seu histórico em GTX Plus Basic é 35 de 54 (65%) — abaixo da média geral (63%).,"Há 164 dias em Engaging. Nenhum deal do histórico fechou depois de 138 dias; 1291 abertos já passaram disso sem fechar. Não é esforço, é decisão: requalificar ou descartar.",GTX Plus Basic: USD 1.096 em jogo — 5º produto mais caro dos 7.,
CDVDL9I5,Jonathan Berthelot,Melvin Marxen,Central,GTX Plus Basic,,,Engaging,2017-07-20,164.0,1096.0,Decidir,3,,ampla,54,51.9,,48.0,Você fecha GTX Plus Basic em 34 de 54 deals (63%) — acima da média geral (63%).,"Há 164 dias em Engaging. Nenhum deal do histórico fechou depois de 138 dias; 1291 abertos já passaram disso sem fechar. Não é esforço, é decisão: requalificar ou descartar.",GTX Plus Basic: USD 1.096 em jogo — 5º produto mais caro dos 7.,
GEQ7KT9J,Wilburn Farren,Cara Losch,East,GTX Plus Basic,Plussunin,retail,Engaging,2017-07-20,164.0,1096.0,Decidir,3,,pequena,3,69.4,,48.0,Seu histórico em GTX Plus Basic é 3 de 3 (100%). Base pequena: o score usa 69% (puxado para a sua média de 70%).,"Há 164 dias em Engaging. Nenhum deal do histórico fechou depois de 138 dias; 1291 abertos já passaram disso sem fechar. Não é esforço, é decisão: requalificar ou descartar.",GTX Plus Basic: USD 1.096 em jogo — 5º produto mais caro dos 7.,
KRWKDPWW,Darcel Schlecht,Melvin Marxen,Central,GTX Plus Basic,,,Engaging,2017-07-20,164.0,1096.0,Decidir,3,,ampla,83,58.9,,48.0,Você fecha GTX Plus Basic em 56 de 83 deals (67%) — acima da média geral (63%).,"Há 164 dias em Engaging. Nenhum deal do histórico fechou depois de 138 dias; 1291 abertos já passaram disso sem fechar. Não é esforço, é decisão: requalificar ou descartar.",GTX Plus Basic: USD 1.096 em jogo — 5º produto mais caro dos 7.,
LHBWJAD3,Darcel Schlecht,Melvin Marxen,Central,GTX Plus Basic,,,Engaging,2017-07-20,164.0,1096.0,Decidir,3,,ampla,83,58.9,,48.0,Você fecha GTX Plus Basic em 56 de 83 deals (67%) — acima da média geral (63%).,"Há 164 dias em Engaging. Nenhum deal do histórico fechou depois de 138 dias; 1291 abertos já passaram disso sem fechar. Não é esforço, é decisão: requalificar ou descartar.",GTX Plus Basic: USD 1.096 em jogo — 5º produto mais caro dos 7.,
NSO0UHK1,Daniell Hammack,Rocco Neubert,East,GTX Plus Basic,,,Engaging,2017-07-20,164.0,1096.0,Decidir,3,,ampla,53,39.2,,48.0,Seu histórico em GTX Plus Basic é 31 de 53 (58%) — abaixo da sua média (61%) e da geral (63%).,"Há 164 dias em Engaging. Nenhum deal do histórico fechou depois de 138 dias; 1291 abertos já passaram disso sem fechar. Não é esforço, é decisão: requalificar ou descartar.",GTX Plus Basic: USD 1.096 em jogo — 5º produto mais caro dos 7.,
OI3UIKVF,Hayden Neloms,Celia Rouche,West,GTX Plus Basic,Konmatfix,marketing,Engaging,2017-07-20,164.0,1096.0,Decidir,3,,média,42,43.5,,48.0,Seu histórico em GTX Plus Basic é 22 de 42 (52%) — abaixo da sua média (70%) e da geral (63%).,"Há 164 dias em Engaging. Nenhum deal do histórico fechou depois de 138 dias; 1291 abertos já passaram disso sem fechar. Não é esforço, é decisão: requalificar ou descartar.",GTX Plus Basic: USD 1.096 em jogo — 5º produto mais caro dos 7.,
ZGFB0IF1,Anna Snelling,Dustin Brinkmann,Central,GTX Plus Basic,,,Engaging,2017-07-20,164.0,1096.0,Decidir,3,,média,48,30.1,,48.0,Seu histórico em GTX Plus Basic é 25 de 48 (52%) — abaixo da sua média (62%) e da geral (63%).,"Há 164 dias em Engaging. Nenhum deal do histórico fechou depois de 138 dias; 1291 abertos já passaram disso sem fechar. Não é esforço, é decisão: requalificar ou descartar.",GTX Plus Basic: USD 1.096 em jogo — 5º produto mais caro dos 7.,
02K37JAK,Jonathan Berthelot,Melvin Marxen,Central,GTX Plus Basic,,,Engaging,2017-07-21,163.0,1096.0,Decidir,3,,ampla,54,51.9,,48.0,Você fecha GTX Plus Basic em 34 de 54 deals (63%) — acima da média geral (63%).,"Há 163 dias em Engaging. Nenhum deal do histórico fechou depois de 138 dias; 1291 abertos já passaram disso sem fechar. Não é esforço, é decisão: requalificar ou descartar.",GTX Plus Basic: USD 1.096 em jogo — 5º produto mais caro dos 7.,
6F5TIV66,Jonathan Berthelot,Melvin Marxen,Central,GTX Plus Basic,,,Engaging,2017-07-21,163.0,1096.0,Decidir,3,,ampla,54,51.9,,48.0,Você fecha GTX Plus Basic em 34 de 54 deals (63%) — acima da média geral (63%).,"Há 163 dias em Engaging. Nenhum deal do histórico fechou depois de 138 dias; 1291 abertos já passaram disso sem fechar. Não é esforço, é decisão: requalificar ou descartar.",GTX Plus Basic: USD 1.096 em jogo — 5º produto mais caro dos 7.,
E8GD44YC,Cecily Lampkin,Dustin Brinkmann,Central,GTX Plus Basic,,,Engaging,2017-07-21,163.0,1096.0,Decidir,3,,média,20,72.8,,48.0,Você fecha GTX Plus Basic em 16 de 20 deals (80%) — bem acima da média geral (63%).,"Há 163 dias em Engaging. Nenhum deal do histórico fechou depois de 138 dias; 1291 abertos já passaram disso sem fechar. Não é esforço, é decisão: requalificar ou descartar.",GTX Plus Basic: USD 1.096 em jogo — 5º produto mais caro dos 7.,
ETLF2H4K,Maureen Marcano,Summer Sewald,West,GTX Plus Basic,,,Engaging,2017-07-21,163.0,1096.0,Decidir,3,,ampla,70,79.3,,48.0,Você fecha GTX Plus Basic em 52 de 70 deals (74%) — bem acima da média geral (63%).,"Há 163 dias em Engaging. Nenhum deal do histórico fechou depois de 138 dias; 1291 abertos já passaram disso sem fechar. Não é esforço, é decisão: requalificar ou descartar.",GTX Plus Basic: USD 1.096 em jogo — 5º produto mais caro dos 7.,
I9SPENCQ,Violet Mclelland,Cara Losch,East,GTX Plus Basic,Cheers,entertainment,Engaging,2017-07-21,163.0,1096.0,Decidir,3,,pequena,17,46.5,,48.0,Seu histórico em GTX Plus Basic é 10 de 17 (59%). Base pequena: o score usa 62% (puxado para a sua média de 63%).,"Há 163 dias em Engaging. Nenhum deal do histórico fechou depois de 138 dias; 1291 abertos já passaram disso sem fechar. Não é esforço, é decisão: requalificar ou descartar.",GTX Plus Basic: USD 1.096 em jogo — 5º produto mais caro dos 7.,
MV7I9RKH,Marty Freudenburg,Melvin Marxen,Central,GTX Plus Basic,Treequote,telecommunications,Engaging,2017-07-21,163.0,1096.0,Decidir,3,,ampla,56,48.5,,48.0,Seu histórico em GTX Plus Basic é 35 de 56 (62%) — abaixo da sua média (63%) e da geral (63%).,"Há 163 dias em Engaging. Nenhum deal do histórico fechou depois de 138 dias; 1291 abertos já passaram disso sem fechar. Não é esforço, é decisão: requalificar ou descartar.",GTX Plus Basic: USD 1.096 em jogo — 5º produto mais caro dos 7.,
S50ETCN7,Anna Snelling,Dustin Brinkmann,Central,GTX Plus Basic,,,Engaging,2017-07-21,163.0,1096.0,Decidir,3,,média,48,30.1,,48.0,Seu histórico em GTX Plus Basic é 25 de 48 (52%) — abaixo da sua média (62%) e da geral (63%).,"Há 163 dias em Engaging. Nenhum deal do histórico fechou depois de 138 dias; 1291 abertos já passaram disso sem fechar. Não é esforço, é decisão: requalificar ou descartar.",GTX Plus Basic: USD 1.096 em jogo — 5º produto mais caro dos 7.,
UJ58VMZT,Cecily Lampkin,Dustin Brinkmann,Central,GTX Plus Basic,,,Engaging,2017-07-21,163.0,1096.0,Decidir,3,,média,20,72.8,,48.0,Você fecha GTX Plus Basic em 16 de 20 deals (80%) — bem acima da média geral (63%).,"Há 163 dias em Engaging. Nenhum deal do histórico fechou depois de 138 dias; 1291 abertos já passaram disso sem fechar. Não é esforço, é decisão: requalificar ou descartar.",GTX Plus Basic: USD 1.096 em jogo — 5º produto mais caro dos 7.,
5DQZSOBE,Cecily Lampkin,Dustin Brinkmann,Central,GTX Plus Basic,,,Engaging,2017-07-22,162.0,1096.0,Decidir,3,,média,20,72.8,,48.0,Você fecha GTX Plus Basic em 16 de 20 deals (80%) — bem acima da média geral (63%).,"Há 162 dias em Engaging. Nenhum deal do histórico fechou depois de 138 dias; 1291 abertos já passaram disso sem fechar. Não é esforço, é decisão: requalificar ou descartar.",GTX Plus Basic: USD 1.096 em jogo — 5º produto mais caro dos 7.,
751V8OFM,Gladys Colclough,Melvin Marxen,Central,GTX Plus Basic,Funholding,finance,Engaging,2017-07-22,162.0,1096.0,Decidir,3,,média,29,40.1,,48.0,Seu histórico em GTX Plus Basic é 18 de 29 (62%) — abaixo da média geral (63%).,"Há 162 dias em Engaging. Nenhum deal do histórico fechou depois de 138 dias; 1291 abertos já passaram disso sem fechar. Não é esforço, é decisão: requalificar ou descartar.",GTX Plus Basic: USD 1.096 em jogo — 5º produto mais caro dos 7.,
I2ESAAIK,Lajuana Vencill,Dustin Brinkmann,Central,GTX Plus Basic,,,Engaging,2017-07-22,162.0,1096.0,Decidir,3,,média,25,31.6,,48.0,Seu histórico em GTX Plus Basic é 15 de 25 (60%) — abaixo da média geral (63%).,"Há 162 dias em Engaging. Nenhum deal do histórico fechou depois de 138 dias; 1291 abertos já passaram disso sem fechar. Não é esforço, é decisão: requalificar ou descartar.",GTX Plus Basic: USD 1.096 em jogo — 5º produto mais caro dos 7.,
P66UXGPS,Darcel Schlecht,Melvin Marxen,Central,GTX Plus Basic,,,Engaging,2017-07-22,162.0,1096.0,Decidir,3,,ampla,83,58.9,,48.0,Você fecha GTX Plus Basic em 56 de 83 deals (67%) — acima da média geral (63%).,"Há 162 dias em Engaging. Nenhum deal do histórico fechou depois de 138 dias; 1291 abertos já passaram disso sem fechar. Não é esforço, é decisão: requalificar ou descartar.",GTX Plus Basic: USD 1.096 em jogo — 5º produto mais caro dos 7.,
QELHQ898,Zane Levy,Summer Sewald,West,GTX Plus Basic,Statholdings,employment,Engaging,2017-07-22,162.0,1096.0,Decidir,3,,média,43,43.7,,48.0,Seu histórico em GTX Plus Basic é 26 de 43 (60%) — abaixo da sua média (62%) e da geral (63%).,"Há 162 dias em Engaging. Nenhum deal do histórico fechou depois de 138 dias; 1291 abertos já passaram disso sem fechar. Não é esforço, é decisão: requalificar ou descartar.",GTX Plus Basic: USD 1.096 em jogo — 5º produto mais caro dos 7.,
ZTQD4PLQ,Jonathan Berthelot,Melvin Marxen,Central,GTX Plus Basic,,,Engaging,2017-07-22,162.0,1096.0,Decidir,3,,ampla,54,51.9,,48.0,Você fecha GTX Plus Basic em 34 de 54 deals (63%) — acima da média geral (63%).,"Há 162 dias em Engaging. Nenhum deal do histórico fechou depois de 138 dias; 1291 abertos já passaram disso sem fechar. Não é esforço, é decisão: requalificar ou descartar.",GTX Plus Basic: USD 1.096 em jogo — 5º produto mais caro dos 7.,
EJJCUJ3P,Darcel Schlecht,Melvin Marxen,Central,GTX Plus Basic,,,Engaging,2017-07-23,161.0,1096.0,Decidir,3,,ampla,83,58.9,,48.0,Você fecha GTX Plus Basic em 56 de 83 deals (67%) — acima da média geral (63%).,"Há 161 dias em Engaging. Nenhum deal do histórico fechou depois de 138 dias; 1291 abertos já passaram disso sem fechar. Não é esforço, é decisão: requalificar ou descartar.",GTX Plus Basic: USD 1.096 em jogo — 5º produto mais caro dos 7.,
G1M1KVHU,Niesha Huffines,Melvin Marxen,Central,GTX Plus Basic,Xx-zobam,entertainment,Engaging,2017-07-23,161.0,1096.0,Decidir,3,,ampla,54,49.0,,48.0,Seu histórico em GTX Plus Basic é 35 de 54 (65%) — abaixo da média geral (63%).,"Há 161 dias em Engaging. Nenhum deal do histórico fechou depois de 138 dias; 1291 abertos já passaram disso sem fechar. Não é esforço, é decisão: requalificar ou descartar.",GTX Plus Basic: USD 1.096 em jogo — 5º produto mais caro dos 7.,
ODFL6HOF,Darcel Schlecht,Melvin Marxen,Central,GTX Plus Basic,,,Engaging,2017-07-23,161.0,1096.0,Decidir,3,,ampla,83,58.9,,48.0,Você fecha GTX Plus Basic em 56 de 83 deals (67%) — acima da média geral (63%).,"Há 161 dias em Engaging. Nenhum deal do histórico fechou depois de 138 dias; 1291 abertos já passaram disso sem fechar. Não é esforço, é decisão: requalificar ou descartar.",GTX Plus Basic: USD 1.096 em jogo — 5º produto mais caro dos 7.,
S3LATQVJ,Versie Hillebrand,Dustin Brinkmann,Central,GTX Plus Basic,Kinnamplus,retail,Engaging,2017-07-23,161.0,1096.0,Decidir,3,,pequena,8,52.5,,48.0,Seu histórico em GTX Plus Basic é 4 de 8 (50%). Base pequena: o score usa 64% (puxado para a sua média de 67%).,"Há 161 dias em Engaging. Nenhum deal do histórico fechou depois de 138 dias; 1291 abertos já passaram disso sem fechar. Não é esforço, é decisão: requalificar ou descartar.",GTX Plus Basic: USD 1.096 em jogo — 5º produto mais caro dos 7.,
0S6OQ9AO,Marty Freudenburg,Melvin Marxen,Central,GTX Plus Basic,,,Engaging,2017-07-24,160.0,1096.0,Decidir,3,,ampla,56,48.5,,48.0,Seu histórico em GTX Plus Basic é 35 de 56 (62%) — abaixo da sua média (63%) e da geral (63%).,"Há 160 dias em Engaging. Nenhum deal do histórico fechou depois de 138 dias; 1291 abertos já passaram disso sem fechar. Não é esforço, é decisão: requalificar ou descartar.",GTX Plus Basic: USD 1.096 em jogo — 5º produto mais caro dos 7.,
8Y4LJOJ0,Versie Hillebrand,Dustin Brinkmann,Central,GTX Plus Basic,,,Engaging,2017-07-24,160.0,1096.0,Decidir,3,,pequena,8,52.5,,48.0,Seu histórico em GTX Plus Basic é 4 de 8 (50%). Base pequena: o score usa 64% (puxado para a sua média de 67%).,"Há 160 dias em Engaging. Nenhum deal do histórico fechou depois de 138 dias; 1291 abertos já passaram disso sem fechar. Não é esforço, é decisão: requalificar ou descartar.",GTX Plus Basic: USD 1.096 em jogo — 5º produto mais caro dos 7.,
DZP0MNRM,Niesha Huffines,Melvin Marxen,Central,GTX Plus Basic,Konex,technology,Engaging,2017-07-25,159.0,1096.0,Decidir,3,,ampla,54,49.0,,48.0,Seu histórico em GTX Plus Basic é 35 de 54 (65%) — abaixo da média geral (63%).,"Há 159 dias em Engaging. Nenhum deal do histórico fechou depois de 138 dias; 1291 abertos já passaram disso sem fechar. Não é esforço, é decisão: requalificar ou descartar.",GTX Plus Basic: USD 1.096 em jogo — 5º produto mais caro dos 7.,
OBC504T8,Niesha Huffines,Melvin Marxen,Central,GTX Plus Basic,,,Engaging,2017-07-25,159.0,1096.0,Decidir,3,,ampla,54,49.0,,48.0,Seu histórico em GTX Plus Basic é 35 de 54 (65%) — abaixo da média geral (63%).,"Há 159 dias em Engaging. Nenhum deal do histórico fechou depois de 138 dias; 1291 abertos já passaram disso sem fechar. Não é esforço, é decisão: requalificar ou descartar.",GTX Plus Basic: USD 1.096 em jogo — 5º produto mais caro dos 7.,
1976N63N,Darcel Schlecht,Melvin Marxen,Central,GTX Plus Basic,Kinnamplus,retail,Engaging,2017-07-26,158.0,1096.0,Decidir,3,,ampla,83,58.9,,48.0,Você fecha GTX Plus Basic em 56 de 83 deals (67%) — acima da média geral (63%).,"Há 158 dias em Engaging. Nenhum deal do histórico fechou depois de 138 dias; 1291 abertos já passaram disso sem fechar. Não é esforço, é decisão: requalificar ou descartar.",GTX Plus Basic: USD 1.096 em jogo — 5º produto mais caro dos 7.,
37UCYEDY,Cassey Cress,Rocco Neubert,East,GTX Plus Basic,Bluth Company,technology,Engaging,2017-07-26,158.0,1096.0,Decidir,3,,média,43,44.8,,48.0,Seu histórico em GTX Plus Basic é 26 de 43 (60%) — abaixo da sua média (62%) e da geral (63%).,"Há 158 dias em Engaging. Nenhum deal do histórico fechou depois de 138 dias; 1291 abertos já passaram disso sem fechar. Não é esforço, é decisão: requalificar ou descartar.",GTX Plus Basic: USD 1.096 em jogo — 5º produto mais caro dos 7.,
WQ5U8PPM,Niesha Huffines,Melvin Marxen,Central,GTX Plus Basic,Umbrella Corporation,finance,Engaging,2017-07-26,158.0,1096.0,Decidir,3,,ampla,54,49.0,,48.0,Seu histórico em GTX Plus Basic é 35 de 54 (65%) — abaixo da média geral (63%).,"Há 158 dias em Engaging. Nenhum deal do histórico fechou depois de 138 dias; 1291 abertos já passaram disso sem fechar. Não é esforço, é decisão: requalificar ou descartar.",GTX Plus Basic: USD 1.096 em jogo — 5º produto mais caro dos 7.,
EVDKJDY3,Jonathan Berthelot,Melvin Marxen,Central,GTX Plus Basic,,,Engaging,2017-07-27,157.0,1096.0,Decidir,3,,ampla,54,51.9,,48.0,Você fecha GTX Plus Basic em 34 de 54 deals (63%) — acima da média geral (63%).,"Há 157 dias em Engaging. Nenhum deal do histórico fechou depois de 138 dias; 1291 abertos já passaram disso sem fechar. Não é esforço, é decisão: requalificar ou descartar.",GTX Plus Basic: USD 1.096 em jogo — 5º produto mais caro dos 7.,
KPYCCBQA,Cecily Lampkin,Dustin Brinkmann,Central,GTX Plus Basic,,,Engaging,2017-07-27,157.0,1096.0,Decidir,3,,média,20,72.8,,48.0,Você fecha GTX Plus Basic em 16 de 20 deals (80%) — bem acima da média geral (63%).,"Há 157 dias em Engaging. Nenhum deal do histórico fechou depois de 138 dias; 1291 abertos já passaram disso sem fechar. Não é esforço, é decisão: requalificar ou descartar.",GTX Plus Basic: USD 1.096 em jogo — 5º produto mais caro dos 7.,
PU62ZGX4,Jonathan Berthelot,Melvin Marxen,Central,GTX Plus Basic,Singletechno,retail,Engaging,2017-07-27,157.0,1096.0,Decidir,3,,ampla,54,51.9,,48.0,Você fecha GTX Plus Basic em 34 de 54 deals (63%) — acima da média geral (63%).,"Há 157 dias em Engaging. Nenhum deal do histórico fechou depois de 138 dias; 1291 abertos já passaram disso sem fechar. Não é esforço, é decisão: requalificar ou descartar.",GTX Plus Basic: USD 1.096 em jogo — 5º produto mais caro dos 7.,
PYRLUYIQ,Marty Freudenburg,Melvin Marxen,Central,GTX Plus Basic,Y-corporation,employment,Engaging,2017-07-27,157.0,1096.0,Decidir,3,,ampla,56,48.5,,48.0,Seu histórico em GTX Plus Basic é 35 de 56 (62%) — abaixo da sua média (63%) e da geral (63%).,"Há 157 dias em Engaging. Nenhum deal do histórico fechou depois de 138 dias; 1291 abertos já passaram disso sem fechar. Não é esforço, é decisão: requalificar ou descartar.",GTX Plus Basic: USD 1.096 em jogo — 5º produto mais caro dos 7.,
RFXH6VDX,Hayden Neloms,Celia Rouche,West,GTX Plus Basic,,,Engaging,2017-07-27,157.0,1096.0,Decidir,3,,média,42,43.5,,48.0,Seu histórico em GTX Plus Basic é 22 de 42 (52%) — abaixo da sua média (70%) e da geral (63%).,"Há 157 dias em Engaging. Nenhum deal do histórico fechou depois de 138 dias; 1291 abertos já passaram disso sem fechar. Não é esforço, é decisão: requalificar ou descartar.",GTX Plus Basic: USD 1.096 em jogo — 5º produto mais caro dos 7.,
S2Y2Q1D2,Marty Freudenburg,Melvin Marxen,Central,GTX Plus Basic,Singletechno,retail,Engaging,2017-07-27,157.0,1096.0,Decidir,3,,ampla,56,48.5,,48.0,Seu histórico em GTX Plus Basic é 35 de 56 (62%) — abaixo da sua média (63%) e da geral (63%).,"Há 157 dias em Engaging. Nenhum deal do histórico fechou depois de 138 dias; 1291 abertos já passaram disso sem fechar. Não é esforço, é decisão: requalificar ou descartar.",GTX Plus Basic: USD 1.096 em jogo — 5º produto mais caro dos 7.,
SSK95WLX,Darcel Schlecht,Melvin Marxen,Central,GTX Plus Basic,,,Engaging,2017-07-27,157.0,1096.0,Decidir,3,,ampla,83,58.9,,48.0,Você fecha GTX Plus Basic em 56 de 83 deals (67%) — acima da média geral (63%).,"Há 157 dias em Engaging. Nenhum deal do histórico fechou depois de 138 dias; 1291 abertos já passaram disso sem fechar. Não é esforço, é decisão: requalificar ou descartar.",GTX Plus Basic: USD 1.096 em jogo — 5º produto mais caro dos 7.,
9Z2WTTNY,Darcel Schlecht,Melvin Marxen,Central,GTX Plus Basic,Statholdings,employment,Engaging,2017-07-28,156.0,1096.0,Decidir,3,,ampla,83,58.9,,48.0,Você fecha GTX Plus Basic em 56 de 83 deals (67%) — acima da média geral (63%).,"Há 156 dias em Engaging. Nenhum deal do histórico fechou depois de 138 dias; 1291 abertos já passaram disso sem fechar. Não é esforço, é decisão: requalificar ou descartar.",GTX Plus Basic: USD 1.096 em jogo — 5º produto mais caro dos 7.,
WL6CZ7N4,Marty Freudenburg,Melvin Marxen,Central,GTX Plus Basic,,,Engaging,2017-07-28,156.0,1096.0,Decidir,3,,ampla,56,48.5,,48.0,Seu histórico em GTX Plus Basic é 35 de 56 (62%) — abaixo da sua média (63%) e da geral (63%).,"Há 156 dias em Engaging. Nenhum deal do histórico fechou depois de 138 dias; 1291 abertos já passaram disso sem fechar. Não é esforço, é decisão: requalificar ou descartar.",GTX Plus Basic: USD 1.096 em jogo — 5º produto mais caro dos 7.,
X33HL9WS,Daniell Hammack,Rocco Neubert,East,GTX Plus Basic,,,Engaging,2017-07-28,156.0,1096.0,Decidir,3,,ampla,53,39.2,,48.0,Seu histórico em GTX Plus Basic é 31 de 53 (58%) — abaixo da sua média (61%) e da geral (63%).,"Há 156 dias em Engaging. Nenhum deal do histórico fechou depois de 138 dias; 1291 abertos já passaram disso sem fechar. Não é esforço, é decisão: requalificar ou descartar.",GTX Plus Basic: USD 1.096 em jogo — 5º produto mais caro dos 7.,
7BKYKVF2,Jonathan Berthelot,Melvin Marxen,Central,GTX Plus Basic,,,Engaging,2017-07-29,155.0,1096.0,Decidir,3,,ampla,54,51.9,,48.0,Você fecha GTX Plus Basic em 34 de 54 deals (63%) — acima da média geral (63%).,"Há 155 dias em Engaging. Nenhum deal do histórico fechou depois de 138 dias; 1291 abertos já passaram disso sem fechar. Não é esforço, é decisão: requalificar ou descartar.",GTX Plus Basic: USD 1.096 em jogo — 5º produto mais caro dos 7.,
9M72KPA3,Kami Bicknell,Summer Sewald,West,GTX Plus Basic,Bluth Company,technology,Engaging,2017-07-29,155.0,1096.0,Decidir,3,,ampla,50,32.6,,48.0,Seu histórico em GTX Plus Basic é 26 de 50 (52%) — abaixo da sua média (64%) e da geral (63%).,"Há 155 dias em Engaging. Nenhum deal do histórico fechou depois de 138 dias; 1291 abertos já passaram disso sem fechar. Não é esforço, é decisão: requalificar ou descartar.",GTX Plus Basic: USD 1.096 em jogo — 5º produto mais caro dos 7.,
UWI771ZX,Darcel Schlecht,Melvin Marxen,Central,GTX Plus Basic,,,Engaging,2017-07-29,155.0,1096.0,Decidir,3,,ampla,83,58.9,,48.0,Você fecha GTX Plus Basic em 56 de 83 deals (67%) — acima da média geral (63%).,"Há 155 dias em Engaging. Nenhum deal do histórico fechou depois de 138 dias; 1291 abertos já passaram disso sem fechar. Não é esforço, é decisão: requalificar ou descartar.",GTX Plus Basic: USD 1.096 em jogo — 5º produto mais caro dos 7.,
EY7OI10Z,Darcel Schlecht,Melvin Marxen,Central,GTX Plus Basic,,,Engaging,2017-07-30,154.0,1096.0,Decidir,3,,ampla,83,58.9,,48.0,Você fecha GTX Plus Basic em 56 de 83 deals (67%) — acima da média geral (63%).,"Há 154 dias em Engaging. Nenhum deal do histórico fechou depois de 138 dias; 1291 abertos já passaram disso sem fechar. Não é esforço, é decisão: requalificar ou descartar.",GTX Plus Basic: USD 1.096 em jogo — 5º produto mais caro dos 7.,
MTN3BOMC,Maureen Marcano,Summer Sewald,West,GTX Plus Basic,,,Engaging,2017-07-30,154.0,1096.0,Decidir,3,,ampla,70,79.3,,48.0,Você fecha GTX Plus Basic em 52 de 70 deals (74%) — bem acima da média geral (63%).,"Há 154 dias em Engaging. Nenhum deal do histórico fechou depois de 138 dias; 1291 abertos já passaram disso sem fechar. Não é esforço, é decisão: requalificar ou descartar.",GTX Plus Basic: USD 1.096 em jogo — 5º produto mais caro dos 7.,
P9EJ68SM,Cassey Cress,Rocco Neubert,East,GTX Plus Basic,,,Engaging,2017-07-30,154.0,1096.0,Decidir,3,,média,43,44.8,,48.0,Seu histórico em GTX Plus Basic é 26 de 43 (60%) — abaixo da sua média (62%) e da geral (63%).,"Há 154 dias em Engaging. Nenhum deal do histórico fechou depois de 138 dias; 1291 abertos já passaram disso sem fechar. Não é esforço, é decisão: requalificar ou descartar.",GTX Plus Basic: USD 1.096 em jogo — 5º produto mais caro dos 7.,
R7I947IZ,Marty Freudenburg,Melvin Marxen,Central,GTX Plus Basic,,,Engaging,2017-07-30,154.0,1096.0,Decidir,3,,ampla,56,48.5,,48.0,Seu histórico em GTX Plus Basic é 35 de 56 (62%) — abaixo da sua média (63%) e da geral (63%).,"Há 154 dias em Engaging. Nenhum deal do histórico fechou depois de 138 dias; 1291 abertos já passaram disso sem fechar. Não é esforço, é decisão: requalificar ou descartar.",GTX Plus Basic: USD 1.096 em jogo — 5º produto mais caro dos 7.,
S9JXWIBD,Gladys Colclough,Melvin Marxen,Central,GTX Plus Basic,,,Engaging,2017-07-30,154.0,1096.0,Decidir,3,,média,29,40.1,,48.0,Seu histórico em GTX Plus Basic é 18 de 29 (62%) — abaixo da média geral (63%).,"Há 154 dias em Engaging. Nenhum deal do histórico fechou depois de 138 dias; 1291 abertos já passaram disso sem fechar. Não é esforço, é decisão: requalificar ou descartar.",GTX Plus Basic: USD 1.096 em jogo — 5º produto mais caro dos 7.,
TX5SADEI,Niesha Huffines,Melvin Marxen,Central,GTX Plus Basic,Dontechi,software,Engaging,2017-07-30,154.0,1096.0,Decidir,3,,ampla,54,49.0,,48.0,Seu histórico em GTX Plus Basic é 35 de 54 (65%) — abaixo da média geral (63%).,"Há 154 dias em Engaging. Nenhum deal do histórico fechou depois de 138 dias; 1291 abertos já passaram disso sem fechar. Não é esforço, é decisão: requalificar ou descartar.",GTX Plus Basic: USD 1.096 em jogo — 5º produto mais caro dos 7.,
283MDYKM,Moses Frase,Dustin Brinkmann,Central,GTX Plus Basic,,,Engaging,2017-07-31,153.0,1096.0,Decidir,3,,média,24,63.7,,48.0,Você fecha GTX Plus Basic em 17 de 24 deals (71%) — acima da média geral (63%).,"Há 153 dias em Engaging. Nenhum deal do histórico fechou depois de 138 dias; 1291 abertos já passaram disso sem fechar. Não é esforço, é decisão: requalificar ou descartar.",GTX Plus Basic: USD 1.096 em jogo — 5º produto mais caro dos 7.,
HHWZEWDV,Lajuana Vencill,Dustin Brinkmann,Central,GTX Plus Basic,,,Engaging,2017-07-31,153.0,1096.0,Decidir,3,,média,25,31.6,,48.0,Seu histórico em GTX Plus Basic é 15 de 25 (60%) — abaixo da média geral (63%).,"Há 153 dias em Engaging. Nenhum deal do histórico fechou depois de 138 dias; 1291 abertos já passaram disso sem fechar. Não é esforço, é decisão: requalificar ou descartar.",GTX Plus Basic: USD 1.096 em jogo — 5º produto mais caro dos 7.,
OAUUCC2N,Marty Freudenburg,Melvin Marxen,Central,GTX Plus Basic,,,Engaging,2017-07-31,153.0,1096.0,Decidir,3,,ampla,56,48.5,,48.0,Seu histórico em GTX Plus Basic é 35 de 56 (62%) — abaixo da sua média (63%) e da geral (63%).,"Há 153 dias em Engaging. Nenhum deal do histórico fechou depois de 138 dias; 1291 abertos já passaram disso sem fechar. Não é esforço, é decisão: requalificar ou descartar.",GTX Plus Basic: USD 1.096 em jogo — 5º produto mais caro dos 7.,
STI8KYWL,Niesha Huffines,Melvin Marxen,Central,GTX Plus Basic,,,Engaging,2017-07-31,153.0,1096.0,Decidir,3,,ampla,54,49.0,,48.0,Seu histórico em GTX Plus Basic é 35 de 54 (65%) — abaixo da média geral (63%).,"Há 153 dias em Engaging. Nenhum deal do histórico fechou depois de 138 dias; 1291 abertos já passaram disso sem fechar. Não é esforço, é decisão: requalificar ou descartar.",GTX Plus Basic: USD 1.096 em jogo — 5º produto mais caro dos 7.,
22HV3N2W,Niesha Huffines,Melvin Marxen,Central,GTX Plus Basic,Rangreen,technology,Engaging,2017-08-01,152.0,1096.0,Decidir,3,,ampla,54,49.0,,48.0,Seu histórico em GTX Plus Basic é 35 de 54 (65%) — abaixo da média geral (63%).,"Há 152 dias em Engaging. Nenhum deal do histórico fechou depois de 138 dias; 1291 abertos já passaram disso sem fechar. Não é esforço, é decisão: requalificar ou descartar.",GTX Plus Basic: USD 1.096 em jogo — 5º produto mais caro dos 7.,
CFKXEPFN,Anna Snelling,Dustin Brinkmann,Central,GTX Plus Basic,,,Engaging,2017-08-01,152.0,1096.0,Decidir,3,,média,48,30.1,,48.0,Seu histórico em GTX Plus Basic é 25 de 48 (52%) — abaixo da sua média (62%) e da geral (63%).,"Há 152 dias em Engaging. Nenhum deal do histórico fechou depois de 138 dias; 1291 abertos já passaram disso sem fechar. Não é esforço, é decisão: requalificar ou descartar.",GTX Plus Basic: USD 1.096 em jogo — 5º produto mais caro dos 7.,
I1R23P5F,Anna Snelling,Dustin Brinkmann,Central,GTX Plus Basic,,,Engaging,2017-08-01,152.0,1096.0,Decidir,3,,média,48,30.1,,48.0,Seu histórico em GTX Plus Basic é 25 de 48 (52%) — abaixo da sua média (62%) e da geral (63%).,"Há 152 dias em Engaging. Nenhum deal do histórico fechou depois de 138 dias; 1291 abertos já passaram disso sem fechar. Não é esforço, é decisão: requalificar ou descartar.",GTX Plus Basic: USD 1.096 em jogo — 5º produto mais caro dos 7.,
IW6S2BN0,Gladys Colclough,Melvin Marxen,Central,GTX Plus Basic,,,Engaging,2017-08-01,152.0,1096.0,Decidir,3,,média,29,40.1,,48.0,Seu histórico em GTX Plus Basic é 18 de 29 (62%) — abaixo da média geral (63%).,"Há 152 dias em Engaging. Nenhum deal do histórico fechou depois de 138 dias; 1291 abertos já passaram disso sem fechar. Não é esforço, é decisão: requalificar ou descartar.",GTX Plus Basic: USD 1.096 em jogo — 5º produto mais caro dos 7.,
U4L1277G,Hayden Neloms,Celia Rouche,West,GTX Plus Basic,,,Engaging,2017-08-01,152.0,1096.0,Decidir,3,,média,42,43.5,,48.0,Seu histórico em GTX Plus Basic é 22 de 42 (52%) — abaixo da sua média (70%) e da geral (63%).,"Há 152 dias em Engaging. Nenhum deal do histórico fechou depois de 138 dias; 1291 abertos já passaram disso sem fechar. Não é esforço, é decisão: requalificar ou descartar.",GTX Plus Basic: USD 1.096 em jogo — 5º produto mais caro dos 7.,
ATMWAQL5,Niesha Huffines,Melvin Marxen,Central,GTX Plus Basic,Gogozoom,telecommunications,Engaging,2017-08-03,150.0,1096.0,Decidir,3,,ampla,54,49.0,,48.0,Seu histórico em GTX Plus Basic é 35 de 54 (65%) — abaixo da média geral (63%).,"Há 150 dias em Engaging. Nenhum deal do histórico fechou depois de 138 dias; 1291 abertos já passaram disso sem fechar. Não é esforço, é decisão: requalificar ou descartar.",GTX Plus Basic: USD 1.096 em jogo — 5º produto mais caro dos 7.,
49SUORYW,Niesha Huffines,Melvin Marxen,Central,GTX Plus Basic,Betasoloin,medical,Engaging,2017-08-04,149.0,1096.0,Decidir,3,,ampla,54,49.0,,48.0,Seu histórico em GTX Plus Basic é 35 de 54 (65%) — abaixo da média geral (63%).,"Há 149 dias em Engaging. Nenhum deal do histórico fechou depois de 138 dias; 1291 abertos já passaram disso sem fechar. Não é esforço, é decisão: requalificar ou descartar.",GTX Plus Basic: USD 1.096 em jogo — 5º produto mais caro dos 7.,
V1KABF71,Jonathan Berthelot,Melvin Marxen,Central,GTX Plus Basic,,,Engaging,2017-08-04,149.0,1096.0,Decidir,3,,ampla,54,51.9,,48.0,Você fecha GTX Plus Basic em 34 de 54 deals (63%) — acima da média geral (63%).,"Há 149 dias em Engaging. Nenhum deal do histórico fechou depois de 138 dias; 1291 abertos já passaram disso sem fechar. Não é esforço, é decisão: requalificar ou descartar.",GTX Plus Basic: USD 1.096 em jogo — 5º produto mais caro dos 7.,
VLYT262U,Daniell Hammack,Rocco Neubert,East,GTX Plus Basic,,,Engaging,2017-08-04,149.0,1096.0,Decidir,3,,ampla,53,39.2,,48.0,Seu histórico em GTX Plus Basic é 31 de 53 (58%) — abaixo da sua média (61%) e da geral (63%).,"Há 149 dias em Engaging. Nenhum deal do histórico fechou depois de 138 dias; 1291 abertos já passaram disso sem fechar. Não é esforço, é decisão: requalificar ou descartar.",GTX Plus Basic: USD 1.096 em jogo — 5º produto mais caro dos 7.,
ACGLK2YE,Moses Frase,Dustin Brinkmann,Central,GTX Plus Basic,Treequote,telecommunications,Engaging,2017-08-05,148.0,1096.0,Decidir,3,,média,24,63.7,,48.0,Você fecha GTX Plus Basic em 17 de 24 deals (71%) — acima da média geral (63%).,"Há 148 dias em Engaging. Nenhum deal do histórico fechou depois de 138 dias; 1291 abertos já passaram disso sem fechar. Não é esforço, é decisão: requalificar ou descartar.",GTX Plus Basic: USD 1.096 em jogo — 5º produto mais caro dos 7.,
I6M40320,Niesha Huffines,Melvin Marxen,Central,GTX Plus Basic,Betatech,medical,Engaging,2017-08-07,146.0,1096.0,Decidir,3,,ampla,54,49.0,,48.0,Seu histórico em GTX Plus Basic é 35 de 54 (65%) — abaixo da média geral (63%).,"Há 146 dias em Engaging. Nenhum deal do histórico fechou depois de 138 dias; 1291 abertos já passaram disso sem fechar. Não é esforço, é decisão: requalificar ou descartar.",GTX Plus Basic: USD 1.096 em jogo — 5º produto mais caro dos 7.,
OSG9KZGB,Anna Snelling,Dustin Brinkmann,Central,GTX Plus Basic,Kan-code,software,Engaging,2017-08-07,146.0,1096.0,Decidir,3,,média,48,30.1,,48.0,Seu histórico em GTX Plus Basic é 25 de 48 (52%) — abaixo da sua média (62%) e da geral (63%).,"Há 146 dias em Engaging. Nenhum deal do histórico fechou depois de 138 dias; 1291 abertos já passaram disso sem fechar. Não é esforço, é decisão: requalificar ou descartar.",GTX Plus Basic: USD 1.096 em jogo — 5º produto mais caro dos 7.,
WD7Q5D3G,Markita Hansen,Celia Rouche,West,GTX Plus Basic,,,Engaging,2017-08-07,146.0,1096.0,Decidir,3,,média,37,31.7,,48.0,Seu histórico em GTX Plus Basic é 21 de 37 (57%) — abaixo da sua média (57%) e da geral (63%).,"Há 146 dias em Engaging. Nenhum deal do histórico fechou depois de 138 dias; 1291 abertos já passaram disso sem fechar. Não é esforço, é decisão: requalificar ou descartar.",GTX Plus Basic: USD 1.096 em jogo — 5º produto mais caro dos 7.,
MUSSD9WD,Darcel Schlecht,Melvin Marxen,Central,GTX Plus Basic,Goodsilron,marketing,Engaging,2017-08-09,144.0,1096.0,Decidir,3,,ampla,83,58.9,,48.0,Você fecha GTX Plus Basic em 56 de 83 deals (67%) — acima da média geral (63%).,"Há 144 dias em Engaging. Nenhum deal do histórico fechou depois de 138 dias; 1291 abertos já passaram disso sem fechar. Não é esforço, é decisão: requalificar ou descartar.",GTX Plus Basic: USD 1.096 em jogo — 5º produto mais caro dos 7.,
2KWJIZX6,Lajuana Vencill,Dustin Brinkmann,Central,GTX Plus Basic,,,Engaging,2017-08-10,143.0,1096.0,Decidir,3,,média,25,31.6,,48.0,Seu histórico em GTX Plus Basic é 15 de 25 (60%) — abaixo da média geral (63%).,"Há 143 dias em Engaging. Nenhum deal do histórico fechou depois de 138 dias; 1291 abertos já passaram disso sem fechar. Não é esforço, é decisão: requalificar ou descartar.",GTX Plus Basic: USD 1.096 em jogo — 5º produto mais caro dos 7.,
988J5AUI,Hayden Neloms,Celia Rouche,West,GTX Plus Basic,,,Engaging,2017-08-10,143.0,1096.0,Decidir,3,,média,42,43.5,,48.0,Seu histórico em GTX Plus Basic é 22 de 42 (52%) — abaixo da sua média (70%) e da geral (63%).,"Há 143 dias em Engaging. Nenhum deal do histórico fechou depois de 138 dias; 1291 abertos já passaram disso sem fechar. Não é esforço, é decisão: requalificar ou descartar.",GTX Plus Basic: USD 1.096 em jogo — 5º produto mais caro dos 7.,
EEB0JYIQ,Niesha Huffines,Melvin Marxen,Central,GTX Plus Basic,,,Engaging,2017-08-10,143.0,1096.0,Decidir,3,,ampla,54,49.0,,48.0,Seu histórico em GTX Plus Basic é 35 de 54 (65%) — abaixo da média geral (63%).,"Há 143 dias em Engaging. Nenhum deal do histórico fechou depois de 138 dias; 1291 abertos já passaram disso sem fechar. Não é esforço, é decisão: requalificar ou descartar.",GTX Plus Basic: USD 1.096 em jogo — 5º produto mais caro dos 7.,
ZR436XWW,Maureen Marcano,Summer Sewald,West,GTX Plus Basic,,,Engaging,2017-08-12,141.0,1096.0,Decidir,3,,ampla,70,79.3,,48.0,Você fecha GTX Plus Basic em 52 de 70 deals (74%) — bem acima da média geral (63%).,"Há 141 dias em Engaging. Nenhum deal do histórico fechou depois de 138 dias; 1291 abertos já passaram disso sem fechar. Não é esforço, é decisão: requalificar ou descartar.",GTX Plus Basic: USD 1.096 em jogo — 5º produto mais caro dos 7.,
LFJVV393,Hayden Neloms,Celia Rouche,West,GTX Plus Basic,,,Engaging,2017-08-13,140.0,1096.0,Decidir,3,,média,42,43.5,,48.0,Seu histórico em GTX Plus Basic é 22 de 42 (52%) — abaixo da sua média (70%) e da geral (63%).,"Há 140 dias em Engaging. Nenhum deal do histórico fechou depois de 138 dias; 1291 abertos já passaram disso sem fechar. Não é esforço, é decisão: requalificar ou descartar.",GTX Plus Basic: USD 1.096 em jogo — 5º produto mais caro dos 7.,
QMFN71BT,Darcel Schlecht,Melvin Marxen,Central,GTX Plus Basic,,,Engaging,2017-08-13,140.0,1096.0,Decidir,3,,ampla,83,58.9,,48.0,Você fecha GTX Plus Basic em 56 de 83 deals (67%) — acima da média geral (63%).,"Há 140 dias em Engaging. Nenhum deal do histórico fechou depois de 138 dias; 1291 abertos já passaram disso sem fechar. Não é esforço, é decisão: requalificar ou descartar.",GTX Plus Basic: USD 1.096 em jogo — 5º produto mais caro dos 7.,
V0G393Q6,Marty Freudenburg,Melvin Marxen,Central,GTX Plus Basic,,,Engaging,2017-08-13,140.0,1096.0,Decidir,3,,ampla,56,48.5,,48.0,Seu histórico em GTX Plus Basic é 35 de 56 (62%) — abaixo da sua média (63%) e da geral (63%).,"Há 140 dias em Engaging. Nenhum deal do histórico fechou depois de 138 dias; 1291 abertos já passaram disso sem fechar. Não é esforço, é decisão: requalificar ou descartar.",GTX Plus Basic: USD 1.096 em jogo — 5º produto mais caro dos 7.,
SAMPTSH0,Anna Snelling,Dustin Brinkmann,Central,GTX Plus Basic,,,Engaging,2017-08-14,139.0,1096.0,Decidir,3,,média,48,30.1,,48.0,Seu histórico em GTX Plus Basic é 25 de 48 (52%) — abaixo da sua média (62%) e da geral (63%).,"Há 139 dias em Engaging. Nenhum deal do histórico fechou depois de 138 dias; 1291 abertos já passaram disso sem fechar. Não é esforço, é decisão: requalificar ou descartar.",GTX Plus Basic: USD 1.096 em jogo — 5º produto mais caro dos 7.,
VHT6G2BS,Jonathan Berthelot,Melvin Marxen,Central,GTX Plus Basic,,,Engaging,2017-08-14,139.0,1096.0,Decidir,3,,ampla,54,51.9,,48.0,Você fecha GTX Plus Basic em 34 de 54 deals (63%) — acima da média geral (63%).,"Há 139 dias em Engaging. Nenhum deal do histórico fechou depois de 138 dias; 1291 abertos já passaram disso sem fechar. Não é esforço, é decisão: requalificar ou descartar.",GTX Plus Basic: USD 1.096 em jogo — 5º produto mais caro dos 7.,
EG7OFLFR,Kami Bicknell,Summer Sewald,West,GTX Basic,,,Engaging,2016-11-14,412.0,550.0,Decidir,3,,ampla,108,56.6,,37.0,Você fecha GTX Basic em 71 de 108 deals (66%) — acima da média geral (63%).,"Há 412 dias em Engaging. Nenhum deal do histórico fechou depois de 138 dias; 1291 abertos já passaram disso sem fechar. Não é esforço, é decisão: requalificar ou descartar.",GTX Basic: USD 550 em jogo — 6º produto mais caro dos 7.,
0DRC1U9Q,Maureen Marcano,Summer Sewald,West,GTX Basic,Green-Plus,services,Engaging,2016-11-20,406.0,550.0,Decidir,3,,média,41,49.5,,37.0,Seu histórico em GTX Basic é 23 de 41 (56%) — abaixo da sua média (70%) e da geral (63%).,"Há 406 dias em Engaging. Nenhum deal do histórico fechou depois de 138 dias; 1291 abertos já passaram disso sem fechar. Não é esforço, é decisão: requalificar ou descartar.",GTX Basic: USD 550 em jogo — 6º produto mais caro dos 7.,
M7I5O9YU,Corliss Cosme,Cara Losch,East,GTX Basic,Cheers,entertainment,Engaging,2016-11-23,403.0,550.0,Decidir,3,,ampla,54,59.2,,37.0,Você fecha GTX Basic em 36 de 54 deals (67%) — acima da média geral (63%).,"Há 403 dias em Engaging. Nenhum deal do histórico fechou depois de 138 dias; 1291 abertos já passaram disso sem fechar. Não é esforço, é decisão: requalificar ou descartar.",GTX Basic: USD 550 em jogo — 6º produto mais caro dos 7.,
CNM0H9FR,Zane Levy,Summer Sewald,West,GTX Basic,,,Engaging,2016-12-02,394.0,550.0,Decidir,3,,ampla,79,43.5,,37.0,Seu histórico em GTX Basic é 48 de 79 (61%) — abaixo da sua média (62%) e da geral (63%).,"Há 394 dias em Engaging. Nenhum deal do histórico fechou depois de 138 dias; 1291 abertos já passaram disso sem fechar. Não é esforço, é decisão: requalificar ou descartar.",GTX Basic: USD 550 em jogo — 6º produto mais caro dos 7.,
JUCNIG4H,James Ascencio,Summer Sewald,West,GTX Basic,,,Engaging,2016-12-05,391.0,550.0,Decidir,3,,ampla,54,52.8,,37.0,Você fecha GTX Basic em 34 de 54 deals (63%) — acima da média geral (63%).,"Há 391 dias em Engaging. Nenhum deal do histórico fechou depois de 138 dias; 1291 abertos já passaram disso sem fechar. Não é esforço, é decisão: requalificar ou descartar.",GTX Basic: USD 550 em jogo — 6º produto mais caro dos 7.,
J32XDDAW,Markita Hansen,Celia Rouche,West,GTX Basic,,,Engaging,2016-12-14,382.0,550.0,Decidir,3,,média,47,39.4,,37.0,Seu histórico em GTX Basic é 29 de 47 (62%) — abaixo da média geral (63%).,"Há 382 dias em Engaging. Nenhum deal do histórico fechou depois de 138 dias; 1291 abertos já passaram disso sem fechar. Não é esforço, é decisão: requalificar ou descartar.",GTX Basic: USD 550 em jogo — 6º produto mais caro dos 7.,
RJYG004O,Daniell Hammack,Rocco Neubert,East,GTX Basic,Domzoom,entertainment,Engaging,2016-12-16,380.0,550.0,Decidir,3,,pequena,18,44.0,,37.0,Seu histórico em GTX Basic é 11 de 18 (61%). Base pequena: o score usa 61% (puxado para a sua média de 61%).,"Há 380 dias em Engaging. Nenhum deal do histórico fechou depois de 138 dias; 1291 abertos já passaram disso sem fechar. Não é esforço, é decisão: requalificar ou descartar.",GTX Basic: USD 550 em jogo — 6º produto mais caro dos 7.,
PYOFK7ZD,Cassey Cress,Rocco Neubert,East,GTX Basic,,,Engaging,2016-12-17,379.0,550.0,Decidir,3,,ampla,58,44.1,,37.0,Seu histórico em GTX Basic é 35 de 58 (60%) — abaixo da sua média (62%) e da geral (63%).,"Há 379 dias em Engaging. Nenhum deal do histórico fechou depois de 138 dias; 1291 abertos já passaram disso sem fechar. Não é esforço, é decisão: requalificar ou descartar.",GTX Basic: USD 550 em jogo — 6º produto mais caro dos 7.,
4H2QMS78,Vicki Laflamme,Celia Rouche,West,GTX Basic,,,Engaging,2016-12-21,375.0,550.0,Decidir,3,,ampla,83,59.6,,37.0,Você fecha GTX Basic em 56 de 83 deals (67%) — acima da média geral (63%).,"Há 375 dias em Engaging. Nenhum deal do histórico fechou depois de 138 dias; 1291 abertos já passaram disso sem fechar. Não é esforço, é decisão: requalificar ou descartar.",GTX Basic: USD 550 em jogo — 6º produto mais caro dos 7.,
EUG019AS,Corliss Cosme,Cara Losch,East,GTX Basic,,,Engaging,2016-12-23,373.0,550.0,Decidir,3,,ampla,54,59.2,,37.0,Você fecha GTX Basic em 36 de 54 deals (67%) — acima da média geral (63%).,"Há 373 dias em Engaging. Nenhum deal do histórico fechou depois de 138 dias; 1291 abertos já passaram disso sem fechar. Não é esforço, é decisão: requalificar ou descartar.",GTX Basic: USD 550 em jogo — 6º produto mais caro dos 7.,
AI76U58A,Maureen Marcano,Summer Sewald,West,GTX Basic,Treequote,telecommunications,Engaging,2016-12-25,371.0,550.0,Decidir,3,,média,41,49.5,,37.0,Seu histórico em GTX Basic é 23 de 41 (56%) — abaixo da sua média (70%) e da geral (63%).,"Há 371 dias em Engaging. Nenhum deal do histórico fechou depois de 138 dias; 1291 abertos já passaram disso sem fechar. Não é esforço, é decisão: requalificar ou descartar.",GTX Basic: USD 550 em jogo — 6º produto mais caro dos 7.,
KFPM2LJW,Rosalina Dieter,Celia Rouche,West,GTX Basic,,,Engaging,2016-12-25,371.0,550.0,Decidir,3,,pequena,15,56.8,,37.0,Seu histórico em GTX Basic é 10 de 15 (67%). Base pequena: o score usa 65% (puxado para a sua média de 65%).,"Há 371 dias em Engaging. Nenhum deal do histórico fechou depois de 138 dias; 1291 abertos já passaram disso sem fechar. Não é esforço, é decisão: requalificar ou descartar.",GTX Basic: USD 550 em jogo — 6º produto mais caro dos 7.,
2VCDVCIZ,Kary Hendrixson,Summer Sewald,West,GTX Basic,,,Engaging,2016-12-27,369.0,550.0,Decidir,3,,ampla,129,50.4,,37.0,Você fecha GTX Basic em 82 de 129 deals (64%) — acima da média geral (63%).,"Há 369 dias em Engaging. Nenhum deal do histórico fechou depois de 138 dias; 1291 abertos já passaram disso sem fechar. Não é esforço, é decisão: requalificar ou descartar.",GTX Basic: USD 550 em jogo — 6º produto mais caro dos 7.,
PMMW9JX3,Kary Hendrixson,Summer Sewald,West,GTX Basic,,,Engaging,2016-12-28,368.0,550.0,Decidir,3,,ampla,129,50.4,,37.0,Você fecha GTX Basic em 82 de 129 deals (64%) — acima da média geral (63%).,"Há 368 dias em Engaging. Nenhum deal do histórico fechou depois de 138 dias; 1291 abertos já passaram disso sem fechar. Não é esforço, é decisão: requalificar ou descartar.",GTX Basic: USD 550 em jogo — 6º produto mais caro dos 7.,
9IA34L8S,Vicki Laflamme,Celia Rouche,West,GTX Basic,,,Engaging,2016-12-29,367.0,550.0,Decidir,3,,ampla,83,59.6,,37.0,Você fecha GTX Basic em 56 de 83 deals (67%) — acima da média geral (63%).,"Há 367 dias em Engaging. Nenhum deal do histórico fechou depois de 138 dias; 1291 abertos já passaram disso sem fechar. Não é esforço, é decisão: requalificar ou descartar.",GTX Basic: USD 550 em jogo — 6º produto mais caro dos 7.,
Z75ND4JF,Kary Hendrixson,Summer Sewald,West,GTX Basic,,,Engaging,2017-01-04,361.0,550.0,Decidir,3,,ampla,129,50.4,,37.0,Você fecha GTX Basic em 82 de 129 deals (64%) — acima da média geral (63%).,"Há 361 dias em Engaging. Nenhum deal do histórico fechou depois de 138 dias; 1291 abertos já passaram disso sem fechar. Não é esforço, é decisão: requalificar ou descartar.",GTX Basic: USD 550 em jogo — 6º produto mais caro dos 7.,
4JHY98UG,Cassey Cress,Rocco Neubert,East,GTX Basic,,,Engaging,2017-01-07,358.0,550.0,Decidir,3,,ampla,58,44.1,,37.0,Seu histórico em GTX Basic é 35 de 58 (60%) — abaixo da sua média (62%) e da geral (63%).,"Há 358 dias em Engaging. Nenhum deal do histórico fechou depois de 138 dias; 1291 abertos já passaram disso sem fechar. Não é esforço, é decisão: requalificar ou descartar.",GTX Basic: USD 550 em jogo — 6º produto mais caro dos 7.,
EQCD7G7Q,Rosalina Dieter,Celia Rouche,West,GTX Basic,Initech,telecommunications,Engaging,2017-01-08,357.0,550.0,Decidir,3,,pequena,15,56.8,,37.0,Seu histórico em GTX Basic é 10 de 15 (67%). Base pequena: o score usa 65% (puxado para a sua média de 65%).,"Há 357 dias em Engaging. Nenhum deal do histórico fechou depois de 138 dias; 1291 abertos já passaram disso sem fechar. Não é esforço, é decisão: requalificar ou descartar.",GTX Basic: USD 550 em jogo — 6º produto mais caro dos 7.,
DWUD4S0P,Markita Hansen,Celia Rouche,West,GTX Basic,,,Engaging,2017-01-10,355.0,550.0,Decidir,3,,média,47,39.4,,37.0,Seu histórico em GTX Basic é 29 de 47 (62%) — abaixo da média geral (63%).,"Há 355 dias em Engaging. Nenhum deal do histórico fechou depois de 138 dias; 1291 abertos já passaram disso sem fechar. Não é esforço, é decisão: requalificar ou descartar.",GTX Basic: USD 550 em jogo — 6º produto mais caro dos 7.,
0I6U3MQ6,Violet Mclelland,Cara Losch,East,GTX Basic,Funholding,finance,Engaging,2017-01-12,353.0,550.0,Decidir,3,,média,25,46.6,,37.0,Seu histórico em GTX Basic é 15 de 25 (60%) — abaixo da sua média (63%) e da geral (63%).,"Há 353 dias em Engaging. Nenhum deal do histórico fechou depois de 138 dias; 1291 abertos já passaram disso sem fechar. Não é esforço, é decisão: requalificar ou descartar.",GTX Basic: USD 550 em jogo — 6º produto mais caro dos 7.,
JIACLB24,Vicki Laflamme,Celia Rouche,West,GTX Basic,Scottech,marketing,Engaging,2017-01-14,351.0,550.0,Decidir,3,,ampla,83,59.6,,37.0,Você fecha GTX Basic em 56 de 83 deals (67%) — acima da média geral (63%).,"Há 351 dias em Engaging. Nenhum deal do histórico fechou depois de 138 dias; 1291 abertos já passaram disso sem fechar. Não é esforço, é decisão: requalificar ou descartar.",GTX Basic: USD 550 em jogo — 6º produto mais caro dos 7.,
GR2X90DZ,Vicki Laflamme,Celia Rouche,West,GTX Basic,,,Engaging,2017-01-15,350.0,550.0,Decidir,3,,ampla,83,59.6,,37.0,Você fecha GTX Basic em 56 de 83 deals (67%) — acima da média geral (63%).,"Há 350 dias em Engaging. Nenhum deal do histórico fechou depois de 138 dias; 1291 abertos já passaram disso sem fechar. Não é esforço, é decisão: requalificar ou descartar.",GTX Basic: USD 550 em jogo — 6º produto mais caro dos 7.,
ETZKANFZ,Markita Hansen,Celia Rouche,West,GTX Basic,,,Engaging,2017-01-21,344.0,550.0,Decidir,3,,média,47,39.4,,37.0,Seu histórico em GTX Basic é 29 de 47 (62%) — abaixo da média geral (63%).,"Há 344 dias em Engaging. Nenhum deal do histórico fechou depois de 138 dias; 1291 abertos já passaram disso sem fechar. Não é esforço, é decisão: requalificar ou descartar.",GTX Basic: USD 550 em jogo — 6º produto mais caro dos 7.,
Z1WLLL1H,Kami Bicknell,Summer Sewald,West,GTX Basic,,,Engaging,2017-01-21,344.0,550.0,Decidir,3,,ampla,108,56.6,,37.0,Você fecha GTX Basic em 71 de 108 deals (66%) — acima da média geral (63%).,"Há 344 dias em Engaging. Nenhum deal do histórico fechou depois de 138 dias; 1291 abertos já passaram disso sem fechar. Não é esforço, é decisão: requalificar ou descartar.",GTX Basic: USD 550 em jogo — 6º produto mais caro dos 7.,
F569KUVC,Kami Bicknell,Summer Sewald,West,GTX Basic,,,Engaging,2017-01-24,341.0,550.0,Decidir,3,,ampla,108,56.6,,37.0,Você fecha GTX Basic em 71 de 108 deals (66%) — acima da média geral (63%).,"Há 341 dias em Engaging. Nenhum deal do histórico fechou depois de 138 dias; 1291 abertos já passaram disso sem fechar. Não é esforço, é decisão: requalificar ou descartar.",GTX Basic: USD 550 em jogo — 6º produto mais caro dos 7.,
VYPYVO8V,Vicki Laflamme,Celia Rouche,West,GTX Basic,,,Engaging,2017-01-24,341.0,550.0,Decidir,3,,ampla,83,59.6,,37.0,Você fecha GTX Basic em 56 de 83 deals (67%) — acima da média geral (63%).,"Há 341 dias em Engaging. Nenhum deal do histórico fechou depois de 138 dias; 1291 abertos já passaram disso sem fechar. Não é esforço, é decisão: requalificar ou descartar.",GTX Basic: USD 550 em jogo — 6º produto mais caro dos 7.,
379DUF2N,Markita Hansen,Celia Rouche,West,GTX Basic,,,Engaging,2017-01-29,336.0,550.0,Decidir,3,,média,47,39.4,,37.0,Seu histórico em GTX Basic é 29 de 47 (62%) — abaixo da média geral (63%).,"Há 336 dias em Engaging. Nenhum deal do histórico fechou depois de 138 dias; 1291 abertos já passaram disso sem fechar. Não é esforço, é decisão: requalificar ou descartar.",GTX Basic: USD 550 em jogo — 6º produto mais caro dos 7.,
9W7PFSNX,Corliss Cosme,Cara Losch,East,GTX Basic,,,Engaging,2017-01-31,334.0,550.0,Decidir,3,,ampla,54,59.2,,37.0,Você fecha GTX Basic em 36 de 54 deals (67%) — acima da média geral (63%).,"Há 334 dias em Engaging. Nenhum deal do histórico fechou depois de 138 dias; 1291 abertos já passaram disso sem fechar. Não é esforço, é decisão: requalificar ou descartar.",GTX Basic: USD 550 em jogo — 6º produto mais caro dos 7.,
USVLKDF4,Corliss Cosme,Cara Losch,East,GTX Basic,Dontechi,software,Engaging,2017-02-04,330.0,550.0,Decidir,3,,ampla,54,59.2,,37.0,Você fecha GTX Basic em 36 de 54 deals (67%) — acima da média geral (63%).,"Há 330 dias em Engaging. Nenhum deal do histórico fechou depois de 138 dias; 1291 abertos já passaram disso sem fechar. Não é esforço, é decisão: requalificar ou descartar.",GTX Basic: USD 550 em jogo — 6º produto mais caro dos 7.,
E4THD359,Wilburn Farren,Cara Losch,East,GTX Basic,,,Engaging,2017-02-05,329.0,550.0,Decidir,3,,pequena,12,68.3,,37.0,Seu histórico em GTX Basic é 9 de 12 (75%). Base pequena: o score usa 69% (puxado para a sua média de 70%).,"Há 329 dias em Engaging. Nenhum deal do histórico fechou depois de 138 dias; 1291 abertos já passaram disso sem fechar. Não é esforço, é decisão: requalificar ou descartar.",GTX Basic: USD 550 em jogo — 6º produto mais caro dos 7.,
YM8DBAFV,Cassey Cress,Rocco Neubert,East,GTX Basic,Sumace,retail,Engaging,2017-02-05,329.0,550.0,Decidir,3,,ampla,58,44.1,,37.0,Seu histórico em GTX Basic é 35 de 58 (60%) — abaixo da sua média (62%) e da geral (63%).,"Há 329 dias em Engaging. Nenhum deal do histórico fechou depois de 138 dias; 1291 abertos já passaram disso sem fechar. Não é esforço, é decisão: requalificar ou descartar.",GTX Basic: USD 550 em jogo — 6º produto mais caro dos 7.,
S6645YWA,Kami Bicknell,Summer Sewald,West,GTX Basic,Y-corporation,employment,Engaging,2017-02-07,327.0,550.0,Decidir,3,,ampla,108,56.6,,37.0,Você fecha GTX Basic em 71 de 108 deals (66%) — acima da média geral (63%).,"Há 327 dias em Engaging. Nenhum deal do histórico fechou depois de 138 dias; 1291 abertos já passaram disso sem fechar. Não é esforço, é decisão: requalificar ou descartar.",GTX Basic: USD 550 em jogo — 6º produto mais caro dos 7.,
9A9E1KPG,Elease Gluck,Celia Rouche,West,GTX Basic,Genco Pura Olive Oil Company,retail,Engaging,2017-02-08,326.0,550.0,Decidir,3,,pequena,16,65.2,,37.0,Seu histórico em GTX Basic é 13 de 16 (81%). Base pequena: o score usa 68% (puxado para a sua média de 63%).,"Há 326 dias em Engaging. Nenhum deal do histórico fechou depois de 138 dias; 1291 abertos já passaram disso sem fechar. Não é esforço, é decisão: requalificar ou descartar.",GTX Basic: USD 550 em jogo — 6º produto mais caro dos 7.,
X3ZSQCH8,Kami Bicknell,Summer Sewald,West,GTX Basic,Scotfind,software,Engaging,2017-02-10,324.0,550.0,Decidir,3,,ampla,108,56.6,,37.0,Você fecha GTX Basic em 71 de 108 deals (66%) — acima da média geral (63%).,"Há 324 dias em Engaging. Nenhum deal do histórico fechou depois de 138 dias; 1291 abertos já passaram disso sem fechar. Não é esforço, é decisão: requalificar ou descartar.",GTX Basic: USD 550 em jogo — 6º produto mais caro dos 7.,
8AJG1YLJ,Kary Hendrixson,Summer Sewald,West,GTX Basic,,,Engaging,2017-02-11,323.0,550.0,Decidir,3,,ampla,129,50.4,,37.0,Você fecha GTX Basic em 82 de 129 deals (64%) — acima da média geral (63%).,"Há 323 dias em Engaging. Nenhum deal do histórico fechou depois de 138 dias; 1291 abertos já passaram disso sem fechar. Não é esforço, é decisão: requalificar ou descartar.",GTX Basic: USD 550 em jogo — 6º produto mais caro dos 7.,
VXMFL425,James Ascencio,Summer Sewald,West,GTX Basic,Faxquote,telecommunications,Engaging,2017-02-12,322.0,550.0,Decidir,3,,ampla,54,52.8,,37.0,Você fecha GTX Basic em 34 de 54 deals (63%) — acima da média geral (63%).,"Há 322 dias em Engaging. Nenhum deal do histórico fechou depois de 138 dias; 1291 abertos já passaram disso sem fechar. Não é esforço, é decisão: requalificar ou descartar.",GTX Basic: USD 550 em jogo — 6º produto mais caro dos 7.,
OZ761BUJ,Violet Mclelland,Cara Losch,East,GTX Basic,,,Engaging,2017-02-13,321.0,550.0,Decidir,3,,média,25,46.6,,37.0,Seu histórico em GTX Basic é 15 de 25 (60%) — abaixo da sua média (63%) e da geral (63%).,"Há 321 dias em Engaging. Nenhum deal do histórico fechou depois de 138 dias; 1291 abertos já passaram disso sem fechar. Não é esforço, é decisão: requalificar ou descartar.",GTX Basic: USD 550 em jogo — 6º produto mais caro dos 7.,
92G1TO7L,Kary Hendrixson,Summer Sewald,West,GTX Basic,,,Engaging,2017-02-15,319.0,550.0,Decidir,3,,ampla,129,50.4,,37.0,Você fecha GTX Basic em 82 de 129 deals (64%) — acima da média geral (63%).,"Há 319 dias em Engaging. Nenhum deal do histórico fechou depois de 138 dias; 1291 abertos já passaram disso sem fechar. Não é esforço, é decisão: requalificar ou descartar.",GTX Basic: USD 550 em jogo — 6º produto mais caro dos 7.,
R2W96FGX,Zane Levy,Summer Sewald,West,GTX Basic,,,Engaging,2017-02-15,319.0,550.0,Decidir,3,,ampla,79,43.5,,37.0,Seu histórico em GTX Basic é 48 de 79 (61%) — abaixo da sua média (62%) e da geral (63%).,"Há 319 dias em Engaging. Nenhum deal do histórico fechou depois de 138 dias; 1291 abertos já passaram disso sem fechar. Não é esforço, é decisão: requalificar ou descartar.",GTX Basic: USD 550 em jogo — 6º produto mais caro dos 7.,
SVCKI631,Maureen Marcano,Summer Sewald,West,GTX Basic,,,Engaging,2017-02-15,319.0,550.0,Decidir,3,,média,41,49.5,,37.0,Seu histórico em GTX Basic é 23 de 41 (56%) — abaixo da sua média (70%) e da geral (63%).,"Há 319 dias em Engaging. Nenhum deal do histórico fechou depois de 138 dias; 1291 abertos já passaram disso sem fechar. Não é esforço, é decisão: requalificar ou descartar.",GTX Basic: USD 550 em jogo — 6º produto mais caro dos 7.,
5KK2SSSB,Rosie Papadopoulos,Cara Losch,East,GTX Basic,,,Engaging,2017-02-16,318.0,550.0,Decidir,3,,pequena,9,60.1,,37.0,Seu histórico em GTX Basic é 7 de 9 (78%). Base pequena: o score usa 66% (puxado para a sua média de 64%).,"Há 318 dias em Engaging. Nenhum deal do histórico fechou depois de 138 dias; 1291 abertos já passaram disso sem fechar. Não é esforço, é decisão: requalificar ou descartar.",GTX Basic: USD 550 em jogo — 6º produto mais caro dos 7.,
BNY8MJ6L,Kary Hendrixson,Summer Sewald,West,GTX Basic,Labdrill,medical,Engaging,2017-02-16,318.0,550.0,Decidir,3,,ampla,129,50.4,,37.0,Você fecha GTX Basic em 82 de 129 deals (64%) — acima da média geral (63%).,"Há 318 dias em Engaging. Nenhum deal do histórico fechou depois de 138 dias; 1291 abertos já passaram disso sem fechar. Não é esforço, é decisão: requalificar ou descartar.",GTX Basic: USD 550 em jogo — 6º produto mais caro dos 7.,
V3HVIJLL,Zane Levy,Summer Sewald,West,GTX Basic,,,Engaging,2017-02-16,318.0,550.0,Decidir,3,,ampla,79,43.5,,37.0,Seu histórico em GTX Basic é 48 de 79 (61%) — abaixo da sua média (62%) e da geral (63%).,"Há 318 dias em Engaging. Nenhum deal do histórico fechou depois de 138 dias; 1291 abertos já passaram disso sem fechar. Não é esforço, é decisão: requalificar ou descartar.",GTX Basic: USD 550 em jogo — 6º produto mais caro dos 7.,
CG9VXPV1,Zane Levy,Summer Sewald,West,GTX Basic,,,Engaging,2017-02-19,315.0,550.0,Decidir,3,,ampla,79,43.5,,37.0,Seu histórico em GTX Basic é 48 de 79 (61%) — abaixo da sua média (62%) e da geral (63%).,"Há 315 dias em Engaging. Nenhum deal do histórico fechou depois de 138 dias; 1291 abertos já passaram disso sem fechar. Não é esforço, é decisão: requalificar ou descartar.",GTX Basic: USD 550 em jogo — 6º produto mais caro dos 7.,
WJQ8VD51,Kami Bicknell,Summer Sewald,West,GTX Basic,Faxquote,telecommunications,Engaging,2017-02-19,315.0,550.0,Decidir,3,,ampla,108,56.6,,37.0,Você fecha GTX Basic em 71 de 108 deals (66%) — acima da média geral (63%).,"Há 315 dias em Engaging. Nenhum deal do histórico fechou depois de 138 dias; 1291 abertos já passaram disso sem fechar. Não é esforço, é decisão: requalificar ou descartar.",GTX Basic: USD 550 em jogo — 6º produto mais caro dos 7.,
B4SIVH1O,Daniell Hammack,Rocco Neubert,East,GTX Basic,Fasehatice,retail,Engaging,2017-02-22,312.0,550.0,Decidir,3,,pequena,18,44.0,,37.0,Seu histórico em GTX Basic é 11 de 18 (61%). Base pequena: o score usa 61% (puxado para a sua média de 61%).,"Há 312 dias em Engaging. Nenhum deal do histórico fechou depois de 138 dias; 1291 abertos já passaram disso sem fechar. Não é esforço, é decisão: requalificar ou descartar.",GTX Basic: USD 550 em jogo — 6º produto mais caro dos 7.,
Q19RWR17,Vicki Laflamme,Celia Rouche,West,GTX Basic,Rundofase,technology,Engaging,2017-02-22,312.0,550.0,Decidir,3,,ampla,83,59.6,,37.0,Você fecha GTX Basic em 56 de 83 deals (67%) — acima da média geral (63%).,"Há 312 dias em Engaging. Nenhum deal do histórico fechou depois de 138 dias; 1291 abertos já passaram disso sem fechar. Não é esforço, é decisão: requalificar ou descartar.",GTX Basic: USD 550 em jogo — 6º produto mais caro dos 7.,
Y3CYQGPH,Rosalina Dieter,Celia Rouche,West,GTX Basic,,,Engaging,2017-02-22,312.0,550.0,Decidir,3,,pequena,15,56.8,,37.0,Seu histórico em GTX Basic é 10 de 15 (67%). Base pequena: o score usa 65% (puxado para a sua média de 65%).,"Há 312 dias em Engaging. Nenhum deal do histórico fechou depois de 138 dias; 1291 abertos já passaram disso sem fechar. Não é esforço, é decisão: requalificar ou descartar.",GTX Basic: USD 550 em jogo — 6º produto mais caro dos 7.,
6PW6ZQEE,Corliss Cosme,Cara Losch,East,GTX Basic,,,Engaging,2017-02-23,311.0,550.0,Decidir,3,,ampla,54,59.2,,37.0,Você fecha GTX Basic em 36 de 54 deals (67%) — acima da média geral (63%).,"Há 311 dias em Engaging. Nenhum deal do histórico fechou depois de 138 dias; 1291 abertos já passaram disso sem fechar. Não é esforço, é decisão: requalificar ou descartar.",GTX Basic: USD 550 em jogo — 6º produto mais caro dos 7.,
7ONH55WT,Cassey Cress,Rocco Neubert,East,GTX Basic,,,Engaging,2017-02-24,310.0,550.0,Decidir,3,,ampla,58,44.1,,37.0,Seu histórico em GTX Basic é 35 de 58 (60%) — abaixo da sua média (62%) e da geral (63%).,"Há 310 dias em Engaging. Nenhum deal do histórico fechou depois de 138 dias; 1291 abertos já passaram disso sem fechar. Não é esforço, é decisão: requalificar ou descartar.",GTX Basic: USD 550 em jogo — 6º produto mais caro dos 7.,
CMKXOOJQ,Corliss Cosme,Cara Losch,East,GTX Basic,,,Engaging,2017-02-24,310.0,550.0,Decidir,3,,ampla,54,59.2,,37.0,Você fecha GTX Basic em 36 de 54 deals (67%) — acima da média geral (63%).,"Há 310 dias em Engaging. Nenhum deal do histórico fechou depois de 138 dias; 1291 abertos já passaram disso sem fechar. Não é esforço, é decisão: requalificar ou descartar.",GTX Basic: USD 550 em jogo — 6º produto mais caro dos 7.,
STT3X4NB,Violet Mclelland,Cara Losch,East,GTX Basic,Xx-holding,finance,Engaging,2017-03-01,305.0,550.0,Decidir,3,,média,25,46.6,,37.0,Seu histórico em GTX Basic é 15 de 25 (60%) — abaixo da sua média (63%) e da geral (63%).,"Há 305 dias em Engaging. Nenhum deal do histórico fechou depois de 138 dias; 1291 abertos já passaram disso sem fechar. Não é esforço, é decisão: requalificar ou descartar.",GTX Basic: USD 550 em jogo — 6º produto mais caro dos 7.,
4CXUC4VR,Vicki Laflamme,Celia Rouche,West,GTX Basic,Rantouch,telecommunications,Engaging,2017-03-02,304.0,550.0,Decidir,3,,ampla,83,59.6,,37.0,Você fecha GTX Basic em 56 de 83 deals (67%) — acima da média geral (63%).,"Há 304 dias em Engaging. Nenhum deal do histórico fechou depois de 138 dias; 1291 abertos já passaram disso sem fechar. Não é esforço, é decisão: requalificar ou descartar.",GTX Basic: USD 550 em jogo — 6º produto mais caro dos 7.,
4V9NMGEA,Rosalina Dieter,Celia Rouche,West,GTX Basic,,,Engaging,2017-03-02,304.0,550.0,Decidir,3,,pequena,15,56.8,,37.0,Seu histórico em GTX Basic é 10 de 15 (67%). Base pequena: o score usa 65% (puxado para a sua média de 65%).,"Há 304 dias em Engaging. Nenhum deal do histórico fechou depois de 138 dias; 1291 abertos já passaram disso sem fechar. Não é esforço, é decisão: requalificar ou descartar.",GTX Basic: USD 550 em jogo — 6º produto mais caro dos 7.,
79EHWR35,Vicki Laflamme,Celia Rouche,West,GTX Basic,,,Engaging,2017-03-02,304.0,550.0,Decidir,3,,ampla,83,59.6,,37.0,Você fecha GTX Basic em 56 de 83 deals (67%) — acima da média geral (63%).,"Há 304 dias em Engaging. Nenhum deal do histórico fechou depois de 138 dias; 1291 abertos já passaram disso sem fechar. Não é esforço, é decisão: requalificar ou descartar.",GTX Basic: USD 550 em jogo — 6º produto mais caro dos 7.,
D3ZC338T,Zane Levy,Summer Sewald,West,GTX Basic,,,Engaging,2017-03-02,304.0,550.0,Decidir,3,,ampla,79,43.5,,37.0,Seu histórico em GTX Basic é 48 de 79 (61%) — abaixo da sua média (62%) e da geral (63%).,"Há 304 dias em Engaging. Nenhum deal do histórico fechou depois de 138 dias; 1291 abertos já passaram disso sem fechar. Não é esforço, é decisão: requalificar ou descartar.",GTX Basic: USD 550 em jogo — 6º produto mais caro dos 7.,
KBQ16F1I,Zane Levy,Summer Sewald,West,GTX Basic,,,Engaging,2017-03-03,303.0,550.0,Decidir,3,,ampla,79,43.5,,37.0,Seu histórico em GTX Basic é 48 de 79 (61%) — abaixo da sua média (62%) e da geral (63%).,"Há 303 dias em Engaging. Nenhum deal do histórico fechou depois de 138 dias; 1291 abertos já passaram disso sem fechar. Não é esforço, é decisão: requalificar ou descartar.",GTX Basic: USD 550 em jogo — 6º produto mais caro dos 7.,
5JDWBOLS,Daniell Hammack,Rocco Neubert,East,GTX Basic,,,Engaging,2017-03-04,302.0,550.0,Decidir,3,,pequena,18,44.0,,37.0,Seu histórico em GTX Basic é 11 de 18 (61%). Base pequena: o score usa 61% (puxado para a sua média de 61%).,"Há 302 dias em Engaging. Nenhum deal do histórico fechou depois de 138 dias; 1291 abertos já passaram disso sem fechar. Não é esforço, é decisão: requalificar ou descartar.",GTX Basic: USD 550 em jogo — 6º produto mais caro dos 7.,
AKTPC3M1,Kami Bicknell,Summer Sewald,West,GTX Basic,,,Engaging,2017-03-05,301.0,550.0,Decidir,3,,ampla,108,56.6,,37.0,Você fecha GTX Basic em 71 de 108 deals (66%) — acima da média geral (63%).,"Há 301 dias em Engaging. Nenhum deal do histórico fechou depois de 138 dias; 1291 abertos já passaram disso sem fechar. Não é esforço, é decisão: requalificar ou descartar.",GTX Basic: USD 550 em jogo — 6º produto mais caro dos 7.,
LSA39JBG,Daniell Hammack,Rocco Neubert,East,GTX Basic,,,Engaging,2017-03-05,301.0,550.0,Decidir,3,,pequena,18,44.0,,37.0,Seu histórico em GTX Basic é 11 de 18 (61%). Base pequena: o score usa 61% (puxado para a sua média de 61%).,"Há 301 dias em Engaging. Nenhum deal do histórico fechou depois de 138 dias; 1291 abertos já passaram disso sem fechar. Não é esforço, é decisão: requalificar ou descartar.",GTX Basic: USD 550 em jogo — 6º produto mais caro dos 7.,
5Z8S8UHK,Cassey Cress,Rocco Neubert,East,GTX Basic,,,Engaging,2017-03-06,300.0,550.0,Decidir,3,,ampla,58,44.1,,37.0,Seu histórico em GTX Basic é 35 de 58 (60%) — abaixo da sua média (62%) e da geral (63%).,"Há 300 dias em Engaging. Nenhum deal do histórico fechou depois de 138 dias; 1291 abertos já passaram disso sem fechar. Não é esforço, é decisão: requalificar ou descartar.",GTX Basic: USD 550 em jogo — 6º produto mais caro dos 7.,
6F79VYH8,Boris Faz,Rocco Neubert,East,GTX Basic,,,Engaging,2017-03-07,299.0,550.0,Decidir,3,,média,26,57.3,,37.0,Você fecha GTX Basic em 17 de 26 deals (65%) — acima da média geral (63%).,"Há 299 dias em Engaging. Nenhum deal do histórico fechou depois de 138 dias; 1291 abertos já passaram disso sem fechar. Não é esforço, é decisão: requalificar ou descartar.",GTX Basic: USD 550 em jogo — 6º produto mais caro dos 7.,
NCMT5KK3,Vicki Laflamme,Celia Rouche,West,GTX Basic,Dalttechnology,software,Engaging,2017-03-07,299.0,550.0,Decidir,3,,ampla,83,59.6,,37.0,Você fecha GTX Basic em 56 de 83 deals (67%) — acima da média geral (63%).,"Há 299 dias em Engaging. Nenhum deal do histórico fechou depois de 138 dias; 1291 abertos já passaram disso sem fechar. Não é esforço, é decisão: requalificar ou descartar.",GTX Basic: USD 550 em jogo — 6º produto mais caro dos 7.,
ZTLLHCBU,Kary Hendrixson,Summer Sewald,West,GTX Basic,Dontechi,software,Engaging,2017-03-07,299.0,550.0,Decidir,3,,ampla,129,50.4,,37.0,Você fecha GTX Basic em 82 de 129 deals (64%) — acima da média geral (63%).,"Há 299 dias em Engaging. Nenhum deal do histórico fechou depois de 138 dias; 1291 abertos já passaram disso sem fechar. Não é esforço, é decisão: requalificar ou descartar.",GTX Basic: USD 550 em jogo — 6º produto mais caro dos 7.,
JDXSS1HT,Markita Hansen,Celia Rouche,West,GTX Basic,Silis,medical,Engaging,2017-03-08,298.0,550.0,Decidir,3,,média,47,39.4,,37.0,Seu histórico em GTX Basic é 29 de 47 (62%) — abaixo da média geral (63%).,"Há 298 dias em Engaging. Nenhum deal do histórico fechou depois de 138 dias; 1291 abertos já passaram disso sem fechar. Não é esforço, é decisão: requalificar ou descartar.",GTX Basic: USD 550 em jogo — 6º produto mais caro dos 7.,
26CH1NDR,Daniell Hammack,Rocco Neubert,East,GTX Basic,Mathtouch,marketing,Engaging,2017-03-09,297.0,550.0,Decidir,3,,pequena,18,44.0,,37.0,Seu histórico em GTX Basic é 11 de 18 (61%). Base pequena: o score usa 61% (puxado para a sua média de 61%).,"Há 297 dias em Engaging. Nenhum deal do histórico fechou depois de 138 dias; 1291 abertos já passaram disso sem fechar. Não é esforço, é decisão: requalificar ou descartar.",GTX Basic: USD 550 em jogo — 6º produto mais caro dos 7.,
ISAWVDYZ,Daniell Hammack,Rocco Neubert,East,GTX Basic,,,Engaging,2017-03-09,297.0,550.0,Decidir,3,,pequena,18,44.0,,37.0,Seu histórico em GTX Basic é 11 de 18 (61%). Base pequena: o score usa 61% (puxado para a sua média de 61%).,"Há 297 dias em Engaging. Nenhum deal do histórico fechou depois de 138 dias; 1291 abertos já passaram disso sem fechar. Não é esforço, é decisão: requalificar ou descartar.",GTX Basic: USD 550 em jogo — 6º produto mais caro dos 7.,
839AMI93,Kary Hendrixson,Summer Sewald,West,GTX Basic,,,Engaging,2017-03-10,296.0,550.0,Decidir,3,,ampla,129,50.4,,37.0,Você fecha GTX Basic em 82 de 129 deals (64%) — acima da média geral (63%).,"Há 296 dias em Engaging. Nenhum deal do histórico fechou depois de 138 dias; 1291 abertos já passaram disso sem fechar. Não é esforço, é decisão: requalificar ou descartar.",GTX Basic: USD 550 em jogo — 6º produto mais caro dos 7.,
BFGASJAW,Kary Hendrixson,Summer Sewald,West,GTX Basic,,,Engaging,2017-03-10,296.0,550.0,Decidir,3,,ampla,129,50.4,,37.0,Você fecha GTX Basic em 82 de 129 deals (64%) — acima da média geral (63%).,"Há 296 dias em Engaging. Nenhum deal do histórico fechou depois de 138 dias; 1291 abertos já passaram disso sem fechar. Não é esforço, é decisão: requalificar ou descartar.",GTX Basic: USD 550 em jogo — 6º produto mais caro dos 7.,
73HO9OZC,Cassey Cress,Rocco Neubert,East,GTX Basic,Finjob,employment,Engaging,2017-03-12,294.0,550.0,Decidir,3,,ampla,58,44.1,,37.0,Seu histórico em GTX Basic é 35 de 58 (60%) — abaixo da sua média (62%) e da geral (63%).,"Há 294 dias em Engaging. Nenhum deal do histórico fechou depois de 138 dias; 1291 abertos já passaram disso sem fechar. Não é esforço, é decisão: requalificar ou descartar.",GTX Basic: USD 550 em jogo — 6º produto mais caro dos 7.,
4IT33RBO,Markita Hansen,Celia Rouche,West,GTX Basic,,,Engaging,2017-03-13,293.0,550.0,Decidir,3,,média,47,39.4,,37.0,Seu histórico em GTX Basic é 29 de 47 (62%) — abaixo da média geral (63%).,"Há 293 dias em Engaging. Nenhum deal do histórico fechou depois de 138 dias; 1291 abertos já passaram disso sem fechar. Não é esforço, é decisão: requalificar ou descartar.",GTX Basic: USD 550 em jogo — 6º produto mais caro dos 7.,
3PVNGGBX,Markita Hansen,Celia Rouche,West,GTX Basic,The New York Inquirer,medical,Engaging,2017-03-14,292.0,550.0,Decidir,3,,média,47,39.4,,37.0,Seu histórico em GTX Basic é 29 de 47 (62%) — abaixo da média geral (63%).,"Há 292 dias em Engaging. Nenhum deal do histórico fechou depois de 138 dias; 1291 abertos já passaram disso sem fechar. Não é esforço, é decisão: requalificar ou descartar.",GTX Basic: USD 550 em jogo — 6º produto mais caro dos 7.,
V4XHHFO3,Elease Gluck,Celia Rouche,West,GTX Basic,Blackzim,retail,Engaging,2017-03-15,291.0,550.0,Decidir,3,,pequena,16,65.2,,37.0,Seu histórico em GTX Basic é 13 de 16 (81%). Base pequena: o score usa 68% (puxado para a sua média de 63%).,"Há 291 dias em Engaging. Nenhum deal do histórico fechou depois de 138 dias; 1291 abertos já passaram disso sem fechar. Não é esforço, é decisão: requalificar ou descartar.",GTX Basic: USD 550 em jogo — 6º produto mais caro dos 7.,
GK1NH8G7,Kami Bicknell,Summer Sewald,West,GTX Basic,Iselectrics,technology,Engaging,2017-03-16,290.0,550.0,Decidir,3,,ampla,108,56.6,,37.0,Você fecha GTX Basic em 71 de 108 deals (66%) — acima da média geral (63%).,"Há 290 dias em Engaging. Nenhum deal do histórico fechou depois de 138 dias; 1291 abertos já passaram disso sem fechar. Não é esforço, é decisão: requalificar ou descartar.",GTX Basic: USD 550 em jogo — 6º produto mais caro dos 7.,
4UZCVHEV,Violet Mclelland,Cara Losch,East,GTX Basic,,,Engaging,2017-03-17,289.0,550.0,Decidir,3,,média,25,46.6,,37.0,Seu histórico em GTX Basic é 15 de 25 (60%) — abaixo da sua média (63%) e da geral (63%).,"Há 289 dias em Engaging. Nenhum deal do histórico fechou depois de 138 dias; 1291 abertos já passaram disso sem fechar. Não é esforço, é decisão: requalificar ou descartar.",GTX Basic: USD 550 em jogo — 6º produto mais caro dos 7.,
EJDHOY6M,Corliss Cosme,Cara Losch,East,GTX Basic,,,Engaging,2017-03-17,289.0,550.0,Decidir,3,,ampla,54,59.2,,37.0,Você fecha GTX Basic em 36 de 54 deals (67%) — acima da média geral (63%).,"Há 289 dias em Engaging. Nenhum deal do histórico fechou depois de 138 dias; 1291 abertos já passaram disso sem fechar. Não é esforço, é decisão: requalificar ou descartar.",GTX Basic: USD 550 em jogo — 6º produto mais caro dos 7.,
H2IOHZ8R,James Ascencio,Summer Sewald,West,GTX Basic,,,Engaging,2017-03-18,288.0,550.0,Decidir,3,,ampla,54,52.8,,37.0,Você fecha GTX Basic em 34 de 54 deals (63%) — acima da média geral (63%).,"Há 288 dias em Engaging. Nenhum deal do histórico fechou depois de 138 dias; 1291 abertos já passaram disso sem fechar. Não é esforço, é decisão: requalificar ou descartar.",GTX Basic: USD 550 em jogo — 6º produto mais caro dos 7.,
I7MDOGGU,Maureen Marcano,Summer Sewald,West,GTX Basic,,,Engaging,2017-03-18,288.0,550.0,Decidir,3,,média,41,49.5,,37.0,Seu histórico em GTX Basic é 23 de 41 (56%) — abaixo da sua média (70%) e da geral (63%).,"Há 288 dias em Engaging. Nenhum deal do histórico fechou depois de 138 dias; 1291 abertos já passaram disso sem fechar. Não é esforço, é decisão: requalificar ou descartar.",GTX Basic: USD 550 em jogo — 6º produto mais caro dos 7.,
THKCN7HU,Kary Hendrixson,Summer Sewald,West,GTX Basic,,,Engaging,2017-03-19,287.0,550.0,Decidir,3,,ampla,129,50.4,,37.0,Você fecha GTX Basic em 82 de 129 deals (64%) — acima da média geral (63%).,"Há 287 dias em Engaging. Nenhum deal do histórico fechou depois de 138 dias; 1291 abertos já passaram disso sem fechar. Não é esforço, é decisão: requalificar ou descartar.",GTX Basic: USD 550 em jogo — 6º produto mais caro dos 7.,
ALHQU8W8,Corliss Cosme,Cara Losch,East,GTX Basic,Plexzap,retail,Engaging,2017-03-20,286.0,550.0,Decidir,3,,ampla,54,59.2,,37.0,Você fecha GTX Basic em 36 de 54 deals (67%) — acima da média geral (63%).,"Há 286 dias em Engaging. Nenhum deal do histórico fechou depois de 138 dias; 1291 abertos já passaram disso sem fechar. Não é esforço, é decisão: requalificar ou descartar.",GTX Basic: USD 550 em jogo — 6º produto mais caro dos 7.,
3JUL12VK,Kami Bicknell,Summer Sewald,West,GTX Basic,,,Engaging,2017-03-22,284.0,550.0,Decidir,3,,ampla,108,56.6,,37.0,Você fecha GTX Basic em 71 de 108 deals (66%) — acima da média geral (63%).,"Há 284 dias em Engaging. Nenhum deal do histórico fechou depois de 138 dias; 1291 abertos já passaram disso sem fechar. Não é esforço, é decisão: requalificar ou descartar.",GTX Basic: USD 550 em jogo — 6º produto mais caro dos 7.,
4U9D1IZ5,Zane Levy,Summer Sewald,West,GTX Basic,,,Engaging,2017-03-22,284.0,550.0,Decidir,3,,ampla,79,43.5,,37.0,Seu histórico em GTX Basic é 48 de 79 (61%) — abaixo da sua média (62%) e da geral (63%).,"Há 284 dias em Engaging. Nenhum deal do histórico fechou depois de 138 dias; 1291 abertos já passaram disso sem fechar. Não é esforço, é decisão: requalificar ou descartar.",GTX Basic: USD 550 em jogo — 6º produto mais caro dos 7.,
PO158L29,Cassey Cress,Rocco Neubert,East,GTX Basic,Blackzim,retail,Engaging,2017-03-23,283.0,550.0,Decidir,3,,ampla,58,44.1,,37.0,Seu histórico em GTX Basic é 35 de 58 (60%) — abaixo da sua média (62%) e da geral (63%).,"Há 283 dias em Engaging. Nenhum deal do histórico fechou depois de 138 dias; 1291 abertos já passaram disso sem fechar. Não é esforço, é decisão: requalificar ou descartar.",GTX Basic: USD 550 em jogo — 6º produto mais caro dos 7.,
GEJLL5L3,Corliss Cosme,Cara Losch,East,GTX Basic,,,Engaging,2017-03-24,282.0,550.0,Decidir,3,,ampla,54,59.2,,37.0,Você fecha GTX Basic em 36 de 54 deals (67%) — acima da média geral (63%).,"Há 282 dias em Engaging. Nenhum deal do histórico fechou depois de 138 dias; 1291 abertos já passaram disso sem fechar. Não é esforço, é decisão: requalificar ou descartar.",GTX Basic: USD 550 em jogo — 6º produto mais caro dos 7.,
3T64Z7DB,Kami Bicknell,Summer Sewald,West,GTX Basic,,,Engaging,2017-03-25,281.0,550.0,Decidir,3,,ampla,108,56.6,,37.0,Você fecha GTX Basic em 71 de 108 deals (66%) — acima da média geral (63%).,"Há 281 dias em Engaging. Nenhum deal do histórico fechou depois de 138 dias; 1291 abertos já passaram disso sem fechar. Não é esforço, é decisão: requalificar ou descartar.",GTX Basic: USD 550 em jogo — 6º produto mais caro dos 7.,
VRYR5A81,Wilburn Farren,Cara Losch,East,GTX Basic,Finhigh,finance,Engaging,2017-03-25,281.0,550.0,Decidir,3,,pequena,12,68.3,,37.0,Seu histórico em GTX Basic é 9 de 12 (75%). Base pequena: o score usa 69% (puxado para a sua média de 70%).,"Há 281 dias em Engaging. Nenhum deal do histórico fechou depois de 138 dias; 1291 abertos já passaram disso sem fechar. Não é esforço, é decisão: requalificar ou descartar.",GTX Basic: USD 550 em jogo — 6º produto mais caro dos 7.,
I6U62W0R,Kami Bicknell,Summer Sewald,West,GTX Basic,,,Engaging,2017-03-29,277.0,550.0,Decidir,3,,ampla,108,56.6,,37.0,Você fecha GTX Basic em 71 de 108 deals (66%) — acima da média geral (63%).,"Há 277 dias em Engaging. Nenhum deal do histórico fechou depois de 138 dias; 1291 abertos já passaram disso sem fechar. Não é esforço, é decisão: requalificar ou descartar.",GTX Basic: USD 550 em jogo — 6º produto mais caro dos 7.,
2VDN72EP,Vicki Laflamme,Celia Rouche,West,GTX Basic,,,Engaging,2017-03-30,276.0,550.0,Decidir,3,,ampla,83,59.6,,37.0,Você fecha GTX Basic em 56 de 83 deals (67%) — acima da média geral (63%).,"Há 276 dias em Engaging. Nenhum deal do histórico fechou depois de 138 dias; 1291 abertos já passaram disso sem fechar. Não é esforço, é decisão: requalificar ou descartar.",GTX Basic: USD 550 em jogo — 6º produto mais caro dos 7.,
NFMCPYOV,Rosie Papadopoulos,Cara Losch,East,GTX Basic,Finjob,employment,Engaging,2017-03-30,276.0,550.0,Decidir,3,,pequena,9,60.1,,37.0,Seu histórico em GTX Basic é 7 de 9 (78%). Base pequena: o score usa 66% (puxado para a sua média de 64%).,"Há 276 dias em Engaging. Nenhum deal do histórico fechou depois de 138 dias; 1291 abertos já passaram disso sem fechar. Não é esforço, é decisão: requalificar ou descartar.",GTX Basic: USD 550 em jogo — 6º produto mais caro dos 7.,
Z9QZKUV5,Zane Levy,Summer Sewald,West,GTX Basic,Zumgoity,medical,Engaging,2017-03-30,276.0,550.0,Decidir,3,,ampla,79,43.5,,37.0,Seu histórico em GTX Basic é 48 de 79 (61%) — abaixo da sua média (62%) e da geral (63%).,"Há 276 dias em Engaging. Nenhum deal do histórico fechou depois de 138 dias; 1291 abertos já passaram disso sem fechar. Não é esforço, é decisão: requalificar ou descartar.",GTX Basic: USD 550 em jogo — 6º produto mais caro dos 7.,
T0VJ4AMX,Corliss Cosme,Cara Losch,East,GTX Basic,Green-Plus,services,Engaging,2017-03-31,275.0,550.0,Decidir,3,,ampla,54,59.2,,37.0,Você fecha GTX Basic em 36 de 54 deals (67%) — acima da média geral (63%).,"Há 275 dias em Engaging. Nenhum deal do histórico fechou depois de 138 dias; 1291 abertos já passaram disso sem fechar. Não é esforço, é decisão: requalificar ou descartar.",GTX Basic: USD 550 em jogo — 6º produto mais caro dos 7.,
YLK0MRJ3,Kary Hendrixson,Summer Sewald,West,GTX Basic,Iselectrics,technology,Engaging,2017-04-01,274.0,550.0,Decidir,3,,ampla,129,50.4,,37.0,Você fecha GTX Basic em 82 de 129 deals (64%) — acima da média geral (63%).,"Há 274 dias em Engaging. Nenhum deal do histórico fechou depois de 138 dias; 1291 abertos já passaram disso sem fechar. Não é esforço, é decisão: requalificar ou descartar.",GTX Basic: USD 550 em jogo — 6º produto mais caro dos 7.,
8TRT2HNF,Markita Hansen,Celia Rouche,West,GTX Basic,Green-Plus,services,Engaging,2017-04-03,272.0,550.0,Decidir,3,,média,47,39.4,,37.0,Seu histórico em GTX Basic é 29 de 47 (62%) — abaixo da média geral (63%).,"Há 272 dias em Engaging. Nenhum deal do histórico fechou depois de 138 dias; 1291 abertos já passaram disso sem fechar. Não é esforço, é decisão: requalificar ou descartar.",GTX Basic: USD 550 em jogo — 6º produto mais caro dos 7.,
ZLN48IIP,Markita Hansen,Celia Rouche,West,GTX Basic,Iselectrics,technology,Engaging,2017-04-03,272.0,550.0,Decidir,3,,média,47,39.4,,37.0,Seu histórico em GTX Basic é 29 de 47 (62%) — abaixo da média geral (63%).,"Há 272 dias em Engaging. Nenhum deal do histórico fechou depois de 138 dias; 1291 abertos já passaram disso sem fechar. Não é esforço, é decisão: requalificar ou descartar.",GTX Basic: USD 550 em jogo — 6º produto mais caro dos 7.,
PNO7D8PD,Zane Levy,Summer Sewald,West,GTX Basic,,,Engaging,2017-04-05,270.0,550.0,Decidir,3,,ampla,79,43.5,,37.0,Seu histórico em GTX Basic é 48 de 79 (61%) — abaixo da sua média (62%) e da geral (63%).,"Há 270 dias em Engaging. Nenhum deal do histórico fechou depois de 138 dias; 1291 abertos já passaram disso sem fechar. Não é esforço, é decisão: requalificar ou descartar.",GTX Basic: USD 550 em jogo — 6º produto mais caro dos 7.,
UUGY3W44,Kary Hendrixson,Summer Sewald,West,GTX Basic,,,Engaging,2017-04-07,268.0,550.0,Decidir,3,,ampla,129,50.4,,37.0,Você fecha GTX Basic em 82 de 129 deals (64%) — acima da média geral (63%).,"Há 268 dias em Engaging. Nenhum deal do histórico fechou depois de 138 dias; 1291 abertos já passaram disso sem fechar. Não é esforço, é decisão: requalificar ou descartar.",GTX Basic: USD 550 em jogo — 6º produto mais caro dos 7.,
XDECB9X2,Vicki Laflamme,Celia Rouche,West,GTX Basic,,,Engaging,2017-04-07,268.0,550.0,Decidir,3,,ampla,83,59.6,,37.0,Você fecha GTX Basic em 56 de 83 deals (67%) — acima da média geral (63%).,"Há 268 dias em Engaging. Nenhum deal do histórico fechou depois de 138 dias; 1291 abertos já passaram disso sem fechar. Não é esforço, é decisão: requalificar ou descartar.",GTX Basic: USD 550 em jogo — 6º produto mais caro dos 7.,
81G840FM,Zane Levy,Summer Sewald,West,GTX Basic,,,Engaging,2017-04-13,262.0,550.0,Decidir,3,,ampla,79,43.5,,37.0,Seu histórico em GTX Basic é 48 de 79 (61%) — abaixo da sua média (62%) e da geral (63%).,"Há 262 dias em Engaging. Nenhum deal do histórico fechou depois de 138 dias; 1291 abertos já passaram disso sem fechar. Não é esforço, é decisão: requalificar ou descartar.",GTX Basic: USD 550 em jogo — 6º produto mais caro dos 7.,
6S2ABHZS,Markita Hansen,Celia Rouche,West,GTX Basic,,,Engaging,2017-04-14,261.0,550.0,Decidir,3,,média,47,39.4,,37.0,Seu histórico em GTX Basic é 29 de 47 (62%) — abaixo da média geral (63%).,"Há 261 dias em Engaging. Nenhum deal do histórico fechou depois de 138 dias; 1291 abertos já passaram disso sem fechar. Não é esforço, é decisão: requalificar ou descartar.",GTX Basic: USD 550 em jogo — 6º produto mais caro dos 7.,
LWPFQ1UA,Kary Hendrixson,Summer Sewald,West,GTX Basic,,,Engaging,2017-04-15,260.0,550.0,Decidir,3,,ampla,129,50.4,,37.0,Você fecha GTX Basic em 82 de 129 deals (64%) — acima da média geral (63%).,"Há 260 dias em Engaging. Nenhum deal do histórico fechou depois de 138 dias; 1291 abertos já passaram disso sem fechar. Não é esforço, é decisão: requalificar ou descartar.",GTX Basic: USD 550 em jogo — 6º produto mais caro dos 7.,
C9330YF1,Markita Hansen,Celia Rouche,West,GTX Basic,Blackzim,retail,Engaging,2017-04-17,258.0,550.0,Decidir,3,,média,47,39.4,,37.0,Seu histórico em GTX Basic é 29 de 47 (62%) — abaixo da média geral (63%).,"Há 258 dias em Engaging. Nenhum deal do histórico fechou depois de 138 dias; 1291 abertos já passaram disso sem fechar. Não é esforço, é decisão: requalificar ou descartar.",GTX Basic: USD 550 em jogo — 6º produto mais caro dos 7.,
E4082SMQ,James Ascencio,Summer Sewald,West,GTX Basic,,,Engaging,2017-04-17,258.0,550.0,Decidir,3,,ampla,54,52.8,,37.0,Você fecha GTX Basic em 34 de 54 deals (63%) — acima da média geral (63%).,"Há 258 dias em Engaging. Nenhum deal do histórico fechou depois de 138 dias; 1291 abertos já passaram disso sem fechar. Não é esforço, é decisão: requalificar ou descartar.",GTX Basic: USD 550 em jogo — 6º produto mais caro dos 7.,
QD8F0CI6,Rosalina Dieter,Celia Rouche,West,GTX Basic,,,Engaging,2017-04-17,258.0,550.0,Decidir,3,,pequena,15,56.8,,37.0,Seu histórico em GTX Basic é 10 de 15 (67%). Base pequena: o score usa 65% (puxado para a sua média de 65%).,"Há 258 dias em Engaging. Nenhum deal do histórico fechou depois de 138 dias; 1291 abertos já passaram disso sem fechar. Não é esforço, é decisão: requalificar ou descartar.",GTX Basic: USD 550 em jogo — 6º produto mais caro dos 7.,
CTWSDG4U,Corliss Cosme,Cara Losch,East,GTX Basic,,,Engaging,2017-04-19,256.0,550.0,Decidir,3,,ampla,54,59.2,,37.0,Você fecha GTX Basic em 36 de 54 deals (67%) — acima da média geral (63%).,"Há 256 dias em Engaging. Nenhum deal do histórico fechou depois de 138 dias; 1291 abertos já passaram disso sem fechar. Não é esforço, é decisão: requalificar ou descartar.",GTX Basic: USD 550 em jogo — 6º produto mais caro dos 7.,
S2MSQIXP,Zane Levy,Summer Sewald,West,GTX Basic,Hottechi,technology,Engaging,2017-04-19,256.0,550.0,Decidir,3,,ampla,79,43.5,,37.0,Seu histórico em GTX Basic é 48 de 79 (61%) — abaixo da sua média (62%) e da geral (63%).,"Há 256 dias em Engaging. Nenhum deal do histórico fechou depois de 138 dias; 1291 abertos já passaram disso sem fechar. Não é esforço, é decisão: requalificar ou descartar.",GTX Basic: USD 550 em jogo — 6º produto mais caro dos 7.,
WGETO859,Boris Faz,Rocco Neubert,East,GTX Basic,,,Engaging,2017-04-19,256.0,550.0,Decidir,3,,média,26,57.3,,37.0,Você fecha GTX Basic em 17 de 26 deals (65%) — acima da média geral (63%).,"Há 256 dias em Engaging. Nenhum deal do histórico fechou depois de 138 dias; 1291 abertos já passaram disso sem fechar. Não é esforço, é decisão: requalificar ou descartar.",GTX Basic: USD 550 em jogo — 6º produto mais caro dos 7.,
U2HYH97X,Kary Hendrixson,Summer Sewald,West,GTX Basic,,,Engaging,2017-04-20,255.0,550.0,Decidir,3,,ampla,129,50.4,,37.0,Você fecha GTX Basic em 82 de 129 deals (64%) — acima da média geral (63%).,"Há 255 dias em Engaging. Nenhum deal do histórico fechou depois de 138 dias; 1291 abertos já passaram disso sem fechar. Não é esforço, é decisão: requalificar ou descartar.",GTX Basic: USD 550 em jogo — 6º produto mais caro dos 7.,
4QFATB6J,Violet Mclelland,Cara Losch,East,GTX Basic,,,Engaging,2017-04-22,253.0,550.0,Decidir,3,,média,25,46.6,,37.0,Seu histórico em GTX Basic é 15 de 25 (60%) — abaixo da sua média (63%) e da geral (63%).,"Há 253 dias em Engaging. Nenhum deal do histórico fechou depois de 138 dias; 1291 abertos já passaram disso sem fechar. Não é esforço, é decisão: requalificar ou descartar.",GTX Basic: USD 550 em jogo — 6º produto mais caro dos 7.,
JNEQWZQK,Wilburn Farren,Cara Losch,East,GTX Basic,,,Engaging,2017-04-25,250.0,550.0,Decidir,3,,pequena,12,68.3,,37.0,Seu histórico em GTX Basic é 9 de 12 (75%). Base pequena: o score usa 69% (puxado para a sua média de 70%).,"Há 250 dias em Engaging. Nenhum deal do histórico fechou depois de 138 dias; 1291 abertos já passaram disso sem fechar. Não é esforço, é decisão: requalificar ou descartar.",GTX Basic: USD 550 em jogo — 6º produto mais caro dos 7.,
9HYMQL4I,Zane Levy,Summer Sewald,West,GTX Basic,,,Engaging,2017-04-26,249.0,550.0,Decidir,3,,ampla,79,43.5,,37.0,Seu histórico em GTX Basic é 48 de 79 (61%) — abaixo da sua média (62%) e da geral (63%).,"Há 249 dias em Engaging. Nenhum deal do histórico fechou depois de 138 dias; 1291 abertos já passaram disso sem fechar. Não é esforço, é decisão: requalificar ou descartar.",GTX Basic: USD 550 em jogo — 6º produto mais caro dos 7.,
HHDQ9EW4,Kami Bicknell,Summer Sewald,West,GTX Basic,Inity,marketing,Engaging,2017-04-28,247.0,550.0,Decidir,3,,ampla,108,56.6,,37.0,Você fecha GTX Basic em 71 de 108 deals (66%) — acima da média geral (63%).,"Há 247 dias em Engaging. Nenhum deal do histórico fechou depois de 138 dias; 1291 abertos já passaram disso sem fechar. Não é esforço, é decisão: requalificar ou descartar.",GTX Basic: USD 550 em jogo — 6º produto mais caro dos 7.,
UEZOR630,Elease Gluck,Celia Rouche,West,GTX Basic,,,Engaging,2017-04-29,246.0,550.0,Decidir,3,,pequena,16,65.2,,37.0,Seu histórico em GTX Basic é 13 de 16 (81%). Base pequena: o score usa 68% (puxado para a sua média de 63%).,"Há 246 dias em Engaging. Nenhum deal do histórico fechou depois de 138 dias; 1291 abertos já passaram disso sem fechar. Não é esforço, é decisão: requalificar ou descartar.",GTX Basic: USD 550 em jogo — 6º produto mais caro dos 7.,
OTLQMB5X,Rosalina Dieter,Celia Rouche,West,GTX Basic,,,Engaging,2017-04-30,245.0,550.0,Decidir,3,,pequena,15,56.8,,37.0,Seu histórico em GTX Basic é 10 de 15 (67%). Base pequena: o score usa 65% (puxado para a sua média de 65%).,"Há 245 dias em Engaging. Nenhum deal do histórico fechou depois de 138 dias; 1291 abertos já passaram disso sem fechar. Não é esforço, é decisão: requalificar ou descartar.",GTX Basic: USD 550 em jogo — 6º produto mais caro dos 7.,
7DT8UKKY,Corliss Cosme,Cara Losch,East,GTX Basic,Zencorporation,technology,Engaging,2017-05-01,244.0,550.0,Decidir,3,,ampla,54,59.2,,37.0,Você fecha GTX Basic em 36 de 54 deals (67%) — acima da média geral (63%).,"Há 244 dias em Engaging. Nenhum deal do histórico fechou depois de 138 dias; 1291 abertos já passaram disso sem fechar. Não é esforço, é decisão: requalificar ou descartar.",GTX Basic: USD 550 em jogo — 6º produto mais caro dos 7.,
I92EJ805,Kami Bicknell,Summer Sewald,West,GTX Basic,Bluth Company,technology,Engaging,2017-05-01,244.0,550.0,Decidir,3,,ampla,108,56.6,,37.0,Você fecha GTX Basic em 71 de 108 deals (66%) — acima da média geral (63%).,"Há 244 dias em Engaging. Nenhum deal do histórico fechou depois de 138 dias; 1291 abertos já passaram disso sem fechar. Não é esforço, é decisão: requalificar ou descartar.",GTX Basic: USD 550 em jogo — 6º produto mais caro dos 7.,
RG893DYQ,Markita Hansen,Celia Rouche,West,GTX Basic,The New York Inquirer,medical,Engaging,2017-05-05,240.0,550.0,Decidir,3,,média,47,39.4,,37.0,Seu histórico em GTX Basic é 29 de 47 (62%) — abaixo da média geral (63%).,"Há 240 dias em Engaging. Nenhum deal do histórico fechou depois de 138 dias; 1291 abertos já passaram disso sem fechar. Não é esforço, é decisão: requalificar ou descartar.",GTX Basic: USD 550 em jogo — 6º produto mais caro dos 7.,
WQSJNIEZ,Markita Hansen,Celia Rouche,West,GTX Basic,,,Engaging,2017-05-05,240.0,550.0,Decidir,3,,média,47,39.4,,37.0,Seu histórico em GTX Basic é 29 de 47 (62%) — abaixo da média geral (63%).,"Há 240 dias em Engaging. Nenhum deal do histórico fechou depois de 138 dias; 1291 abertos já passaram disso sem fechar. Não é esforço, é decisão: requalificar ou descartar.",GTX Basic: USD 550 em jogo — 6º produto mais caro dos 7.,
FWTTJ2G8,Kary Hendrixson,Summer Sewald,West,GTX Basic,Initech,telecommunications,Engaging,2017-05-06,239.0,550.0,Decidir,3,,ampla,129,50.4,,37.0,Você fecha GTX Basic em 82 de 129 deals (64%) — acima da média geral (63%).,"Há 239 dias em Engaging. Nenhum deal do histórico fechou depois de 138 dias; 1291 abertos já passaram disso sem fechar. Não é esforço, é decisão: requalificar ou descartar.",GTX Basic: USD 550 em jogo — 6º produto mais caro dos 7.,
246MLWZ7,Zane Levy,Summer Sewald,West,GTX Basic,Rangreen,technology,Engaging,2017-05-09,236.0,550.0,Decidir,3,,ampla,79,43.5,,37.0,Seu histórico em GTX Basic é 48 de 79 (61%) — abaixo da sua média (62%) e da geral (63%).,"Há 236 dias em Engaging. Nenhum deal do histórico fechou depois de 138 dias; 1291 abertos já passaram disso sem fechar. Não é esforço, é decisão: requalificar ou descartar.",GTX Basic: USD 550 em jogo — 6º produto mais caro dos 7.,
HFUZQFQQ,Markita Hansen,Celia Rouche,West,GTX Basic,Groovestreet,retail,Engaging,2017-05-09,236.0,550.0,Decidir,3,,média,47,39.4,,37.0,Seu histórico em GTX Basic é 29 de 47 (62%) — abaixo da média geral (63%).,"Há 236 dias em Engaging. Nenhum deal do histórico fechou depois de 138 dias; 1291 abertos já passaram disso sem fechar. Não é esforço, é decisão: requalificar ou descartar.",GTX Basic: USD 550 em jogo — 6º produto mais caro dos 7.,
Q2RY668B,Kami Bicknell,Summer Sewald,West,GTX Basic,,,Engaging,2017-05-10,235.0,550.0,Decidir,3,,ampla,108,56.6,,37.0,Você fecha GTX Basic em 71 de 108 deals (66%) — acima da média geral (63%).,"Há 235 dias em Engaging. Nenhum deal do histórico fechou depois de 138 dias; 1291 abertos já passaram disso sem fechar. Não é esforço, é decisão: requalificar ou descartar.",GTX Basic: USD 550 em jogo — 6º produto mais caro dos 7.,
T5SX9Z3T,Vicki Laflamme,Celia Rouche,West,GTX Basic,Conecom,technology,Engaging,2017-05-10,235.0,550.0,Decidir,3,,ampla,83,59.6,,37.0,Você fecha GTX Basic em 56 de 83 deals (67%) — acima da média geral (63%).,"Há 235 dias em Engaging. Nenhum deal do histórico fechou depois de 138 dias; 1291 abertos já passaram disso sem fechar. Não é esforço, é decisão: requalificar ou descartar.",GTX Basic: USD 550 em jogo — 6º produto mais caro dos 7.,
VBFYOCDO,Kami Bicknell,Summer Sewald,West,GTX Basic,,,Engaging,2017-05-10,235.0,550.0,Decidir,3,,ampla,108,56.6,,37.0,Você fecha GTX Basic em 71 de 108 deals (66%) — acima da média geral (63%).,"Há 235 dias em Engaging. Nenhum deal do histórico fechou depois de 138 dias; 1291 abertos já passaram disso sem fechar. Não é esforço, é decisão: requalificar ou descartar.",GTX Basic: USD 550 em jogo — 6º produto mais caro dos 7.,
5IQAJGCU,Kami Bicknell,Summer Sewald,West,GTX Basic,,,Engaging,2017-05-11,234.0,550.0,Decidir,3,,ampla,108,56.6,,37.0,Você fecha GTX Basic em 71 de 108 deals (66%) — acima da média geral (63%).,"Há 234 dias em Engaging. Nenhum deal do histórico fechou depois de 138 dias; 1291 abertos já passaram disso sem fechar. Não é esforço, é decisão: requalificar ou descartar.",GTX Basic: USD 550 em jogo — 6º produto mais caro dos 7.,
8I84MV5A,Cassey Cress,Rocco Neubert,East,GTX Basic,Zencorporation,technology,Engaging,2017-05-11,234.0,550.0,Decidir,3,,ampla,58,44.1,,37.0,Seu histórico em GTX Basic é 35 de 58 (60%) — abaixo da sua média (62%) e da geral (63%).,"Há 234 dias em Engaging. Nenhum deal do histórico fechou depois de 138 dias; 1291 abertos já passaram disso sem fechar. Não é esforço, é decisão: requalificar ou descartar.",GTX Basic: USD 550 em jogo — 6º produto mais caro dos 7.,
LTVGILHP,Kary Hendrixson,Summer Sewald,West,GTX Basic,Bioholding,medical,Engaging,2017-05-11,234.0,550.0,Decidir,3,,ampla,129,50.4,,37.0,Você fecha GTX Basic em 82 de 129 deals (64%) — acima da média geral (63%).,"Há 234 dias em Engaging. Nenhum deal do histórico fechou depois de 138 dias; 1291 abertos já passaram disso sem fechar. Não é esforço, é decisão: requalificar ou descartar.",GTX Basic: USD 550 em jogo — 6º produto mais caro dos 7.,
VPG5E490,Boris Faz,Rocco Neubert,East,GTX Basic,Bubba Gump,software,Engaging,2017-05-11,234.0,550.0,Decidir,3,,média,26,57.3,,37.0,Você fecha GTX Basic em 17 de 26 deals (65%) — acima da média geral (63%).,"Há 234 dias em Engaging. Nenhum deal do histórico fechou depois de 138 dias; 1291 abertos já passaram disso sem fechar. Não é esforço, é decisão: requalificar ou descartar.",GTX Basic: USD 550 em jogo — 6º produto mais caro dos 7.,
848QSODT,Vicki Laflamme,Celia Rouche,West,GTX Basic,,,Engaging,2017-05-14,231.0,550.0,Decidir,3,,ampla,83,59.6,,37.0,Você fecha GTX Basic em 56 de 83 deals (67%) — acima da média geral (63%).,"Há 231 dias em Engaging. Nenhum deal do histórico fechou depois de 138 dias; 1291 abertos já passaram disso sem fechar. Não é esforço, é decisão: requalificar ou descartar.",GTX Basic: USD 550 em jogo — 6º produto mais caro dos 7.,
HY94AVIW,Maureen Marcano,Summer Sewald,West,GTX Basic,,,Engaging,2017-05-14,231.0,550.0,Decidir,3,,média,41,49.5,,37.0,Seu histórico em GTX Basic é 23 de 41 (56%) — abaixo da sua média (70%) e da geral (63%).,"Há 231 dias em Engaging. Nenhum deal do histórico fechou depois de 138 dias; 1291 abertos já passaram disso sem fechar. Não é esforço, é decisão: requalificar ou descartar.",GTX Basic: USD 550 em jogo — 6º produto mais caro dos 7.,
X4FW4JR1,Kary Hendrixson,Summer Sewald,West,GTX Basic,,,Engaging,2017-05-15,230.0,550.0,Decidir,3,,ampla,129,50.4,,37.0,Você fecha GTX Basic em 82 de 129 deals (64%) — acima da média geral (63%).,"Há 230 dias em Engaging. Nenhum deal do histórico fechou depois de 138 dias; 1291 abertos já passaram disso sem fechar. Não é esforço, é decisão: requalificar ou descartar.",GTX Basic: USD 550 em jogo — 6º produto mais caro dos 7.,
BTRIUUWG,Rosie Papadopoulos,Cara Losch,East,GTX Basic,,,Engaging,2017-05-16,229.0,550.0,Decidir,3,,pequena,9,60.1,,37.0,Seu histórico em GTX Basic é 7 de 9 (78%). Base pequena: o score usa 66% (puxado para a sua média de 64%).,"Há 229 dias em Engaging. Nenhum deal do histórico fechou depois de 138 dias; 1291 abertos já passaram disso sem fechar. Não é esforço, é decisão: requalificar ou descartar.",GTX Basic: USD 550 em jogo — 6º produto mais caro dos 7.,
HF2DSIT5,Elease Gluck,Celia Rouche,West,GTX Basic,,,Engaging,2017-05-16,229.0,550.0,Decidir,3,,pequena,16,65.2,,37.0,Seu histórico em GTX Basic é 13 de 16 (81%). Base pequena: o score usa 68% (puxado para a sua média de 63%).,"Há 229 dias em Engaging. Nenhum deal do histórico fechou depois de 138 dias; 1291 abertos já passaram disso sem fechar. Não é esforço, é decisão: requalificar ou descartar.",GTX Basic: USD 550 em jogo — 6º produto mais caro dos 7.,
0K59ZLQC,Corliss Cosme,Cara Losch,East,GTX Basic,Donquadtech,technology,Engaging,2017-05-18,227.0,550.0,Decidir,3,,ampla,54,59.2,,37.0,Você fecha GTX Basic em 36 de 54 deals (67%) — acima da média geral (63%).,"Há 227 dias em Engaging. Nenhum deal do histórico fechou depois de 138 dias; 1291 abertos já passaram disso sem fechar. Não é esforço, é decisão: requalificar ou descartar.",GTX Basic: USD 550 em jogo — 6º produto mais caro dos 7.,
UFL6ZQDV,Zane Levy,Summer Sewald,West,GTX Basic,,,Engaging,2017-05-18,227.0,550.0,Decidir,3,,ampla,79,43.5,,37.0,Seu histórico em GTX Basic é 48 de 79 (61%) — abaixo da sua média (62%) e da geral (63%).,"Há 227 dias em Engaging. Nenhum deal do histórico fechou depois de 138 dias; 1291 abertos já passaram disso sem fechar. Não é esforço, é decisão: requalificar ou descartar.",GTX Basic: USD 550 em jogo — 6º produto mais caro dos 7.,
MGD7DZAU,Kami Bicknell,Summer Sewald,West,GTX Basic,Globex Corporation,technology,Engaging,2017-05-19,226.0,550.0,Decidir,3,,ampla,108,56.6,,37.0,Você fecha GTX Basic em 71 de 108 deals (66%) — acima da média geral (63%).,"Há 226 dias em Engaging. Nenhum deal do histórico fechou depois de 138 dias; 1291 abertos já passaram disso sem fechar. Não é esforço, é decisão: requalificar ou descartar.",GTX Basic: USD 550 em jogo — 6º produto mais caro dos 7.,
CX0SXNCN,Corliss Cosme,Cara Losch,East,GTX Basic,Treequote,telecommunications,Engaging,2017-05-21,224.0,550.0,Decidir,3,,ampla,54,59.2,,37.0,Você fecha GTX Basic em 36 de 54 deals (67%) — acima da média geral (63%).,"Há 224 dias em Engaging. Nenhum deal do histórico fechou depois de 138 dias; 1291 abertos já passaram disso sem fechar. Não é esforço, é decisão: requalificar ou descartar.",GTX Basic: USD 550 em jogo — 6º produto mais caro dos 7.,
RE3UNESR,Kary Hendrixson,Summer Sewald,West,GTX Basic,,,Engaging,2017-05-21,224.0,550.0,Decidir,3,,ampla,129,50.4,,37.0,Você fecha GTX Basic em 82 de 129 deals (64%) — acima da média geral (63%).,"Há 224 dias em Engaging. Nenhum deal do histórico fechou depois de 138 dias; 1291 abertos já passaram disso sem fechar. Não é esforço, é decisão: requalificar ou descartar.",GTX Basic: USD 550 em jogo — 6º produto mais caro dos 7.,
11V16SZZ,Corliss Cosme,Cara Losch,East,GTX Basic,Labdrill,medical,Engaging,2017-05-24,221.0,550.0,Decidir,3,,ampla,54,59.2,,37.0,Você fecha GTX Basic em 36 de 54 deals (67%) — acima da média geral (63%).,"Há 221 dias em Engaging. Nenhum deal do histórico fechou depois de 138 dias; 1291 abertos já passaram disso sem fechar. Não é esforço, é decisão: requalificar ou descartar.",GTX Basic: USD 550 em jogo — 6º produto mais caro dos 7.,
G1L2YY5P,Zane Levy,Summer Sewald,West,GTX Basic,,,Engaging,2017-05-26,219.0,550.0,Decidir,3,,ampla,79,43.5,,37.0,Seu histórico em GTX Basic é 48 de 79 (61%) — abaixo da sua média (62%) e da geral (63%).,"Há 219 dias em Engaging. Nenhum deal do histórico fechou depois de 138 dias; 1291 abertos já passaram disso sem fechar. Não é esforço, é decisão: requalificar ou descartar.",GTX Basic: USD 550 em jogo — 6º produto mais caro dos 7.,
OERROEPM,Markita Hansen,Celia Rouche,West,GTX Basic,,,Engaging,2017-05-28,217.0,550.0,Decidir,3,,média,47,39.4,,37.0,Seu histórico em GTX Basic é 29 de 47 (62%) — abaixo da média geral (63%).,"Há 217 dias em Engaging. Nenhum deal do histórico fechou depois de 138 dias; 1291 abertos já passaram disso sem fechar. Não é esforço, é decisão: requalificar ou descartar.",GTX Basic: USD 550 em jogo — 6º produto mais caro dos 7.,
8G3HB5S6,James Ascencio,Summer Sewald,West,GTX Basic,,,Engaging,2017-05-29,216.0,550.0,Decidir,3,,ampla,54,52.8,,37.0,Você fecha GTX Basic em 34 de 54 deals (63%) — acima da média geral (63%).,"Há 216 dias em Engaging. Nenhum deal do histórico fechou depois de 138 dias; 1291 abertos já passaram disso sem fechar. Não é esforço, é decisão: requalificar ou descartar.",GTX Basic: USD 550 em jogo — 6º produto mais caro dos 7.,
YRTI0EKE,Rosalina Dieter,Celia Rouche,West,GTX Basic,,,Engaging,2017-05-29,216.0,550.0,Decidir,3,,pequena,15,56.8,,37.0,Seu histórico em GTX Basic é 10 de 15 (67%). Base pequena: o score usa 65% (puxado para a sua média de 65%).,"Há 216 dias em Engaging. Nenhum deal do histórico fechou depois de 138 dias; 1291 abertos já passaram disso sem fechar. Não é esforço, é decisão: requalificar ou descartar.",GTX Basic: USD 550 em jogo — 6º produto mais caro dos 7.,
HTBPSC2D,Kami Bicknell,Summer Sewald,West,GTX Basic,,,Engaging,2017-05-31,214.0,550.0,Decidir,3,,ampla,108,56.6,,37.0,Você fecha GTX Basic em 71 de 108 deals (66%) — acima da média geral (63%).,"Há 214 dias em Engaging. Nenhum deal do histórico fechou depois de 138 dias; 1291 abertos já passaram disso sem fechar. Não é esforço, é decisão: requalificar ou descartar.",GTX Basic: USD 550 em jogo — 6º produto mais caro dos 7.,
4LXUITP3,Kary Hendrixson,Summer Sewald,West,GTX Basic,,,Engaging,2017-06-04,210.0,550.0,Decidir,3,,ampla,129,50.4,,37.0,Você fecha GTX Basic em 82 de 129 deals (64%) — acima da média geral (63%).,"Há 210 dias em Engaging. Nenhum deal do histórico fechou depois de 138 dias; 1291 abertos já passaram disso sem fechar. Não é esforço, é decisão: requalificar ou descartar.",GTX Basic: USD 550 em jogo — 6º produto mais caro dos 7.,
PIFPDJMN,Kary Hendrixson,Summer Sewald,West,GTX Basic,,,Engaging,2017-06-05,209.0,550.0,Decidir,3,,ampla,129,50.4,,37.0,Você fecha GTX Basic em 82 de 129 deals (64%) — acima da média geral (63%).,"Há 209 dias em Engaging. Nenhum deal do histórico fechou depois de 138 dias; 1291 abertos já passaram disso sem fechar. Não é esforço, é decisão: requalificar ou descartar.",GTX Basic: USD 550 em jogo — 6º produto mais caro dos 7.,
D17T8PTH,Vicki Laflamme,Celia Rouche,West,GTX Basic,,,Engaging,2017-06-08,206.0,550.0,Decidir,3,,ampla,83,59.6,,37.0,Você fecha GTX Basic em 56 de 83 deals (67%) — acima da média geral (63%).,"Há 206 dias em Engaging. Nenhum deal do histórico fechou depois de 138 dias; 1291 abertos já passaram disso sem fechar. Não é esforço, é decisão: requalificar ou descartar.",GTX Basic: USD 550 em jogo — 6º produto mais caro dos 7.,
RUAU1ORD,Zane Levy,Summer Sewald,West,GTX Basic,,,Engaging,2017-06-10,204.0,550.0,Decidir,3,,ampla,79,43.5,,37.0,Seu histórico em GTX Basic é 48 de 79 (61%) — abaixo da sua média (62%) e da geral (63%).,"Há 204 dias em Engaging. Nenhum deal do histórico fechou depois de 138 dias; 1291 abertos já passaram disso sem fechar. Não é esforço, é decisão: requalificar ou descartar.",GTX Basic: USD 550 em jogo — 6º produto mais caro dos 7.,
477HSG28,Vicki Laflamme,Celia Rouche,West,GTX Basic,,,Engaging,2017-06-11,203.0,550.0,Decidir,3,,ampla,83,59.6,,37.0,Você fecha GTX Basic em 56 de 83 deals (67%) — acima da média geral (63%).,"Há 203 dias em Engaging. Nenhum deal do histórico fechou depois de 138 dias; 1291 abertos já passaram disso sem fechar. Não é esforço, é decisão: requalificar ou descartar.",GTX Basic: USD 550 em jogo — 6º produto mais caro dos 7.,
3A7G5K0E,Rosalina Dieter,Celia Rouche,West,GTX Basic,,,Engaging,2017-06-12,202.0,550.0,Decidir,3,,pequena,15,56.8,,37.0,Seu histórico em GTX Basic é 10 de 15 (67%). Base pequena: o score usa 65% (puxado para a sua média de 65%).,"Há 202 dias em Engaging. Nenhum deal do histórico fechou depois de 138 dias; 1291 abertos já passaram disso sem fechar. Não é esforço, é decisão: requalificar ou descartar.",GTX Basic: USD 550 em jogo — 6º produto mais caro dos 7.,
MCA0202R,Kary Hendrixson,Summer Sewald,West,GTX Basic,,,Engaging,2017-06-12,202.0,550.0,Decidir,3,,ampla,129,50.4,,37.0,Você fecha GTX Basic em 82 de 129 deals (64%) — acima da média geral (63%).,"Há 202 dias em Engaging. Nenhum deal do histórico fechou depois de 138 dias; 1291 abertos já passaram disso sem fechar. Não é esforço, é decisão: requalificar ou descartar.",GTX Basic: USD 550 em jogo — 6º produto mais caro dos 7.,
3VC45PML,James Ascencio,Summer Sewald,West,GTX Basic,,,Engaging,2017-06-14,200.0,550.0,Decidir,3,,ampla,54,52.8,,37.0,Você fecha GTX Basic em 34 de 54 deals (63%) — acima da média geral (63%).,"Há 200 dias em Engaging. Nenhum deal do histórico fechou depois de 138 dias; 1291 abertos já passaram disso sem fechar. Não é esforço, é decisão: requalificar ou descartar.",GTX Basic: USD 550 em jogo — 6º produto mais caro dos 7.,
HKV37WU9,Vicki Laflamme,Celia Rouche,West,GTX Basic,,,Engaging,2017-06-15,199.0,550.0,Decidir,3,,ampla,83,59.6,,37.0,Você fecha GTX Basic em 56 de 83 deals (67%) — acima da média geral (63%).,"Há 199 dias em Engaging. Nenhum deal do histórico fechou depois de 138 dias; 1291 abertos já passaram disso sem fechar. Não é esforço, é decisão: requalificar ou descartar.",GTX Basic: USD 550 em jogo — 6º produto mais caro dos 7.,
ZU3GICE9,Maureen Marcano,Summer Sewald,West,GTX Basic,,,Engaging,2017-06-15,199.0,550.0,Decidir,3,,média,41,49.5,,37.0,Seu histórico em GTX Basic é 23 de 41 (56%) — abaixo da sua média (70%) e da geral (63%).,"Há 199 dias em Engaging. Nenhum deal do histórico fechou depois de 138 dias; 1291 abertos já passaram disso sem fechar. Não é esforço, é decisão: requalificar ou descartar.",GTX Basic: USD 550 em jogo — 6º produto mais caro dos 7.,
EGEJA2HY,Markita Hansen,Celia Rouche,West,GTX Basic,,,Engaging,2017-06-17,197.0,550.0,Decidir,3,,média,47,39.4,,37.0,Seu histórico em GTX Basic é 29 de 47 (62%) — abaixo da média geral (63%).,"Há 197 dias em Engaging. Nenhum deal do histórico fechou depois de 138 dias; 1291 abertos já passaram disso sem fechar. Não é esforço, é decisão: requalificar ou descartar.",GTX Basic: USD 550 em jogo — 6º produto mais caro dos 7.,
HABN7JBG,Elease Gluck,Celia Rouche,West,GTX Basic,Rantouch,telecommunications,Engaging,2017-06-17,197.0,550.0,Decidir,3,,pequena,16,65.2,,37.0,Seu histórico em GTX Basic é 13 de 16 (81%). Base pequena: o score usa 68% (puxado para a sua média de 63%).,"Há 197 dias em Engaging. Nenhum deal do histórico fechou depois de 138 dias; 1291 abertos já passaram disso sem fechar. Não é esforço, é decisão: requalificar ou descartar.",GTX Basic: USD 550 em jogo — 6º produto mais caro dos 7.,
KSOW4MUK,Kami Bicknell,Summer Sewald,West,GTX Basic,,,Engaging,2017-06-17,197.0,550.0,Decidir,3,,ampla,108,56.6,,37.0,Você fecha GTX Basic em 71 de 108 deals (66%) — acima da média geral (63%).,"Há 197 dias em Engaging. Nenhum deal do histórico fechou depois de 138 dias; 1291 abertos já passaram disso sem fechar. Não é esforço, é decisão: requalificar ou descartar.",GTX Basic: USD 550 em jogo — 6º produto mais caro dos 7.,
TIPG6R0Z,Vicki Laflamme,Celia Rouche,West,GTX Basic,,,Engaging,2017-06-17,197.0,550.0,Decidir,3,,ampla,83,59.6,,37.0,Você fecha GTX Basic em 56 de 83 deals (67%) — acima da média geral (63%).,"Há 197 dias em Engaging. Nenhum deal do histórico fechou depois de 138 dias; 1291 abertos já passaram disso sem fechar. Não é esforço, é decisão: requalificar ou descartar.",GTX Basic: USD 550 em jogo — 6º produto mais caro dos 7.,
XU836DFA,Kami Bicknell,Summer Sewald,West,GTX Basic,,,Engaging,2017-06-18,196.0,550.0,Decidir,3,,ampla,108,56.6,,37.0,Você fecha GTX Basic em 71 de 108 deals (66%) — acima da média geral (63%).,"Há 196 dias em Engaging. Nenhum deal do histórico fechou depois de 138 dias; 1291 abertos já passaram disso sem fechar. Não é esforço, é decisão: requalificar ou descartar.",GTX Basic: USD 550 em jogo — 6º produto mais caro dos 7.,
PCVNB0NO,Zane Levy,Summer Sewald,West,GTX Basic,,,Engaging,2017-06-19,195.0,550.0,Decidir,3,,ampla,79,43.5,,37.0,Seu histórico em GTX Basic é 48 de 79 (61%) — abaixo da sua média (62%) e da geral (63%).,"Há 195 dias em Engaging. Nenhum deal do histórico fechou depois de 138 dias; 1291 abertos já passaram disso sem fechar. Não é esforço, é decisão: requalificar ou descartar.",GTX Basic: USD 550 em jogo — 6º produto mais caro dos 7.,
2MKG6ZDD,James Ascencio,Summer Sewald,West,GTX Basic,Domzoom,entertainment,Engaging,2017-06-20,194.0,550.0,Decidir,3,,ampla,54,52.8,,37.0,Você fecha GTX Basic em 34 de 54 deals (63%) — acima da média geral (63%).,"Há 194 dias em Engaging. Nenhum deal do histórico fechou depois de 138 dias; 1291 abertos já passaram disso sem fechar. Não é esforço, é decisão: requalificar ou descartar.",GTX Basic: USD 550 em jogo — 6º produto mais caro dos 7.,
24REVMX7,Rosalina Dieter,Celia Rouche,West,GTX Basic,,,Engaging,2017-06-25,189.0,550.0,Decidir,3,,pequena,15,56.8,,37.0,Seu histórico em GTX Basic é 10 de 15 (67%). Base pequena: o score usa 65% (puxado para a sua média de 65%).,"Há 189 dias em Engaging. Nenhum deal do histórico fechou depois de 138 dias; 1291 abertos já passaram disso sem fechar. Não é esforço, é decisão: requalificar ou descartar.",GTX Basic: USD 550 em jogo — 6º produto mais caro dos 7.,
AW4PSTWR,Rosie Papadopoulos,Cara Losch,East,GTX Basic,Ron-tech,medical,Engaging,2017-06-25,189.0,550.0,Decidir,3,,pequena,9,60.1,,37.0,Seu histórico em GTX Basic é 7 de 9 (78%). Base pequena: o score usa 66% (puxado para a sua média de 64%).,"Há 189 dias em Engaging. Nenhum deal do histórico fechou depois de 138 dias; 1291 abertos já passaram disso sem fechar. Não é esforço, é decisão: requalificar ou descartar.",GTX Basic: USD 550 em jogo — 6º produto mais caro dos 7.,
EMUG64GW,Kary Hendrixson,Summer Sewald,West,GTX Basic,,,Engaging,2017-06-29,185.0,550.0,Decidir,3,,ampla,129,50.4,,37.0,Você fecha GTX Basic em 82 de 129 deals (64%) — acima da média geral (63%).,"Há 185 dias em Engaging. Nenhum deal do histórico fechou depois de 138 dias; 1291 abertos já passaram disso sem fechar. Não é esforço, é decisão: requalificar ou descartar.",GTX Basic: USD 550 em jogo — 6º produto mais caro dos 7.,
H9N9DP3D,Vicki Laflamme,Celia Rouche,West,GTX Basic,,,Engaging,2017-07-01,183.0,550.0,Decidir,3,,ampla,83,59.6,,37.0,Você fecha GTX Basic em 56 de 83 deals (67%) — acima da média geral (63%).,"Há 183 dias em Engaging. Nenhum deal do histórico fechou depois de 138 dias; 1291 abertos já passaram disso sem fechar. Não é esforço, é decisão: requalificar ou descartar.",GTX Basic: USD 550 em jogo — 6º produto mais caro dos 7.,
35LLMROC,Kary Hendrixson,Summer Sewald,West,GTX Basic,,,Engaging,2017-07-03,181.0,550.0,Decidir,3,,ampla,129,50.4,,37.0,Você fecha GTX Basic em 82 de 129 deals (64%) — acima da média geral (63%).,"Há 181 dias em Engaging. Nenhum deal do histórico fechou depois de 138 dias; 1291 abertos já passaram disso sem fechar. Não é esforço, é decisão: requalificar ou descartar.",GTX Basic: USD 550 em jogo — 6º produto mais caro dos 7.,
AWORM94L,Cassey Cress,Rocco Neubert,East,GTX Basic,,,Engaging,2017-07-05,179.0,550.0,Decidir,3,,ampla,58,44.1,,37.0,Seu histórico em GTX Basic é 35 de 58 (60%) — abaixo da sua média (62%) e da geral (63%).,"Há 179 dias em Engaging. Nenhum deal do histórico fechou depois de 138 dias; 1291 abertos já passaram disso sem fechar. Não é esforço, é decisão: requalificar ou descartar.",GTX Basic: USD 550 em jogo — 6º produto mais caro dos 7.,
SXYJU7LC,Kami Bicknell,Summer Sewald,West,GTX Basic,,,Engaging,2017-07-05,179.0,550.0,Decidir,3,,ampla,108,56.6,,37.0,Você fecha GTX Basic em 71 de 108 deals (66%) — acima da média geral (63%).,"Há 179 dias em Engaging. Nenhum deal do histórico fechou depois de 138 dias; 1291 abertos já passaram disso sem fechar. Não é esforço, é decisão: requalificar ou descartar.",GTX Basic: USD 550 em jogo — 6º produto mais caro dos 7.,
B3A6VXVQ,Corliss Cosme,Cara Losch,East,GTX Basic,Acme Corporation,technology,Engaging,2017-07-08,176.0,550.0,Decidir,3,,ampla,54,59.2,,37.0,Você fecha GTX Basic em 36 de 54 deals (67%) — acima da média geral (63%).,"Há 176 dias em Engaging. Nenhum deal do histórico fechou depois de 138 dias; 1291 abertos já passaram disso sem fechar. Não é esforço, é decisão: requalificar ou descartar.",GTX Basic: USD 550 em jogo — 6º produto mais caro dos 7.,
QKXCMJVB,James Ascencio,Summer Sewald,West,GTX Basic,,,Engaging,2017-07-08,176.0,550.0,Decidir,3,,ampla,54,52.8,,37.0,Você fecha GTX Basic em 34 de 54 deals (63%) — acima da média geral (63%).,"Há 176 dias em Engaging. Nenhum deal do histórico fechou depois de 138 dias; 1291 abertos já passaram disso sem fechar. Não é esforço, é decisão: requalificar ou descartar.",GTX Basic: USD 550 em jogo — 6º produto mais caro dos 7.,
QU220OFI,Boris Faz,Rocco Neubert,East,GTX Basic,Finhigh,finance,Engaging,2017-07-08,176.0,550.0,Decidir,3,,média,26,57.3,,37.0,Você fecha GTX Basic em 17 de 26 deals (65%) — acima da média geral (63%).,"Há 176 dias em Engaging. Nenhum deal do histórico fechou depois de 138 dias; 1291 abertos já passaram disso sem fechar. Não é esforço, é decisão: requalificar ou descartar.",GTX Basic: USD 550 em jogo — 6º produto mais caro dos 7.,
USJWM3F3,Violet Mclelland,Cara Losch,East,GTX Basic,,,Engaging,2017-07-10,174.0,550.0,Decidir,3,,média,25,46.6,,37.0,Seu histórico em GTX Basic é 15 de 25 (60%) — abaixo da sua média (63%) e da geral (63%).,"Há 174 dias em Engaging. Nenhum deal do histórico fechou depois de 138 dias; 1291 abertos já passaram disso sem fechar. Não é esforço, é decisão: requalificar ou descartar.",GTX Basic: USD 550 em jogo — 6º produto mais caro dos 7.,
R0XNAFUB,Zane Levy,Summer Sewald,West,GTX Basic,,,Engaging,2017-07-12,172.0,550.0,Decidir,3,,ampla,79,43.5,,37.0,Seu histórico em GTX Basic é 48 de 79 (61%) — abaixo da sua média (62%) e da geral (63%).,"Há 172 dias em Engaging. Nenhum deal do histórico fechou depois de 138 dias; 1291 abertos já passaram disso sem fechar. Não é esforço, é decisão: requalificar ou descartar.",GTX Basic: USD 550 em jogo — 6º produto mais caro dos 7.,
X9HFP474,Daniell Hammack,Rocco Neubert,East,GTX Basic,Dontechi,software,Engaging,2017-07-12,172.0,550.0,Decidir,3,,pequena,18,44.0,,37.0,Seu histórico em GTX Basic é 11 de 18 (61%). Base pequena: o score usa 61% (puxado para a sua média de 61%).,"Há 172 dias em Engaging. Nenhum deal do histórico fechou depois de 138 dias; 1291 abertos já passaram disso sem fechar. Não é esforço, é decisão: requalificar ou descartar.",GTX Basic: USD 550 em jogo — 6º produto mais caro dos 7.,
8JH8YA79,Kami Bicknell,Summer Sewald,West,GTX Basic,,,Engaging,2017-07-14,170.0,550.0,Decidir,3,,ampla,108,56.6,,37.0,Você fecha GTX Basic em 71 de 108 deals (66%) — acima da média geral (63%).,"Há 170 dias em Engaging. Nenhum deal do histórico fechou depois de 138 dias; 1291 abertos já passaram disso sem fechar. Não é esforço, é decisão: requalificar ou descartar.",GTX Basic: USD 550 em jogo — 6º produto mais caro dos 7.,
ISQJD695,Boris Faz,Rocco Neubert,East,GTX Basic,Sunnamplex,marketing,Engaging,2017-07-16,168.0,550.0,Decidir,3,,média,26,57.3,,37.0,Você fecha GTX Basic em 17 de 26 deals (65%) — acima da média geral (63%).,"Há 168 dias em Engaging. Nenhum deal do histórico fechou depois de 138 dias; 1291 abertos já passaram disso sem fechar. Não é esforço, é decisão: requalificar ou descartar.",GTX Basic: USD 550 em jogo — 6º produto mais caro dos 7.,
3CB3WNBM,Boris Faz,Rocco Neubert,East,GTX Basic,Kinnamplus,retail,Engaging,2017-07-17,167.0,550.0,Decidir,3,,média,26,57.3,,37.0,Você fecha GTX Basic em 17 de 26 deals (65%) — acima da média geral (63%).,"Há 167 dias em Engaging. Nenhum deal do histórico fechou depois de 138 dias; 1291 abertos já passaram disso sem fechar. Não é esforço, é decisão: requalificar ou descartar.",GTX Basic: USD 550 em jogo — 6º produto mais caro dos 7.,
39EYEBMK,Violet Mclelland,Cara Losch,East,GTX Basic,,,Engaging,2017-07-18,166.0,550.0,Decidir,3,,média,25,46.6,,37.0,Seu histórico em GTX Basic é 15 de 25 (60%) — abaixo da sua média (63%) e da geral (63%).,"Há 166 dias em Engaging. Nenhum deal do histórico fechou depois de 138 dias; 1291 abertos já passaram disso sem fechar. Não é esforço, é decisão: requalificar ou descartar.",GTX Basic: USD 550 em jogo — 6º produto mais caro dos 7.,
2WDSO6PG,Niesha Huffines,Melvin Marxen,Central,GTX Basic,Hatfan,services,Engaging,2017-07-19,165.0,550.0,Decidir,3,,ampla,53,41.3,,37.0,Seu histórico em GTX Basic é 32 de 53 (60%) — abaixo da média geral (63%).,"Há 165 dias em Engaging. Nenhum deal do histórico fechou depois de 138 dias; 1291 abertos já passaram disso sem fechar. Não é esforço, é decisão: requalificar ou descartar.",GTX Basic: USD 550 em jogo — 6º produto mais caro dos 7.,
BKOWQMMV,Moses Frase,Dustin Brinkmann,Central,GTX Basic,,,Engaging,2017-07-19,165.0,550.0,Decidir,3,,ampla,59,83.4,,37.0,Você fecha GTX Basic em 47 de 59 deals (80%) — bem acima da média geral (63%).,"Há 165 dias em Engaging. Nenhum deal do histórico fechou depois de 138 dias; 1291 abertos já passaram disso sem fechar. Não é esforço, é decisão: requalificar ou descartar.",GTX Basic: USD 550 em jogo — 6º produto mais caro dos 7.,
IQFDPIND,Versie Hillebrand,Dustin Brinkmann,Central,GTX Basic,,,Engaging,2017-07-19,165.0,550.0,Decidir,3,,média,20,58.8,,37.0,Você fecha GTX Basic em 13 de 20 deals (65%) — acima da média geral (63%).,"Há 165 dias em Engaging. Nenhum deal do histórico fechou depois de 138 dias; 1291 abertos já passaram disso sem fechar. Não é esforço, é decisão: requalificar ou descartar.",GTX Basic: USD 550 em jogo — 6º produto mais caro dos 7.,
LAYVBSH4,Anna Snelling,Dustin Brinkmann,Central,GTX Basic,,,Engaging,2017-07-19,165.0,550.0,Decidir,3,,ampla,51,47.5,,37.0,Seu histórico em GTX Basic é 32 de 51 (63%) — abaixo da média geral (63%).,"Há 165 dias em Engaging. Nenhum deal do histórico fechou depois de 138 dias; 1291 abertos já passaram disso sem fechar. Não é esforço, é decisão: requalificar ou descartar.",GTX Basic: USD 550 em jogo — 6º produto mais caro dos 7.,
X8M3SCVF,Darcel Schlecht,Melvin Marxen,Central,GTX Basic,,,Engaging,2017-07-19,165.0,550.0,Decidir,3,,ampla,53,58.1,,37.0,Você fecha GTX Basic em 36 de 53 deals (68%) — acima da média geral (63%).,"Há 165 dias em Engaging. Nenhum deal do histórico fechou depois de 138 dias; 1291 abertos já passaram disso sem fechar. Não é esforço, é decisão: requalificar ou descartar.",GTX Basic: USD 550 em jogo — 6º produto mais caro dos 7.,
3JW6CZ7K,Moses Frase,Dustin Brinkmann,Central,GTX Basic,,,Engaging,2017-07-20,164.0,550.0,Decidir,3,,ampla,59,83.4,,37.0,Você fecha GTX Basic em 47 de 59 deals (80%) — bem acima da média geral (63%).,"Há 164 dias em Engaging. Nenhum deal do histórico fechou depois de 138 dias; 1291 abertos já passaram disso sem fechar. Não é esforço, é decisão: requalificar ou descartar.",GTX Basic: USD 550 em jogo — 6º produto mais caro dos 7.,
90G292UY,Jonathan Berthelot,Melvin Marxen,Central,GTX Basic,,,Engaging,2017-07-20,164.0,550.0,Decidir,3,,ampla,110,54.6,,37.0,Você fecha GTX Basic em 71 de 110 deals (65%) — acima da média geral (63%).,"Há 164 dias em Engaging. Nenhum deal do histórico fechou depois de 138 dias; 1291 abertos já passaram disso sem fechar. Não é esforço, é decisão: requalificar ou descartar.",GTX Basic: USD 550 em jogo — 6º produto mais caro dos 7.,
GY10EROJ,Jonathan Berthelot,Melvin Marxen,Central,GTX Basic,Cheers,entertainment,Engaging,2017-07-20,164.0,550.0,Decidir,3,,ampla,110,54.6,,37.0,Você fecha GTX Basic em 71 de 110 deals (65%) — acima da média geral (63%).,"Há 164 dias em Engaging. Nenhum deal do histórico fechou depois de 138 dias; 1291 abertos já passaram disso sem fechar. Não é esforço, é decisão: requalificar ou descartar.",GTX Basic: USD 550 em jogo — 6º produto mais caro dos 7.,
JDHHDOX8,Jonathan Berthelot,Melvin Marxen,Central,GTX Basic,,,Engaging,2017-07-20,164.0,550.0,Decidir,3,,ampla,110,54.6,,37.0,Você fecha GTX Basic em 71 de 110 deals (65%) — acima da média geral (63%).,"Há 164 dias em Engaging. Nenhum deal do histórico fechou depois de 138 dias; 1291 abertos já passaram disso sem fechar. Não é esforço, é decisão: requalificar ou descartar.",GTX Basic: USD 550 em jogo — 6º produto mais caro dos 7.,
KTWP0SMT,Jonathan Berthelot,Melvin Marxen,Central,GTX Basic,,,Engaging,2017-07-20,164.0,550.0,Decidir,3,,ampla,110,54.6,,37.0,Você fecha GTX Basic em 71 de 110 deals (65%) — acima da média geral (63%).,"Há 164 dias em Engaging. Nenhum deal do histórico fechou depois de 138 dias; 1291 abertos já passaram disso sem fechar. Não é esforço, é decisão: requalificar ou descartar.",GTX Basic: USD 550 em jogo — 6º produto mais caro dos 7.,
0HVUV9OY,Gladys Colclough,Melvin Marxen,Central,GTX Basic,,,Engaging,2017-07-21,163.0,550.0,Decidir,3,,média,26,30.4,,37.0,Seu histórico em GTX Basic é 14 de 26 (54%) — abaixo da sua média (58%) e da geral (63%).,"Há 163 dias em Engaging. Nenhum deal do histórico fechou depois de 138 dias; 1291 abertos já passaram disso sem fechar. Não é esforço, é decisão: requalificar ou descartar.",GTX Basic: USD 550 em jogo — 6º produto mais caro dos 7.,
0Z8ZAS2M,Zane Levy,Summer Sewald,West,GTX Basic,,,Engaging,2017-07-21,163.0,550.0,Decidir,3,,ampla,79,43.5,,37.0,Seu histórico em GTX Basic é 48 de 79 (61%) — abaixo da sua média (62%) e da geral (63%).,"Há 163 dias em Engaging. Nenhum deal do histórico fechou depois de 138 dias; 1291 abertos já passaram disso sem fechar. Não é esforço, é decisão: requalificar ou descartar.",GTX Basic: USD 550 em jogo — 6º produto mais caro dos 7.,
HTEAOHFO,Kami Bicknell,Summer Sewald,West,GTX Basic,,,Engaging,2017-07-21,163.0,550.0,Decidir,3,,ampla,108,56.6,,37.0,Você fecha GTX Basic em 71 de 108 deals (66%) — acima da média geral (63%).,"Há 163 dias em Engaging. Nenhum deal do histórico fechou depois de 138 dias; 1291 abertos já passaram disso sem fechar. Não é esforço, é decisão: requalificar ou descartar.",GTX Basic: USD 550 em jogo — 6º produto mais caro dos 7.,
REAFB3C3,Zane Levy,Summer Sewald,West,GTX Basic,,,Engaging,2017-07-21,163.0,550.0,Decidir,3,,ampla,79,43.5,,37.0,Seu histórico em GTX Basic é 48 de 79 (61%) — abaixo da sua média (62%) e da geral (63%).,"Há 163 dias em Engaging. Nenhum deal do histórico fechou depois de 138 dias; 1291 abertos já passaram disso sem fechar. Não é esforço, é decisão: requalificar ou descartar.",GTX Basic: USD 550 em jogo — 6º produto mais caro dos 7.,
VRCYXSP1,Zane Levy,Summer Sewald,West,GTX Basic,,,Engaging,2017-07-21,163.0,550.0,Decidir,3,,ampla,79,43.5,,37.0,Seu histórico em GTX Basic é 48 de 79 (61%) — abaixo da sua média (62%) e da geral (63%).,"Há 163 dias em Engaging. Nenhum deal do histórico fechou depois de 138 dias; 1291 abertos já passaram disso sem fechar. Não é esforço, é decisão: requalificar ou descartar.",GTX Basic: USD 550 em jogo — 6º produto mais caro dos 7.,
WARBRUXU,Jonathan Berthelot,Melvin Marxen,Central,GTX Basic,Stanredtax,finance,Engaging,2017-07-21,163.0,550.0,Decidir,3,,ampla,110,54.6,,37.0,Você fecha GTX Basic em 71 de 110 deals (65%) — acima da média geral (63%).,"Há 163 dias em Engaging. Nenhum deal do histórico fechou depois de 138 dias; 1291 abertos já passaram disso sem fechar. Não é esforço, é decisão: requalificar ou descartar.",GTX Basic: USD 550 em jogo — 6º produto mais caro dos 7.,
2CZUU9E0,Lajuana Vencill,Dustin Brinkmann,Central,GTX Basic,,,Engaging,2017-07-22,162.0,550.0,Decidir,3,,ampla,98,29.2,,37.0,Seu histórico em GTX Basic é 56 de 98 (57%) — abaixo da média geral (63%).,"Há 162 dias em Engaging. Nenhum deal do histórico fechou depois de 138 dias; 1291 abertos já passaram disso sem fechar. Não é esforço, é decisão: requalificar ou descartar.",GTX Basic: USD 550 em jogo — 6º produto mais caro dos 7.,
8QDSXHQ8,Cecily Lampkin,Dustin Brinkmann,Central,GTX Basic,,,Engaging,2017-07-22,162.0,550.0,Decidir,3,,média,24,60.2,,37.0,Você fecha GTX Basic em 16 de 24 deals (67%) — acima da média geral (63%).,"Há 162 dias em Engaging. Nenhum deal do histórico fechou depois de 138 dias; 1291 abertos já passaram disso sem fechar. Não é esforço, é decisão: requalificar ou descartar.",GTX Basic: USD 550 em jogo — 6º produto mais caro dos 7.,
QRR70537,Anna Snelling,Dustin Brinkmann,Central,GTX Basic,,,Engaging,2017-07-22,162.0,550.0,Decidir,3,,ampla,51,47.5,,37.0,Seu histórico em GTX Basic é 32 de 51 (63%) — abaixo da média geral (63%).,"Há 162 dias em Engaging. Nenhum deal do histórico fechou depois de 138 dias; 1291 abertos já passaram disso sem fechar. Não é esforço, é decisão: requalificar ou descartar.",GTX Basic: USD 550 em jogo — 6º produto mais caro dos 7.,
TQQDICC6,Darcel Schlecht,Melvin Marxen,Central,GTX Basic,,,Engaging,2017-07-22,162.0,550.0,Decidir,3,,ampla,53,58.1,,37.0,Você fecha GTX Basic em 36 de 53 deals (68%) — acima da média geral (63%).,"Há 162 dias em Engaging. Nenhum deal do histórico fechou depois de 138 dias; 1291 abertos já passaram disso sem fechar. Não é esforço, é decisão: requalificar ou descartar.",GTX Basic: USD 550 em jogo — 6º produto mais caro dos 7.,
YBY3PA1S,Gladys Colclough,Melvin Marxen,Central,GTX Basic,,,Engaging,2017-07-22,162.0,550.0,Decidir,3,,média,26,30.4,,37.0,Seu histórico em GTX Basic é 14 de 26 (54%) — abaixo da sua média (58%) e da geral (63%).,"Há 162 dias em Engaging. Nenhum deal do histórico fechou depois de 138 dias; 1291 abertos já passaram disso sem fechar. Não é esforço, é decisão: requalificar ou descartar.",GTX Basic: USD 550 em jogo — 6º produto mais caro dos 7.,
D2QPN9LN,Lajuana Vencill,Dustin Brinkmann,Central,GTX Basic,,,Engaging,2017-07-23,161.0,550.0,Decidir,3,,ampla,98,29.2,,37.0,Seu histórico em GTX Basic é 56 de 98 (57%) — abaixo da média geral (63%).,"Há 161 dias em Engaging. Nenhum deal do histórico fechou depois de 138 dias; 1291 abertos já passaram disso sem fechar. Não é esforço, é decisão: requalificar ou descartar.",GTX Basic: USD 550 em jogo — 6º produto mais caro dos 7.,
EYBMEX1Z,Moses Frase,Dustin Brinkmann,Central,GTX Basic,,,Engaging,2017-07-23,161.0,550.0,Decidir,3,,ampla,59,83.4,,37.0,Você fecha GTX Basic em 47 de 59 deals (80%) — bem acima da média geral (63%).,"Há 161 dias em Engaging. Nenhum deal do histórico fechou depois de 138 dias; 1291 abertos já passaram disso sem fechar. Não é esforço, é decisão: requalificar ou descartar.",GTX Basic: USD 550 em jogo — 6º produto mais caro dos 7.,
K6MTPSB5,Lajuana Vencill,Dustin Brinkmann,Central,GTX Basic,,,Engaging,2017-07-23,161.0,550.0,Decidir,3,,ampla,98,29.2,,37.0,Seu histórico em GTX Basic é 56 de 98 (57%) — abaixo da média geral (63%).,"Há 161 dias em Engaging. Nenhum deal do histórico fechou depois de 138 dias; 1291 abertos já passaram disso sem fechar. Não é esforço, é decisão: requalificar ou descartar.",GTX Basic: USD 550 em jogo — 6º produto mais caro dos 7.,
MIGDLH14,Zane Levy,Summer Sewald,West,GTX Basic,,,Engaging,2017-07-23,161.0,550.0,Decidir,3,,ampla,79,43.5,,37.0,Seu histórico em GTX Basic é 48 de 79 (61%) — abaixo da sua média (62%) e da geral (63%).,"Há 161 dias em Engaging. Nenhum deal do histórico fechou depois de 138 dias; 1291 abertos já passaram disso sem fechar. Não é esforço, é decisão: requalificar ou descartar.",GTX Basic: USD 550 em jogo — 6º produto mais caro dos 7.,
ZRCQXB38,Darcel Schlecht,Melvin Marxen,Central,GTX Basic,,,Engaging,2017-07-23,161.0,550.0,Decidir,3,,ampla,53,58.1,,37.0,Você fecha GTX Basic em 36 de 53 deals (68%) — acima da média geral (63%).,"Há 161 dias em Engaging. Nenhum deal do histórico fechou depois de 138 dias; 1291 abertos já passaram disso sem fechar. Não é esforço, é decisão: requalificar ou descartar.",GTX Basic: USD 550 em jogo — 6º produto mais caro dos 7.,
7MP6KLZO,Moses Frase,Dustin Brinkmann,Central,GTX Basic,Goodsilron,marketing,Engaging,2017-07-24,160.0,550.0,Decidir,3,,ampla,59,83.4,,37.0,Você fecha GTX Basic em 47 de 59 deals (80%) — bem acima da média geral (63%).,"Há 160 dias em Engaging. Nenhum deal do histórico fechou depois de 138 dias; 1291 abertos já passaram disso sem fechar. Não é esforço, é decisão: requalificar ou descartar.",GTX Basic: USD 550 em jogo — 6º produto mais caro dos 7.,
7OZ7L8BB,Gladys Colclough,Melvin Marxen,Central,GTX Basic,,,Engaging,2017-07-24,160.0,550.0,Decidir,3,,média,26,30.4,,37.0,Seu histórico em GTX Basic é 14 de 26 (54%) — abaixo da sua média (58%) e da geral (63%).,"Há 160 dias em Engaging. Nenhum deal do histórico fechou depois de 138 dias; 1291 abertos já passaram disso sem fechar. Não é esforço, é decisão: requalificar ou descartar.",GTX Basic: USD 550 em jogo — 6º produto mais caro dos 7.,
806KPNNN,Versie Hillebrand,Dustin Brinkmann,Central,GTX Basic,Zathunicon,retail,Engaging,2017-07-24,160.0,550.0,Decidir,3,,média,20,58.8,,37.0,Você fecha GTX Basic em 13 de 20 deals (65%) — acima da média geral (63%).,"Há 160 dias em Engaging. Nenhum deal do histórico fechou depois de 138 dias; 1291 abertos já passaram disso sem fechar. Não é esforço, é decisão: requalificar ou descartar.",GTX Basic: USD 550 em jogo — 6º produto mais caro dos 7.,
E3Z74U5K,Lajuana Vencill,Dustin Brinkmann,Central,GTX Basic,,,Engaging,2017-07-24,160.0,550.0,Decidir,3,,ampla,98,29.2,,37.0,Seu histórico em GTX Basic é 56 de 98 (57%) — abaixo da média geral (63%).,"Há 160 dias em Engaging. Nenhum deal do histórico fechou depois de 138 dias; 1291 abertos já passaram disso sem fechar. Não é esforço, é decisão: requalificar ou descartar.",GTX Basic: USD 550 em jogo — 6º produto mais caro dos 7.,
Q3HHDSDS,Marty Freudenburg,Melvin Marxen,Central,GTX Basic,,,Engaging,2017-07-24,160.0,550.0,Decidir,3,,média,26,52.1,,37.0,Você fecha GTX Basic em 17 de 26 deals (65%) — acima da média geral (63%).,"Há 160 dias em Engaging. Nenhum deal do histórico fechou depois de 138 dias; 1291 abertos já passaram disso sem fechar. Não é esforço, é decisão: requalificar ou descartar.",GTX Basic: USD 550 em jogo — 6º produto mais caro dos 7.,
QGXJLNK1,Jonathan Berthelot,Melvin Marxen,Central,GTX Basic,,,Engaging,2017-07-24,160.0,550.0,Decidir,3,,ampla,110,54.6,,37.0,Você fecha GTX Basic em 71 de 110 deals (65%) — acima da média geral (63%).,"Há 160 dias em Engaging. Nenhum deal do histórico fechou depois de 138 dias; 1291 abertos já passaram disso sem fechar. Não é esforço, é decisão: requalificar ou descartar.",GTX Basic: USD 550 em jogo — 6º produto mais caro dos 7.,
APIB681L,Darcel Schlecht,Melvin Marxen,Central,GTX Basic,,,Engaging,2017-07-25,159.0,550.0,Decidir,3,,ampla,53,58.1,,37.0,Você fecha GTX Basic em 36 de 53 deals (68%) — acima da média geral (63%).,"Há 159 dias em Engaging. Nenhum deal do histórico fechou depois de 138 dias; 1291 abertos já passaram disso sem fechar. Não é esforço, é decisão: requalificar ou descartar.",GTX Basic: USD 550 em jogo — 6º produto mais caro dos 7.,
BEDNZXVE,Jonathan Berthelot,Melvin Marxen,Central,GTX Basic,,,Engaging,2017-07-25,159.0,550.0,Decidir,3,,ampla,110,54.6,,37.0,Você fecha GTX Basic em 71 de 110 deals (65%) — acima da média geral (63%).,"Há 159 dias em Engaging. Nenhum deal do histórico fechou depois de 138 dias; 1291 abertos já passaram disso sem fechar. Não é esforço, é decisão: requalificar ou descartar.",GTX Basic: USD 550 em jogo — 6º produto mais caro dos 7.,
G2XP6IGJ,Moses Frase,Dustin Brinkmann,Central,GTX Basic,,,Engaging,2017-07-25,159.0,550.0,Decidir,3,,ampla,59,83.4,,37.0,Você fecha GTX Basic em 47 de 59 deals (80%) — bem acima da média geral (63%).,"Há 159 dias em Engaging. Nenhum deal do histórico fechou depois de 138 dias; 1291 abertos já passaram disso sem fechar. Não é esforço, é decisão: requalificar ou descartar.",GTX Basic: USD 550 em jogo — 6º produto mais caro dos 7.,
PQL5GITI,Gladys Colclough,Melvin Marxen,Central,GTX Basic,,,Engaging,2017-07-25,159.0,550.0,Decidir,3,,média,26,30.4,,37.0,Seu histórico em GTX Basic é 14 de 26 (54%) — abaixo da sua média (58%) e da geral (63%).,"Há 159 dias em Engaging. Nenhum deal do histórico fechou depois de 138 dias; 1291 abertos já passaram disso sem fechar. Não é esforço, é decisão: requalificar ou descartar.",GTX Basic: USD 550 em jogo — 6º produto mais caro dos 7.,
TFSKOBH7,Darcel Schlecht,Melvin Marxen,Central,GTX Basic,,,Engaging,2017-07-25,159.0,550.0,Decidir,3,,ampla,53,58.1,,37.0,Você fecha GTX Basic em 36 de 53 deals (68%) — acima da média geral (63%).,"Há 159 dias em Engaging. Nenhum deal do histórico fechou depois de 138 dias; 1291 abertos já passaram disso sem fechar. Não é esforço, é decisão: requalificar ou descartar.",GTX Basic: USD 550 em jogo — 6º produto mais caro dos 7.,
VO1YR5CY,Versie Hillebrand,Dustin Brinkmann,Central,GTX Basic,,,Engaging,2017-07-25,159.0,550.0,Decidir,3,,média,20,58.8,,37.0,Você fecha GTX Basic em 13 de 20 deals (65%) — acima da média geral (63%).,"Há 159 dias em Engaging. Nenhum deal do histórico fechou depois de 138 dias; 1291 abertos já passaram disso sem fechar. Não é esforço, é decisão: requalificar ou descartar.",GTX Basic: USD 550 em jogo — 6º produto mais caro dos 7.,
VVO21D4Z,Cecily Lampkin,Dustin Brinkmann,Central,GTX Basic,,,Engaging,2017-07-25,159.0,550.0,Decidir,3,,média,24,60.2,,37.0,Você fecha GTX Basic em 16 de 24 deals (67%) — acima da média geral (63%).,"Há 159 dias em Engaging. Nenhum deal do histórico fechou depois de 138 dias; 1291 abertos já passaram disso sem fechar. Não é esforço, é decisão: requalificar ou descartar.",GTX Basic: USD 550 em jogo — 6º produto mais caro dos 7.,
Y3TOQUQI,Marty Freudenburg,Melvin Marxen,Central,GTX Basic,Zotware,software,Engaging,2017-07-25,159.0,550.0,Decidir,3,,média,26,52.1,,37.0,Você fecha GTX Basic em 17 de 26 deals (65%) — acima da média geral (63%).,"Há 159 dias em Engaging. Nenhum deal do histórico fechou depois de 138 dias; 1291 abertos já passaram disso sem fechar. Não é esforço, é decisão: requalificar ou descartar.",GTX Basic: USD 550 em jogo — 6º produto mais caro dos 7.,
G0DTQHIC,Jonathan Berthelot,Melvin Marxen,Central,GTX Basic,,,Engaging,2017-07-26,158.0,550.0,Decidir,3,,ampla,110,54.6,,37.0,Você fecha GTX Basic em 71 de 110 deals (65%) — acima da média geral (63%).,"Há 158 dias em Engaging. Nenhum deal do histórico fechou depois de 138 dias; 1291 abertos já passaram disso sem fechar. Não é esforço, é decisão: requalificar ou descartar.",GTX Basic: USD 550 em jogo — 6º produto mais caro dos 7.,
T50TV9SO,Zane Levy,Summer Sewald,West,GTX Basic,,,Engaging,2017-07-26,158.0,550.0,Decidir,3,,ampla,79,43.5,,37.0,Seu histórico em GTX Basic é 48 de 79 (61%) — abaixo da sua média (62%) e da geral (63%).,"Há 158 dias em Engaging. Nenhum deal do histórico fechou depois de 138 dias; 1291 abertos já passaram disso sem fechar. Não é esforço, é decisão: requalificar ou descartar.",GTX Basic: USD 550 em jogo — 6º produto mais caro dos 7.,
5PWO4RPC,Jonathan Berthelot,Melvin Marxen,Central,GTX Basic,,,Engaging,2017-07-27,157.0,550.0,Decidir,3,,ampla,110,54.6,,37.0,Você fecha GTX Basic em 71 de 110 deals (65%) — acima da média geral (63%).,"Há 157 dias em Engaging. Nenhum deal do histórico fechou depois de 138 dias; 1291 abertos já passaram disso sem fechar. Não é esforço, é decisão: requalificar ou descartar.",GTX Basic: USD 550 em jogo — 6º produto mais caro dos 7.,
64KHY8MT,Jonathan Berthelot,Melvin Marxen,Central,GTX Basic,,,Engaging,2017-07-27,157.0,550.0,Decidir,3,,ampla,110,54.6,,37.0,Você fecha GTX Basic em 71 de 110 deals (65%) — acima da média geral (63%).,"Há 157 dias em Engaging. Nenhum deal do histórico fechou depois de 138 dias; 1291 abertos já passaram disso sem fechar. Não é esforço, é decisão: requalificar ou descartar.",GTX Basic: USD 550 em jogo — 6º produto mais caro dos 7.,
EN8JHUXA,Moses Frase,Dustin Brinkmann,Central,GTX Basic,,,Engaging,2017-07-27,157.0,550.0,Decidir,3,,ampla,59,83.4,,37.0,Você fecha GTX Basic em 47 de 59 deals (80%) — bem acima da média geral (63%).,"Há 157 dias em Engaging. Nenhum deal do histórico fechou depois de 138 dias; 1291 abertos já passaram disso sem fechar. Não é esforço, é decisão: requalificar ou descartar.",GTX Basic: USD 550 em jogo — 6º produto mais caro dos 7.,
I3IRJZRL,Niesha Huffines,Melvin Marxen,Central,GTX Basic,,,Engaging,2017-07-27,157.0,550.0,Decidir,3,,ampla,53,41.3,,37.0,Seu histórico em GTX Basic é 32 de 53 (60%) — abaixo da média geral (63%).,"Há 157 dias em Engaging. Nenhum deal do histórico fechou depois de 138 dias; 1291 abertos já passaram disso sem fechar. Não é esforço, é decisão: requalificar ou descartar.",GTX Basic: USD 550 em jogo — 6º produto mais caro dos 7.,
WX546S1D,Marty Freudenburg,Melvin Marxen,Central,GTX Basic,,,Engaging,2017-07-27,157.0,550.0,Decidir,3,,média,26,52.1,,37.0,Você fecha GTX Basic em 17 de 26 deals (65%) — acima da média geral (63%).,"Há 157 dias em Engaging. Nenhum deal do histórico fechou depois de 138 dias; 1291 abertos já passaram disso sem fechar. Não é esforço, é decisão: requalificar ou descartar.",GTX Basic: USD 550 em jogo — 6º produto mais caro dos 7.,
0RI2I8ZL,Lajuana Vencill,Dustin Brinkmann,Central,GTX Basic,,,Engaging,2017-07-28,156.0,550.0,Decidir,3,,ampla,98,29.2,,37.0,Seu histórico em GTX Basic é 56 de 98 (57%) — abaixo da média geral (63%).,"Há 156 dias em Engaging. Nenhum deal do histórico fechou depois de 138 dias; 1291 abertos já passaram disso sem fechar. Não é esforço, é decisão: requalificar ou descartar.",GTX Basic: USD 550 em jogo — 6º produto mais caro dos 7.,
3L3W9W8I,Marty Freudenburg,Melvin Marxen,Central,GTX Basic,,,Engaging,2017-07-28,156.0,550.0,Decidir,3,,média,26,52.1,,37.0,Você fecha GTX Basic em 17 de 26 deals (65%) — acima da média geral (63%).,"Há 156 dias em Engaging. Nenhum deal do histórico fechou depois de 138 dias; 1291 abertos já passaram disso sem fechar. Não é esforço, é decisão: requalificar ou descartar.",GTX Basic: USD 550 em jogo — 6º produto mais caro dos 7.,
DXRG254A,Boris Faz,Rocco Neubert,East,GTX Basic,,,Engaging,2017-07-28,156.0,550.0,Decidir,3,,média,26,57.3,,37.0,Você fecha GTX Basic em 17 de 26 deals (65%) — acima da média geral (63%).,"Há 156 dias em Engaging. Nenhum deal do histórico fechou depois de 138 dias; 1291 abertos já passaram disso sem fechar. Não é esforço, é decisão: requalificar ou descartar.",GTX Basic: USD 550 em jogo — 6º produto mais caro dos 7.,
M2ZRU2UH,Rosalina Dieter,Celia Rouche,West,GTX Basic,,,Engaging,2017-07-28,156.0,550.0,Decidir,3,,pequena,15,56.8,,37.0,Seu histórico em GTX Basic é 10 de 15 (67%). Base pequena: o score usa 65% (puxado para a sua média de 65%).,"Há 156 dias em Engaging. Nenhum deal do histórico fechou depois de 138 dias; 1291 abertos já passaram disso sem fechar. Não é esforço, é decisão: requalificar ou descartar.",GTX Basic: USD 550 em jogo — 6º produto mais caro dos 7.,
NX2EICNQ,Versie Hillebrand,Dustin Brinkmann,Central,GTX Basic,Kan-code,software,Engaging,2017-07-28,156.0,550.0,Decidir,3,,média,20,58.8,,37.0,Você fecha GTX Basic em 13 de 20 deals (65%) — acima da média geral (63%).,"Há 156 dias em Engaging. Nenhum deal do histórico fechou depois de 138 dias; 1291 abertos já passaram disso sem fechar. Não é esforço, é decisão: requalificar ou descartar.",GTX Basic: USD 550 em jogo — 6º produto mais caro dos 7.,
P7MSQO38,Anna Snelling,Dustin Brinkmann,Central,GTX Basic,Yearin,retail,Engaging,2017-07-28,156.0,550.0,Decidir,3,,ampla,51,47.5,,37.0,Seu histórico em GTX Basic é 32 de 51 (63%) — abaixo da média geral (63%).,"Há 156 dias em Engaging. Nenhum deal do histórico fechou depois de 138 dias; 1291 abertos já passaram disso sem fechar. Não é esforço, é decisão: requalificar ou descartar.",GTX Basic: USD 550 em jogo — 6º produto mais caro dos 7.,
V3G1HBTZ,Lajuana Vencill,Dustin Brinkmann,Central,GTX Basic,Nam-zim,services,Engaging,2017-07-28,156.0,550.0,Decidir,3,,ampla,98,29.2,,37.0,Seu histórico em GTX Basic é 56 de 98 (57%) — abaixo da média geral (63%).,"Há 156 dias em Engaging. Nenhum deal do histórico fechou depois de 138 dias; 1291 abertos já passaram disso sem fechar. Não é esforço, é decisão: requalificar ou descartar.",GTX Basic: USD 550 em jogo — 6º produto mais caro dos 7.,
VIFA2I18,Jonathan Berthelot,Melvin Marxen,Central,GTX Basic,,,Engaging,2017-07-28,156.0,550.0,Decidir,3,,ampla,110,54.6,,37.0,Você fecha GTX Basic em 71 de 110 deals (65%) — acima da média geral (63%).,"Há 156 dias em Engaging. Nenhum deal do histórico fechou depois de 138 dias; 1291 abertos já passaram disso sem fechar. Não é esforço, é decisão: requalificar ou descartar.",GTX Basic: USD 550 em jogo — 6º produto mais caro dos 7.,
XV41LZYE,Lajuana Vencill,Dustin Brinkmann,Central,GTX Basic,,,Engaging,2017-07-28,156.0,550.0,Decidir,3,,ampla,98,29.2,,37.0,Seu histórico em GTX Basic é 56 de 98 (57%) — abaixo da média geral (63%).,"Há 156 dias em Engaging. Nenhum deal do histórico fechou depois de 138 dias; 1291 abertos já passaram disso sem fechar. Não é esforço, é decisão: requalificar ou descartar.",GTX Basic: USD 550 em jogo — 6º produto mais caro dos 7.,
FQI66XXN,Marty Freudenburg,Melvin Marxen,Central,GTX Basic,,,Engaging,2017-07-29,155.0,550.0,Decidir,3,,média,26,52.1,,37.0,Você fecha GTX Basic em 17 de 26 deals (65%) — acima da média geral (63%).,"Há 155 dias em Engaging. Nenhum deal do histórico fechou depois de 138 dias; 1291 abertos já passaram disso sem fechar. Não é esforço, é decisão: requalificar ou descartar.",GTX Basic: USD 550 em jogo — 6º produto mais caro dos 7.,
NJNY07JZ,Darcel Schlecht,Melvin Marxen,Central,GTX Basic,Codehow,software,Engaging,2017-07-29,155.0,550.0,Decidir,3,,ampla,53,58.1,,37.0,Você fecha GTX Basic em 36 de 53 deals (68%) — acima da média geral (63%).,"Há 155 dias em Engaging. Nenhum deal do histórico fechou depois de 138 dias; 1291 abertos já passaram disso sem fechar. Não é esforço, é decisão: requalificar ou descartar.",GTX Basic: USD 550 em jogo — 6º produto mais caro dos 7.,
SPMQ0BHA,Lajuana Vencill,Dustin Brinkmann,Central,GTX Basic,,,Engaging,2017-07-29,155.0,550.0,Decidir,3,,ampla,98,29.2,,37.0,Seu histórico em GTX Basic é 56 de 98 (57%) — abaixo da média geral (63%).,"Há 155 dias em Engaging. Nenhum deal do histórico fechou depois de 138 dias; 1291 abertos já passaram disso sem fechar. Não é esforço, é decisão: requalificar ou descartar.",GTX Basic: USD 550 em jogo — 6º produto mais caro dos 7.,
ABT1TDH1,Moses Frase,Dustin Brinkmann,Central,GTX Basic,,,Engaging,2017-07-30,154.0,550.0,Decidir,3,,ampla,59,83.4,,37.0,Você fecha GTX Basic em 47 de 59 deals (80%) — bem acima da média geral (63%).,"Há 154 dias em Engaging. Nenhum deal do histórico fechou depois de 138 dias; 1291 abertos já passaram disso sem fechar. Não é esforço, é decisão: requalificar ou descartar.",GTX Basic: USD 550 em jogo — 6º produto mais caro dos 7.,
CUZDYOOO,Darcel Schlecht,Melvin Marxen,Central,GTX Basic,,,Engaging,2017-07-30,154.0,550.0,Decidir,3,,ampla,53,58.1,,37.0,Você fecha GTX Basic em 36 de 53 deals (68%) — acima da média geral (63%).,"Há 154 dias em Engaging. Nenhum deal do histórico fechou depois de 138 dias; 1291 abertos já passaram disso sem fechar. Não é esforço, é decisão: requalificar ou descartar.",GTX Basic: USD 550 em jogo — 6º produto mais caro dos 7.,
D9NLFAEG,Niesha Huffines,Melvin Marxen,Central,GTX Basic,,,Engaging,2017-07-30,154.0,550.0,Decidir,3,,ampla,53,41.3,,37.0,Seu histórico em GTX Basic é 32 de 53 (60%) — abaixo da média geral (63%).,"Há 154 dias em Engaging. Nenhum deal do histórico fechou depois de 138 dias; 1291 abertos já passaram disso sem fechar. Não é esforço, é decisão: requalificar ou descartar.",GTX Basic: USD 550 em jogo — 6º produto mais caro dos 7.,
ERD6D5K3,Anna Snelling,Dustin Brinkmann,Central,GTX Basic,,,Engaging,2017-07-30,154.0,550.0,Decidir,3,,ampla,51,47.5,,37.0,Seu histórico em GTX Basic é 32 de 51 (63%) — abaixo da média geral (63%).,"Há 154 dias em Engaging. Nenhum deal do histórico fechou depois de 138 dias; 1291 abertos já passaram disso sem fechar. Não é esforço, é decisão: requalificar ou descartar.",GTX Basic: USD 550 em jogo — 6º produto mais caro dos 7.,
GWQX8BSZ,Niesha Huffines,Melvin Marxen,Central,GTX Basic,Donquadtech,technology,Engaging,2017-07-30,154.0,550.0,Decidir,3,,ampla,53,41.3,,37.0,Seu histórico em GTX Basic é 32 de 53 (60%) — abaixo da média geral (63%).,"Há 154 dias em Engaging. Nenhum deal do histórico fechou depois de 138 dias; 1291 abertos já passaram disso sem fechar. Não é esforço, é decisão: requalificar ou descartar.",GTX Basic: USD 550 em jogo — 6º produto mais caro dos 7.,
OVLGWURN,Kary Hendrixson,Summer Sewald,West,GTX Basic,,,Engaging,2017-07-30,154.0,550.0,Decidir,3,,ampla,129,50.4,,37.0,Você fecha GTX Basic em 82 de 129 deals (64%) — acima da média geral (63%).,"Há 154 dias em Engaging. Nenhum deal do histórico fechou depois de 138 dias; 1291 abertos já passaram disso sem fechar. Não é esforço, é decisão: requalificar ou descartar.",GTX Basic: USD 550 em jogo — 6º produto mais caro dos 7.,
UHIIYU2J,Lajuana Vencill,Dustin Brinkmann,Central,GTX Basic,,,Engaging,2017-07-30,154.0,550.0,Decidir,3,,ampla,98,29.2,,37.0,Seu histórico em GTX Basic é 56 de 98 (57%) — abaixo da média geral (63%).,"Há 154 dias em Engaging. Nenhum deal do histórico fechou depois de 138 dias; 1291 abertos já passaram disso sem fechar. Não é esforço, é decisão: requalificar ou descartar.",GTX Basic: USD 550 em jogo — 6º produto mais caro dos 7.,
VVM42VWQ,Anna Snelling,Dustin Brinkmann,Central,GTX Basic,,,Engaging,2017-07-30,154.0,550.0,Decidir,3,,ampla,51,47.5,,37.0,Seu histórico em GTX Basic é 32 de 51 (63%) — abaixo da média geral (63%).,"Há 154 dias em Engaging. Nenhum deal do histórico fechou depois de 138 dias; 1291 abertos já passaram disso sem fechar. Não é esforço, é decisão: requalificar ou descartar.",GTX Basic: USD 550 em jogo — 6º produto mais caro dos 7.,
4XXAK1QL,Jonathan Berthelot,Melvin Marxen,Central,GTX Basic,,,Engaging,2017-07-31,153.0,550.0,Decidir,3,,ampla,110,54.6,,37.0,Você fecha GTX Basic em 71 de 110 deals (65%) — acima da média geral (63%).,"Há 153 dias em Engaging. Nenhum deal do histórico fechou depois de 138 dias; 1291 abertos já passaram disso sem fechar. Não é esforço, é decisão: requalificar ou descartar.",GTX Basic: USD 550 em jogo — 6º produto mais caro dos 7.,
ICG3THQK,Gladys Colclough,Melvin Marxen,Central,GTX Basic,Sumace,retail,Engaging,2017-07-31,153.0,550.0,Decidir,3,,média,26,30.4,,37.0,Seu histórico em GTX Basic é 14 de 26 (54%) — abaixo da sua média (58%) e da geral (63%).,"Há 153 dias em Engaging. Nenhum deal do histórico fechou depois de 138 dias; 1291 abertos já passaram disso sem fechar. Não é esforço, é decisão: requalificar ou descartar.",GTX Basic: USD 550 em jogo — 6º produto mais caro dos 7.,
Q65B52C5,Niesha Huffines,Melvin Marxen,Central,GTX Basic,Kan-code,software,Engaging,2017-07-31,153.0,550.0,Decidir,3,,ampla,53,41.3,,37.0,Seu histórico em GTX Basic é 32 de 53 (60%) — abaixo da média geral (63%).,"Há 153 dias em Engaging. Nenhum deal do histórico fechou depois de 138 dias; 1291 abertos já passaram disso sem fechar. Não é esforço, é decisão: requalificar ou descartar.",GTX Basic: USD 550 em jogo — 6º produto mais caro dos 7.,
WU81R3XH,Lajuana Vencill,Dustin Brinkmann,Central,GTX Basic,,,Engaging,2017-07-31,153.0,550.0,Decidir,3,,ampla,98,29.2,,37.0,Seu histórico em GTX Basic é 56 de 98 (57%) — abaixo da média geral (63%).,"Há 153 dias em Engaging. Nenhum deal do histórico fechou depois de 138 dias; 1291 abertos já passaram disso sem fechar. Não é esforço, é decisão: requalificar ou descartar.",GTX Basic: USD 550 em jogo — 6º produto mais caro dos 7.,
RZXMIHGO,Gladys Colclough,Melvin Marxen,Central,GTX Basic,,,Engaging,2017-08-01,152.0,550.0,Decidir,3,,média,26,30.4,,37.0,Seu histórico em GTX Basic é 14 de 26 (54%) — abaixo da sua média (58%) e da geral (63%).,"Há 152 dias em Engaging. Nenhum deal do histórico fechou depois de 138 dias; 1291 abertos já passaram disso sem fechar. Não é esforço, é decisão: requalificar ou descartar.",GTX Basic: USD 550 em jogo — 6º produto mais caro dos 7.,
YE7F777U,Lajuana Vencill,Dustin Brinkmann,Central,GTX Basic,,,Engaging,2017-08-01,152.0,550.0,Decidir,3,,ampla,98,29.2,,37.0,Seu histórico em GTX Basic é 56 de 98 (57%) — abaixo da média geral (63%).,"Há 152 dias em Engaging. Nenhum deal do histórico fechou depois de 138 dias; 1291 abertos já passaram disso sem fechar. Não é esforço, é decisão: requalificar ou descartar.",GTX Basic: USD 550 em jogo — 6º produto mais caro dos 7.,
URQYDGX8,Jonathan Berthelot,Melvin Marxen,Central,GTX Basic,,,Engaging,2017-08-02,151.0,550.0,Decidir,3,,ampla,110,54.6,,37.0,Você fecha GTX Basic em 71 de 110 deals (65%) — acima da média geral (63%).,"Há 151 dias em Engaging. Nenhum deal do histórico fechou depois de 138 dias; 1291 abertos já passaram disso sem fechar. Não é esforço, é decisão: requalificar ou descartar.",GTX Basic: USD 550 em jogo — 6º produto mais caro dos 7.,
6RZ5GSAB,Jonathan Berthelot,Melvin Marxen,Central,GTX Basic,,,Engaging,2017-08-03,150.0,550.0,Decidir,3,,ampla,110,54.6,,37.0,Você fecha GTX Basic em 71 de 110 deals (65%) — acima da média geral (63%).,"Há 150 dias em Engaging. Nenhum deal do histórico fechou depois de 138 dias; 1291 abertos já passaram disso sem fechar. Não é esforço, é decisão: requalificar ou descartar.",GTX Basic: USD 550 em jogo — 6º produto mais caro dos 7.,
7VSFD2MV,Kary Hendrixson,Summer Sewald,West,GTX Basic,,,Engaging,2017-08-03,150.0,550.0,Decidir,3,,ampla,129,50.4,,37.0,Você fecha GTX Basic em 82 de 129 deals (64%) — acima da média geral (63%).,"Há 150 dias em Engaging. Nenhum deal do histórico fechou depois de 138 dias; 1291 abertos já passaram disso sem fechar. Não é esforço, é decisão: requalificar ou descartar.",GTX Basic: USD 550 em jogo — 6º produto mais caro dos 7.,
XB1ZV04H,Versie Hillebrand,Dustin Brinkmann,Central,GTX Basic,,,Engaging,2017-08-03,150.0,550.0,Decidir,3,,média,20,58.8,,37.0,Você fecha GTX Basic em 13 de 20 deals (65%) — acima da média geral (63%).,"Há 150 dias em Engaging. Nenhum deal do histórico fechou depois de 138 dias; 1291 abertos já passaram disso sem fechar. Não é esforço, é decisão: requalificar ou descartar.",GTX Basic: USD 550 em jogo — 6º produto mais caro dos 7.,
5VW9YVTU,Moses Frase,Dustin Brinkmann,Central,GTX Basic,Condax,medical,Engaging,2017-08-04,149.0,550.0,Decidir,3,,ampla,59,83.4,,37.0,Você fecha GTX Basic em 47 de 59 deals (80%) — bem acima da média geral (63%).,"Há 149 dias em Engaging. Nenhum deal do histórico fechou depois de 138 dias; 1291 abertos já passaram disso sem fechar. Não é esforço, é decisão: requalificar ou descartar.",GTX Basic: USD 550 em jogo — 6º produto mais caro dos 7.,
CPOA6FVA,Lajuana Vencill,Dustin Brinkmann,Central,GTX Basic,,,Engaging,2017-08-04,149.0,550.0,Decidir,3,,ampla,98,29.2,,37.0,Seu histórico em GTX Basic é 56 de 98 (57%) — abaixo da média geral (63%).,"Há 149 dias em Engaging. Nenhum deal do histórico fechou depois de 138 dias; 1291 abertos já passaram disso sem fechar. Não é esforço, é decisão: requalificar ou descartar.",GTX Basic: USD 550 em jogo — 6º produto mais caro dos 7.,
4PNXMXXC,Anna Snelling,Dustin Brinkmann,Central,GTX Basic,,,Engaging,2017-08-05,148.0,550.0,Decidir,3,,ampla,51,47.5,,37.0,Seu histórico em GTX Basic é 32 de 51 (63%) — abaixo da média geral (63%).,"Há 148 dias em Engaging. Nenhum deal do histórico fechou depois de 138 dias; 1291 abertos já passaram disso sem fechar. Não é esforço, é decisão: requalificar ou descartar.",GTX Basic: USD 550 em jogo — 6º produto mais caro dos 7.,
9P180HVQ,Moses Frase,Dustin Brinkmann,Central,GTX Basic,Zencorporation,technology,Engaging,2017-08-05,148.0,550.0,Decidir,3,,ampla,59,83.4,,37.0,Você fecha GTX Basic em 47 de 59 deals (80%) — bem acima da média geral (63%).,"Há 148 dias em Engaging. Nenhum deal do histórico fechou depois de 138 dias; 1291 abertos já passaram disso sem fechar. Não é esforço, é decisão: requalificar ou descartar.",GTX Basic: USD 550 em jogo — 6º produto mais caro dos 7.,
04T6SOQW,Kami Bicknell,Summer Sewald,West,GTX Basic,,,Engaging,2017-08-06,147.0,550.0,Decidir,3,,ampla,108,56.6,,37.0,Você fecha GTX Basic em 71 de 108 deals (66%) — acima da média geral (63%).,"Há 147 dias em Engaging. Nenhum deal do histórico fechou depois de 138 dias; 1291 abertos já passaram disso sem fechar. Não é esforço, é decisão: requalificar ou descartar.",GTX Basic: USD 550 em jogo — 6º produto mais caro dos 7.,
693K7IAT,Boris Faz,Rocco Neubert,East,GTX Basic,Funholding,finance,Engaging,2017-08-07,146.0,550.0,Decidir,3,,média,26,57.3,,37.0,Você fecha GTX Basic em 17 de 26 deals (65%) — acima da média geral (63%).,"Há 146 dias em Engaging. Nenhum deal do histórico fechou depois de 138 dias; 1291 abertos já passaram disso sem fechar. Não é esforço, é decisão: requalificar ou descartar.",GTX Basic: USD 550 em jogo — 6º produto mais caro dos 7.,
9AESK6QV,Vicki Laflamme,Celia Rouche,West,GTX Basic,,,Engaging,2017-08-07,146.0,550.0,Decidir,3,,ampla,83,59.6,,37.0,Você fecha GTX Basic em 56 de 83 deals (67%) — acima da média geral (63%).,"Há 146 dias em Engaging. Nenhum deal do histórico fechou depois de 138 dias; 1291 abertos já passaram disso sem fechar. Não é esforço, é decisão: requalificar ou descartar.",GTX Basic: USD 550 em jogo — 6º produto mais caro dos 7.,
CLRPASVW,Kami Bicknell,Summer Sewald,West,GTX Basic,Cancity,retail,Engaging,2017-08-08,145.0,550.0,Decidir,3,,ampla,108,56.6,,37.0,Você fecha GTX Basic em 71 de 108 deals (66%) — acima da média geral (63%).,"Há 145 dias em Engaging. Nenhum deal do histórico fechou depois de 138 dias; 1291 abertos já passaram disso sem fechar. Não é esforço, é decisão: requalificar ou descartar.",GTX Basic: USD 550 em jogo — 6º produto mais caro dos 7.,
FS60AX8A,Lajuana Vencill,Dustin Brinkmann,Central,GTX Basic,,,Engaging,2017-08-08,145.0,550.0,Decidir,3,,ampla,98,29.2,,37.0,Seu histórico em GTX Basic é 56 de 98 (57%) — abaixo da média geral (63%).,"Há 145 dias em Engaging. Nenhum deal do histórico fechou depois de 138 dias; 1291 abertos já passaram disso sem fechar. Não é esforço, é decisão: requalificar ou descartar.",GTX Basic: USD 550 em jogo — 6º produto mais caro dos 7.,
298J5EM0,Vicki Laflamme,Celia Rouche,West,GTX Basic,,,Engaging,2017-08-09,144.0,550.0,Decidir,3,,ampla,83,59.6,,37.0,Você fecha GTX Basic em 56 de 83 deals (67%) — acima da média geral (63%).,"Há 144 dias em Engaging. Nenhum deal do histórico fechou depois de 138 dias; 1291 abertos já passaram disso sem fechar. Não é esforço, é decisão: requalificar ou descartar.",GTX Basic: USD 550 em jogo — 6º produto mais caro dos 7.,
BJH89YWM,Jonathan Berthelot,Melvin Marxen,Central,GTX Basic,,,Engaging,2017-08-09,144.0,550.0,Decidir,3,,ampla,110,54.6,,37.0,Você fecha GTX Basic em 71 de 110 deals (65%) — acima da média geral (63%).,"Há 144 dias em Engaging. Nenhum deal do histórico fechou depois de 138 dias; 1291 abertos já passaram disso sem fechar. Não é esforço, é decisão: requalificar ou descartar.",GTX Basic: USD 550 em jogo — 6º produto mais caro dos 7.,
EVXPG3V5,Lajuana Vencill,Dustin Brinkmann,Central,GTX Basic,The New York Inquirer,medical,Engaging,2017-08-09,144.0,550.0,Decidir,3,,ampla,98,29.2,,37.0,Seu histórico em GTX Basic é 56 de 98 (57%) — abaixo da média geral (63%).,"Há 144 dias em Engaging. Nenhum deal do histórico fechou depois de 138 dias; 1291 abertos já passaram disso sem fechar. Não é esforço, é decisão: requalificar ou descartar.",GTX Basic: USD 550 em jogo — 6º produto mais caro dos 7.,
S931EBRN,Cassey Cress,Rocco Neubert,East,GTX Basic,,,Engaging,2017-08-09,144.0,550.0,Decidir,3,,ampla,58,44.1,,37.0,Seu histórico em GTX Basic é 35 de 58 (60%) — abaixo da sua média (62%) e da geral (63%).,"Há 144 dias em Engaging. Nenhum deal do histórico fechou depois de 138 dias; 1291 abertos já passaram disso sem fechar. Não é esforço, é decisão: requalificar ou descartar.",GTX Basic: USD 550 em jogo — 6º produto mais caro dos 7.,
99EA6HXJ,Markita Hansen,Celia Rouche,West,GTX Basic,,,Engaging,2017-08-10,143.0,550.0,Decidir,3,,média,47,39.4,,37.0,Seu histórico em GTX Basic é 29 de 47 (62%) — abaixo da média geral (63%).,"Há 143 dias em Engaging. Nenhum deal do histórico fechou depois de 138 dias; 1291 abertos já passaram disso sem fechar. Não é esforço, é decisão: requalificar ou descartar.",GTX Basic: USD 550 em jogo — 6º produto mais caro dos 7.,
MBPJUJ7F,Jonathan Berthelot,Melvin Marxen,Central,GTX Basic,Plexzap,retail,Engaging,2017-08-10,143.0,550.0,Decidir,3,,ampla,110,54.6,,37.0,Você fecha GTX Basic em 71 de 110 deals (65%) — acima da média geral (63%).,"Há 143 dias em Engaging. Nenhum deal do histórico fechou depois de 138 dias; 1291 abertos já passaram disso sem fechar. Não é esforço, é decisão: requalificar ou descartar.",GTX Basic: USD 550 em jogo — 6º produto mais caro dos 7.,
P4D1NK6D,Elease Gluck,Celia Rouche,West,GTX Basic,,,Engaging,2017-08-11,142.0,550.0,Decidir,3,,pequena,16,65.2,,37.0,Seu histórico em GTX Basic é 13 de 16 (81%). Base pequena: o score usa 68% (puxado para a sua média de 63%).,"Há 142 dias em Engaging. Nenhum deal do histórico fechou depois de 138 dias; 1291 abertos já passaram disso sem fechar. Não é esforço, é decisão: requalificar ou descartar.",GTX Basic: USD 550 em jogo — 6º produto mais caro dos 7.,
UMF3KRCL,Maureen Marcano,Summer Sewald,West,GTX Basic,,,Engaging,2017-08-11,142.0,550.0,Decidir,3,,média,41,49.5,,37.0,Seu histórico em GTX Basic é 23 de 41 (56%) — abaixo da sua média (70%) e da geral (63%).,"Há 142 dias em Engaging. Nenhum deal do histórico fechou depois de 138 dias; 1291 abertos já passaram disso sem fechar. Não é esforço, é decisão: requalificar ou descartar.",GTX Basic: USD 550 em jogo — 6º produto mais caro dos 7.,
27REMGYU,James Ascencio,Summer Sewald,West,GTX Basic,,,Engaging,2017-08-12,141.0,550.0,Decidir,3,,ampla,54,52.8,,37.0,Você fecha GTX Basic em 34 de 54 deals (63%) — acima da média geral (63%).,"Há 141 dias em Engaging. Nenhum deal do histórico fechou depois de 138 dias; 1291 abertos já passaram disso sem fechar. Não é esforço, é decisão: requalificar ou descartar.",GTX Basic: USD 550 em jogo — 6º produto mais caro dos 7.,
B96E3BBD,Vicki Laflamme,Celia Rouche,West,GTX Basic,,,Engaging,2017-08-12,141.0,550.0,Decidir,3,,ampla,83,59.6,,37.0,Você fecha GTX Basic em 56 de 83 deals (67%) — acima da média geral (63%).,"Há 141 dias em Engaging. Nenhum deal do histórico fechou depois de 138 dias; 1291 abertos já passaram disso sem fechar. Não é esforço, é decisão: requalificar ou descartar.",GTX Basic: USD 550 em jogo — 6º produto mais caro dos 7.,
EEQV0YY4,Violet Mclelland,Cara Losch,East,GTX Basic,,,Engaging,2017-08-12,141.0,550.0,Decidir,3,,média,25,46.6,,37.0,Seu histórico em GTX Basic é 15 de 25 (60%) — abaixo da sua média (63%) e da geral (63%).,"Há 141 dias em Engaging. Nenhum deal do histórico fechou depois de 138 dias; 1291 abertos já passaram disso sem fechar. Não é esforço, é decisão: requalificar ou descartar.",GTX Basic: USD 550 em jogo — 6º produto mais caro dos 7.,
MQEFGUOG,Vicki Laflamme,Celia Rouche,West,GTX Basic,,,Engaging,2017-08-12,141.0,550.0,Decidir,3,,ampla,83,59.6,,37.0,Você fecha GTX Basic em 56 de 83 deals (67%) — acima da média geral (63%).,"Há 141 dias em Engaging. Nenhum deal do histórico fechou depois de 138 dias; 1291 abertos já passaram disso sem fechar. Não é esforço, é decisão: requalificar ou descartar.",GTX Basic: USD 550 em jogo — 6º produto mais caro dos 7.,
O0L6JUYE,Marty Freudenburg,Melvin Marxen,Central,GTX Basic,Bluth Company,technology,Engaging,2017-08-12,141.0,550.0,Decidir,3,,média,26,52.1,,37.0,Você fecha GTX Basic em 17 de 26 deals (65%) — acima da média geral (63%).,"Há 141 dias em Engaging. Nenhum deal do histórico fechou depois de 138 dias; 1291 abertos já passaram disso sem fechar. Não é esforço, é decisão: requalificar ou descartar.",GTX Basic: USD 550 em jogo — 6º produto mais caro dos 7.,
7O1UQ19W,Gladys Colclough,Melvin Marxen,Central,GTX Basic,,,Engaging,2017-08-13,140.0,550.0,Decidir,3,,média,26,30.4,,37.0,Seu histórico em GTX Basic é 14 de 26 (54%) — abaixo da sua média (58%) e da geral (63%).,"Há 140 dias em Engaging. Nenhum deal do histórico fechou depois de 138 dias; 1291 abertos já passaram disso sem fechar. Não é esforço, é decisão: requalificar ou descartar.",GTX Basic: USD 550 em jogo — 6º produto mais caro dos 7.,
DFSFEADV,Lajuana Vencill,Dustin Brinkmann,Central,GTX Basic,,,Engaging,2017-08-13,140.0,550.0,Decidir,3,,ampla,98,29.2,,37.0,Seu histórico em GTX Basic é 56 de 98 (57%) — abaixo da média geral (63%).,"Há 140 dias em Engaging. Nenhum deal do histórico fechou depois de 138 dias; 1291 abertos já passaram disso sem fechar. Não é esforço, é decisão: requalificar ou descartar.",GTX Basic: USD 550 em jogo — 6º produto mais caro dos 7.,
Y8ZUSC9C,Jonathan Berthelot,Melvin Marxen,Central,GTX Basic,,,Engaging,2017-08-14,139.0,550.0,Decidir,3,,ampla,110,54.6,,37.0,Você fecha GTX Basic em 71 de 110 deals (65%) — acima da média geral (63%).,"Há 139 dias em Engaging. Nenhum deal do histórico fechou depois de 138 dias; 1291 abertos já passaram disso sem fechar. Não é esforço, é decisão: requalificar ou descartar.",GTX Basic: USD 550 em jogo — 6º produto mais caro dos 7.,
VDIU10RV,Markita Hansen,Celia Rouche,West,MG Special,Lexiqvolax,medical,Engaging,2016-11-23,403.0,55.0,Decidir,3,,ampla,54,22.7,,0.0,Seu histórico em MG Special é 28 de 54 (52%) — abaixo da sua média (57%) e da geral (63%).,"Há 403 dias em Engaging. Nenhum deal do histórico fechou depois de 138 dias; 1291 abertos já passaram disso sem fechar. Não é esforço, é decisão: requalificar ou descartar.",MG Special: USD 55 em jogo — o produto mais barato do catálogo.,
KD6MB4AP,Elease Gluck,Celia Rouche,West,MG Special,,,Engaging,2016-12-11,385.0,55.0,Decidir,3,,ampla,51,53.0,,0.0,Você fecha MG Special em 33 de 51 deals (65%) — acima da média geral (63%).,"Há 385 dias em Engaging. Nenhum deal do histórico fechou depois de 138 dias; 1291 abertos já passaram disso sem fechar. Não é esforço, é decisão: requalificar ou descartar.",MG Special: USD 55 em jogo — o produto mais barato do catálogo.,
1ZDDZD8B,Markita Hansen,Celia Rouche,West,MG Special,,,Engaging,2016-12-15,381.0,55.0,Decidir,3,,ampla,54,22.7,,0.0,Seu histórico em MG Special é 28 de 54 (52%) — abaixo da sua média (57%) e da geral (63%).,"Há 381 dias em Engaging. Nenhum deal do histórico fechou depois de 138 dias; 1291 abertos já passaram disso sem fechar. Não é esforço, é decisão: requalificar ou descartar.",MG Special: USD 55 em jogo — o produto mais barato do catálogo.,
6SN2RQJX,Vicki Laflamme,Celia Rouche,West,MG Special,,,Engaging,2016-12-17,379.0,55.0,Decidir,3,,ampla,80,51.8,,0.0,Você fecha MG Special em 51 de 80 deals (64%) — acima da média geral (63%).,"Há 379 dias em Engaging. Nenhum deal do histórico fechou depois de 138 dias; 1291 abertos já passaram disso sem fechar. Não é esforço, é decisão: requalificar ou descartar.",MG Special: USD 55 em jogo — o produto mais barato do catálogo.,
N07K7DR7,Rosie Papadopoulos,Cara Losch,East,MG Special,Plexzap,retail,Engaging,2016-12-18,378.0,55.0,Decidir,3,,média,33,48.5,,0.0,Seu histórico em MG Special é 20 de 33 (61%) — abaixo da sua média (64%) e da geral (63%).,"Há 378 dias em Engaging. Nenhum deal do histórico fechou depois de 138 dias; 1291 abertos já passaram disso sem fechar. Não é esforço, é decisão: requalificar ou descartar.",MG Special: USD 55 em jogo — o produto mais barato do catálogo.,
5T8Q2YID,Elease Gluck,Celia Rouche,West,MG Special,,,Engaging,2017-01-01,364.0,55.0,Decidir,3,,ampla,51,53.0,,0.0,Você fecha MG Special em 33 de 51 deals (65%) — acima da média geral (63%).,"Há 364 dias em Engaging. Nenhum deal do histórico fechou depois de 138 dias; 1291 abertos já passaram disso sem fechar. Não é esforço, é decisão: requalificar ou descartar.",MG Special: USD 55 em jogo — o produto mais barato do catálogo.,
EWDOBEM6,Hayden Neloms,Celia Rouche,West,MG Special,,,Engaging,2017-01-03,362.0,55.0,Decidir,3,,média,23,73.7,,0.0,Você fecha MG Special em 17 de 23 deals (74%) — bem acima da média geral (63%).,"Há 362 dias em Engaging. Nenhum deal do histórico fechou depois de 138 dias; 1291 abertos já passaram disso sem fechar. Não é esforço, é decisão: requalificar ou descartar.",MG Special: USD 55 em jogo — o produto mais barato do catálogo.,
CGWJ1WHI,Wilburn Farren,Cara Losch,East,MG Special,,,Engaging,2017-01-04,361.0,55.0,Decidir,3,,pequena,11,61.1,,0.0,Seu histórico em MG Special é 7 de 11 (64%). Base pequena: o score usa 66% (puxado para a sua média de 70%).,"Há 361 dias em Engaging. Nenhum deal do histórico fechou depois de 138 dias; 1291 abertos já passaram disso sem fechar. Não é esforço, é decisão: requalificar ou descartar.",MG Special: USD 55 em jogo — o produto mais barato do catálogo.,
G39V1X3G,Corliss Cosme,Cara Losch,East,MG Special,,,Engaging,2017-01-07,358.0,55.0,Decidir,3,,pequena,16,59.4,,0.0,Seu histórico em MG Special é 11 de 16 (69%). Base pequena: o score usa 66% (puxado para a sua média de 66%).,"Há 358 dias em Engaging. Nenhum deal do histórico fechou depois de 138 dias; 1291 abertos já passaram disso sem fechar. Não é esforço, é decisão: requalificar ou descartar.",MG Special: USD 55 em jogo — o produto mais barato do catálogo.,
XYNTWPN1,Violet Mclelland,Cara Losch,East,MG Special,Rundofase,technology,Engaging,2017-01-08,357.0,55.0,Decidir,3,,ampla,108,56.0,,0.0,Você fecha MG Special em 71 de 108 deals (66%) — acima da média geral (63%).,"Há 357 dias em Engaging. Nenhum deal do histórico fechou depois de 138 dias; 1291 abertos já passaram disso sem fechar. Não é esforço, é decisão: requalificar ou descartar.",MG Special: USD 55 em jogo — o produto mais barato do catálogo.,
6Q67ZUJ1,Maureen Marcano,Summer Sewald,West,MG Special,,,Engaging,2017-01-09,356.0,55.0,Decidir,3,,média,23,64.8,,0.0,Você fecha MG Special em 15 de 23 deals (65%) — acima da média geral (63%).,"Há 356 dias em Engaging. Nenhum deal do histórico fechou depois de 138 dias; 1291 abertos já passaram disso sem fechar. Não é esforço, é decisão: requalificar ou descartar.",MG Special: USD 55 em jogo — o produto mais barato do catálogo.,
MCE5DKD1,Markita Hansen,Celia Rouche,West,MG Special,Bioholding,medical,Engaging,2017-01-10,355.0,55.0,Decidir,3,,ampla,54,22.7,,0.0,Seu histórico em MG Special é 28 de 54 (52%) — abaixo da sua média (57%) e da geral (63%).,"Há 355 dias em Engaging. Nenhum deal do histórico fechou depois de 138 dias; 1291 abertos já passaram disso sem fechar. Não é esforço, é decisão: requalificar ou descartar.",MG Special: USD 55 em jogo — o produto mais barato do catálogo.,
W8CXDBQN,Vicki Laflamme,Celia Rouche,West,MG Special,,,Engaging,2017-01-13,352.0,55.0,Decidir,3,,ampla,80,51.8,,0.0,Você fecha MG Special em 51 de 80 deals (64%) — acima da média geral (63%).,"Há 352 dias em Engaging. Nenhum deal do histórico fechou depois de 138 dias; 1291 abertos já passaram disso sem fechar. Não é esforço, é decisão: requalificar ou descartar.",MG Special: USD 55 em jogo — o produto mais barato do catálogo.,
CT3HBBI2,Elease Gluck,Celia Rouche,West,MG Special,Mathtouch,marketing,Engaging,2017-01-15,350.0,55.0,Decidir,3,,ampla,51,53.0,,0.0,Você fecha MG Special em 33 de 51 deals (65%) — acima da média geral (63%).,"Há 350 dias em Engaging. Nenhum deal do histórico fechou depois de 138 dias; 1291 abertos já passaram disso sem fechar. Não é esforço, é decisão: requalificar ou descartar.",MG Special: USD 55 em jogo — o produto mais barato do catálogo.,
K64TY8LU,Maureen Marcano,Summer Sewald,West,MG Special,,,Engaging,2017-01-16,349.0,55.0,Decidir,3,,média,23,64.8,,0.0,Você fecha MG Special em 15 de 23 deals (65%) — acima da média geral (63%).,"Há 349 dias em Engaging. Nenhum deal do histórico fechou depois de 138 dias; 1291 abertos já passaram disso sem fechar. Não é esforço, é decisão: requalificar ou descartar.",MG Special: USD 55 em jogo — o produto mais barato do catálogo.,
A4JROIDO,Vicki Laflamme,Celia Rouche,West,MG Special,,,Engaging,2017-01-19,346.0,55.0,Decidir,3,,ampla,80,51.8,,0.0,Você fecha MG Special em 51 de 80 deals (64%) — acima da média geral (63%).,"Há 346 dias em Engaging. Nenhum deal do histórico fechou depois de 138 dias; 1291 abertos já passaram disso sem fechar. Não é esforço, é decisão: requalificar ou descartar.",MG Special: USD 55 em jogo — o produto mais barato do catálogo.,
N5UIZYIV,Zane Levy,Summer Sewald,West,MG Special,Konmatfix,marketing,Engaging,2017-01-28,337.0,55.0,Decidir,3,,média,20,34.6,,0.0,Seu histórico em MG Special é 10 de 20 (50%) — abaixo da sua média (62%) e da geral (63%).,"Há 337 dias em Engaging. Nenhum deal do histórico fechou depois de 138 dias; 1291 abertos já passaram disso sem fechar. Não é esforço, é decisão: requalificar ou descartar.",MG Special: USD 55 em jogo — o produto mais barato do catálogo.,
OCGXWE8H,Vicki Laflamme,Celia Rouche,West,MG Special,,,Engaging,2017-02-03,331.0,55.0,Decidir,3,,ampla,80,51.8,,0.0,Você fecha MG Special em 51 de 80 deals (64%) — acima da média geral (63%).,"Há 331 dias em Engaging. Nenhum deal do histórico fechou depois de 138 dias; 1291 abertos já passaram disso sem fechar. Não é esforço, é decisão: requalificar ou descartar.",MG Special: USD 55 em jogo — o produto mais barato do catálogo.,
P9PFSLS6,Maureen Marcano,Summer Sewald,West,MG Special,,,Engaging,2017-02-05,329.0,55.0,Decidir,3,,média,23,64.8,,0.0,Você fecha MG Special em 15 de 23 deals (65%) — acima da média geral (63%).,"Há 329 dias em Engaging. Nenhum deal do histórico fechou depois de 138 dias; 1291 abertos já passaram disso sem fechar. Não é esforço, é decisão: requalificar ou descartar.",MG Special: USD 55 em jogo — o produto mais barato do catálogo.,
RP7KA6HS,Elease Gluck,Celia Rouche,West,MG Special,Mathtouch,marketing,Engaging,2017-02-05,329.0,55.0,Decidir,3,,ampla,51,53.0,,0.0,Você fecha MG Special em 33 de 51 deals (65%) — acima da média geral (63%).,"Há 329 dias em Engaging. Nenhum deal do histórico fechou depois de 138 dias; 1291 abertos já passaram disso sem fechar. Não é esforço, é decisão: requalificar ou descartar.",MG Special: USD 55 em jogo — o produto mais barato do catálogo.,
6VIK2VX8,Hayden Neloms,Celia Rouche,West,MG Special,Isdom,medical,Engaging,2017-02-06,328.0,55.0,Decidir,3,,média,23,73.7,,0.0,Você fecha MG Special em 17 de 23 deals (74%) — bem acima da média geral (63%).,"Há 328 dias em Engaging. Nenhum deal do histórico fechou depois de 138 dias; 1291 abertos já passaram disso sem fechar. Não é esforço, é decisão: requalificar ou descartar.",MG Special: USD 55 em jogo — o produto mais barato do catálogo.,
TH9RV79M,Maureen Marcano,Summer Sewald,West,MG Special,,,Engaging,2017-02-06,328.0,55.0,Decidir,3,,média,23,64.8,,0.0,Você fecha MG Special em 15 de 23 deals (65%) — acima da média geral (63%).,"Há 328 dias em Engaging. Nenhum deal do histórico fechou depois de 138 dias; 1291 abertos já passaram disso sem fechar. Não é esforço, é decisão: requalificar ou descartar.",MG Special: USD 55 em jogo — o produto mais barato do catálogo.,
AF8NG5JC,Cassey Cress,Rocco Neubert,East,MG Special,Betatech,medical,Engaging,2017-02-08,326.0,55.0,Decidir,3,,pequena,15,51.2,,0.0,Seu histórico em MG Special é 10 de 15 (67%). Base pequena: o score usa 64% (puxado para a sua média de 62%).,"Há 326 dias em Engaging. Nenhum deal do histórico fechou depois de 138 dias; 1291 abertos já passaram disso sem fechar. Não é esforço, é decisão: requalificar ou descartar.",MG Special: USD 55 em jogo — o produto mais barato do catálogo.,
CGJ7NRZH,Violet Mclelland,Cara Losch,East,MG Special,,,Engaging,2017-02-12,322.0,55.0,Decidir,3,,ampla,108,56.0,,0.0,Você fecha MG Special em 71 de 108 deals (66%) — acima da média geral (63%).,"Há 322 dias em Engaging. Nenhum deal do histórico fechou depois de 138 dias; 1291 abertos já passaram disso sem fechar. Não é esforço, é decisão: requalificar ou descartar.",MG Special: USD 55 em jogo — o produto mais barato do catálogo.,
AMNKCM1H,Elease Gluck,Celia Rouche,West,MG Special,Betasoloin,medical,Engaging,2017-02-17,317.0,55.0,Decidir,3,,ampla,51,53.0,,0.0,Você fecha MG Special em 33 de 51 deals (65%) — acima da média geral (63%).,"Há 317 dias em Engaging. Nenhum deal do histórico fechou depois de 138 dias; 1291 abertos já passaram disso sem fechar. Não é esforço, é decisão: requalificar ou descartar.",MG Special: USD 55 em jogo — o produto mais barato do catálogo.,
MU7JWTP6,Cassey Cress,Rocco Neubert,East,MG Special,,,Engaging,2017-02-18,316.0,55.0,Decidir,3,,pequena,15,51.2,,0.0,Seu histórico em MG Special é 10 de 15 (67%). Base pequena: o score usa 64% (puxado para a sua média de 62%).,"Há 316 dias em Engaging. Nenhum deal do histórico fechou depois de 138 dias; 1291 abertos já passaram disso sem fechar. Não é esforço, é decisão: requalificar ou descartar.",MG Special: USD 55 em jogo — o produto mais barato do catálogo.,
9HRMW8SL,Daniell Hammack,Rocco Neubert,East,MG Special,,,Engaging,2017-02-19,315.0,55.0,Decidir,3,,pequena,10,43.5,,0.0,Seu histórico em MG Special é 6 de 10 (60%). Base pequena: o score usa 61% (puxado para a sua média de 61%).,"Há 315 dias em Engaging. Nenhum deal do histórico fechou depois de 138 dias; 1291 abertos já passaram disso sem fechar. Não é esforço, é decisão: requalificar ou descartar.",MG Special: USD 55 em jogo — o produto mais barato do catálogo.,
QDGUWTLU,Rosalina Dieter,Celia Rouche,West,MG Special,,,Engaging,2017-02-27,307.0,55.0,Decidir,3,,ampla,52,43.3,,0.0,Seu histórico em MG Special é 30 de 52 (58%) — abaixo da sua média (65%) e da geral (63%).,"Há 307 dias em Engaging. Nenhum deal do histórico fechou depois de 138 dias; 1291 abertos já passaram disso sem fechar. Não é esforço, é decisão: requalificar ou descartar.",MG Special: USD 55 em jogo — o produto mais barato do catálogo.,
F2B62IW4,Maureen Marcano,Summer Sewald,West,MG Special,Bioplex,medical,Engaging,2017-02-28,306.0,55.0,Decidir,3,,média,23,64.8,,0.0,Você fecha MG Special em 15 de 23 deals (65%) — acima da média geral (63%).,"Há 306 dias em Engaging. Nenhum deal do histórico fechou depois de 138 dias; 1291 abertos já passaram disso sem fechar. Não é esforço, é decisão: requalificar ou descartar.",MG Special: USD 55 em jogo — o produto mais barato do catálogo.,
DEHQTB8B,Boris Faz,Rocco Neubert,East,MG Special,Kinnamplus,retail,Engaging,2017-03-01,305.0,55.0,Decidir,3,,pequena,14,56.4,,0.0,Seu histórico em MG Special é 9 de 14 (64%). Base pequena: o score usa 65% (puxado para a sua média de 66%).,"Há 305 dias em Engaging. Nenhum deal do histórico fechou depois de 138 dias; 1291 abertos já passaram disso sem fechar. Não é esforço, é decisão: requalificar ou descartar.",MG Special: USD 55 em jogo — o produto mais barato do catálogo.,
L0GMLGRR,Vicki Laflamme,Celia Rouche,West,MG Special,,,Engaging,2017-03-02,304.0,55.0,Decidir,3,,ampla,80,51.8,,0.0,Você fecha MG Special em 51 de 80 deals (64%) — acima da média geral (63%).,"Há 304 dias em Engaging. Nenhum deal do histórico fechou depois de 138 dias; 1291 abertos já passaram disso sem fechar. Não é esforço, é decisão: requalificar ou descartar.",MG Special: USD 55 em jogo — o produto mais barato do catálogo.,
U7M26UZV,Vicki Laflamme,Celia Rouche,West,MG Special,,,Engaging,2017-03-03,303.0,55.0,Decidir,3,,ampla,80,51.8,,0.0,Você fecha MG Special em 51 de 80 deals (64%) — acima da média geral (63%).,"Há 303 dias em Engaging. Nenhum deal do histórico fechou depois de 138 dias; 1291 abertos já passaram disso sem fechar. Não é esforço, é decisão: requalificar ou descartar.",MG Special: USD 55 em jogo — o produto mais barato do catálogo.,
CZ8PPZTC,Rosie Papadopoulos,Cara Losch,East,MG Special,Bioplex,medical,Engaging,2017-03-05,301.0,55.0,Decidir,3,,média,33,48.5,,0.0,Seu histórico em MG Special é 20 de 33 (61%) — abaixo da sua média (64%) e da geral (63%).,"Há 301 dias em Engaging. Nenhum deal do histórico fechou depois de 138 dias; 1291 abertos já passaram disso sem fechar. Não é esforço, é decisão: requalificar ou descartar.",MG Special: USD 55 em jogo — o produto mais barato do catálogo.,
JA5G7YBO,Markita Hansen,Celia Rouche,West,MG Special,Blackzim,retail,Engaging,2017-03-05,301.0,55.0,Decidir,3,,ampla,54,22.7,,0.0,Seu histórico em MG Special é 28 de 54 (52%) — abaixo da sua média (57%) e da geral (63%).,"Há 301 dias em Engaging. Nenhum deal do histórico fechou depois de 138 dias; 1291 abertos já passaram disso sem fechar. Não é esforço, é decisão: requalificar ou descartar.",MG Special: USD 55 em jogo — o produto mais barato do catálogo.,
I7BWM5O0,Violet Mclelland,Cara Losch,East,MG Special,Warephase,services,Engaging,2017-03-06,300.0,55.0,Decidir,3,,ampla,108,56.0,,0.0,Você fecha MG Special em 71 de 108 deals (66%) — acima da média geral (63%).,"Há 300 dias em Engaging. Nenhum deal do histórico fechou depois de 138 dias; 1291 abertos já passaram disso sem fechar. Não é esforço, é decisão: requalificar ou descartar.",MG Special: USD 55 em jogo — o produto mais barato do catálogo.,
NMKAJZJ4,Kary Hendrixson,Summer Sewald,West,MG Special,,,Engaging,2017-03-06,300.0,55.0,Decidir,3,,média,29,51.5,,0.0,Você fecha MG Special em 19 de 29 deals (66%) — acima da média geral (63%).,"Há 300 dias em Engaging. Nenhum deal do histórico fechou depois de 138 dias; 1291 abertos já passaram disso sem fechar. Não é esforço, é decisão: requalificar ou descartar.",MG Special: USD 55 em jogo — o produto mais barato do catálogo.,
0A1LN7GB,Violet Mclelland,Cara Losch,East,MG Special,,,Engaging,2017-03-09,297.0,55.0,Decidir,3,,ampla,108,56.0,,0.0,Você fecha MG Special em 71 de 108 deals (66%) — acima da média geral (63%).,"Há 297 dias em Engaging. Nenhum deal do histórico fechou depois de 138 dias; 1291 abertos já passaram disso sem fechar. Não é esforço, é decisão: requalificar ou descartar.",MG Special: USD 55 em jogo — o produto mais barato do catálogo.,
LJBQ7P0V,James Ascencio,Summer Sewald,West,MG Special,Zotware,software,Engaging,2017-03-09,297.0,55.0,Decidir,3,,pequena,16,59.4,,0.0,Seu histórico em MG Special é 11 de 16 (69%). Base pequena: o score usa 66% (puxado para a sua média de 66%).,"Há 297 dias em Engaging. Nenhum deal do histórico fechou depois de 138 dias; 1291 abertos já passaram disso sem fechar. Não é esforço, é decisão: requalificar ou descartar.",MG Special: USD 55 em jogo — o produto mais barato do catálogo.,
5XPYFICK,Rosie Papadopoulos,Cara Losch,East,MG Special,Inity,marketing,Engaging,2017-03-10,296.0,55.0,Decidir,3,,média,33,48.5,,0.0,Seu histórico em MG Special é 20 de 33 (61%) — abaixo da sua média (64%) e da geral (63%).,"Há 296 dias em Engaging. Nenhum deal do histórico fechou depois de 138 dias; 1291 abertos já passaram disso sem fechar. Não é esforço, é decisão: requalificar ou descartar.",MG Special: USD 55 em jogo — o produto mais barato do catálogo.,
BY2L60V1,Zane Levy,Summer Sewald,West,MG Special,,,Engaging,2017-03-11,295.0,55.0,Decidir,3,,média,20,34.6,,0.0,Seu histórico em MG Special é 10 de 20 (50%) — abaixo da sua média (62%) e da geral (63%).,"Há 295 dias em Engaging. Nenhum deal do histórico fechou depois de 138 dias; 1291 abertos já passaram disso sem fechar. Não é esforço, é decisão: requalificar ou descartar.",MG Special: USD 55 em jogo — o produto mais barato do catálogo.,
3E4VTH6E,Hayden Neloms,Celia Rouche,West,MG Special,Hatfan,services,Engaging,2017-03-12,294.0,55.0,Decidir,3,,média,23,73.7,,0.0,Você fecha MG Special em 17 de 23 deals (74%) — bem acima da média geral (63%).,"Há 294 dias em Engaging. Nenhum deal do histórico fechou depois de 138 dias; 1291 abertos já passaram disso sem fechar. Não é esforço, é decisão: requalificar ou descartar.",MG Special: USD 55 em jogo — o produto mais barato do catálogo.,
F5I33E1I,Elease Gluck,Celia Rouche,West,MG Special,Sumace,retail,Engaging,2017-03-13,293.0,55.0,Decidir,3,,ampla,51,53.0,,0.0,Você fecha MG Special em 33 de 51 deals (65%) — acima da média geral (63%).,"Há 293 dias em Engaging. Nenhum deal do histórico fechou depois de 138 dias; 1291 abertos já passaram disso sem fechar. Não é esforço, é decisão: requalificar ou descartar.",MG Special: USD 55 em jogo — o produto mais barato do catálogo.,
7VGJ2B7O,Violet Mclelland,Cara Losch,East,MG Special,,,Engaging,2017-03-17,289.0,55.0,Decidir,3,,ampla,108,56.0,,0.0,Você fecha MG Special em 71 de 108 deals (66%) — acima da média geral (63%).,"Há 289 dias em Engaging. Nenhum deal do histórico fechou depois de 138 dias; 1291 abertos já passaram disso sem fechar. Não é esforço, é decisão: requalificar ou descartar.",MG Special: USD 55 em jogo — o produto mais barato do catálogo.,
DJH67UIZ,Violet Mclelland,Cara Losch,East,MG Special,,,Engaging,2017-03-17,289.0,55.0,Decidir,3,,ampla,108,56.0,,0.0,Você fecha MG Special em 71 de 108 deals (66%) — acima da média geral (63%).,"Há 289 dias em Engaging. Nenhum deal do histórico fechou depois de 138 dias; 1291 abertos já passaram disso sem fechar. Não é esforço, é decisão: requalificar ou descartar.",MG Special: USD 55 em jogo — o produto mais barato do catálogo.,
2JY9SQ2L,Vicki Laflamme,Celia Rouche,West,MG Special,,,Engaging,2017-03-18,288.0,55.0,Decidir,3,,ampla,80,51.8,,0.0,Você fecha MG Special em 51 de 80 deals (64%) — acima da média geral (63%).,"Há 288 dias em Engaging. Nenhum deal do histórico fechou depois de 138 dias; 1291 abertos já passaram disso sem fechar. Não é esforço, é decisão: requalificar ou descartar.",MG Special: USD 55 em jogo — o produto mais barato do catálogo.,
4RDJBBB6,Daniell Hammack,Rocco Neubert,East,MG Special,,,Engaging,2017-03-22,284.0,55.0,Decidir,3,,pequena,10,43.5,,0.0,Seu histórico em MG Special é 6 de 10 (60%). Base pequena: o score usa 61% (puxado para a sua média de 61%).,"Há 284 dias em Engaging. Nenhum deal do histórico fechou depois de 138 dias; 1291 abertos já passaram disso sem fechar. Não é esforço, é decisão: requalificar ou descartar.",MG Special: USD 55 em jogo — o produto mais barato do catálogo.,
GZCWM6GK,Elease Gluck,Celia Rouche,West,MG Special,Statholdings,employment,Engaging,2017-03-22,284.0,55.0,Decidir,3,,ampla,51,53.0,,0.0,Você fecha MG Special em 33 de 51 deals (65%) — acima da média geral (63%).,"Há 284 dias em Engaging. Nenhum deal do histórico fechou depois de 138 dias; 1291 abertos já passaram disso sem fechar. Não é esforço, é decisão: requalificar ou descartar.",MG Special: USD 55 em jogo — o produto mais barato do catálogo.,
YB20NWM1,Vicki Laflamme,Celia Rouche,West,MG Special,,,Engaging,2017-03-24,282.0,55.0,Decidir,3,,ampla,80,51.8,,0.0,Você fecha MG Special em 51 de 80 deals (64%) — acima da média geral (63%).,"Há 282 dias em Engaging. Nenhum deal do histórico fechou depois de 138 dias; 1291 abertos já passaram disso sem fechar. Não é esforço, é decisão: requalificar ou descartar.",MG Special: USD 55 em jogo — o produto mais barato do catálogo.,
FB9M4FR7,James Ascencio,Summer Sewald,West,MG Special,,,Engaging,2017-03-26,280.0,55.0,Decidir,3,,pequena,16,59.4,,0.0,Seu histórico em MG Special é 11 de 16 (69%). Base pequena: o score usa 66% (puxado para a sua média de 66%).,"Há 280 dias em Engaging. Nenhum deal do histórico fechou depois de 138 dias; 1291 abertos já passaram disso sem fechar. Não é esforço, é decisão: requalificar ou descartar.",MG Special: USD 55 em jogo — o produto mais barato do catálogo.,
BXK5HGEY,Vicki Laflamme,Celia Rouche,West,MG Special,,,Engaging,2017-03-28,278.0,55.0,Decidir,3,,ampla,80,51.8,,0.0,Você fecha MG Special em 51 de 80 deals (64%) — acima da média geral (63%).,"Há 278 dias em Engaging. Nenhum deal do histórico fechou depois de 138 dias; 1291 abertos já passaram disso sem fechar. Não é esforço, é decisão: requalificar ou descartar.",MG Special: USD 55 em jogo — o produto mais barato do catálogo.,
DFFEQ87N,Maureen Marcano,Summer Sewald,West,MG Special,Scottech,marketing,Engaging,2017-03-28,278.0,55.0,Decidir,3,,média,23,64.8,,0.0,Você fecha MG Special em 15 de 23 deals (65%) — acima da média geral (63%).,"Há 278 dias em Engaging. Nenhum deal do histórico fechou depois de 138 dias; 1291 abertos já passaram disso sem fechar. Não é esforço, é decisão: requalificar ou descartar.",MG Special: USD 55 em jogo — o produto mais barato do catálogo.,
LWXHKI88,Vicki Laflamme,Celia Rouche,West,MG Special,,,Engaging,2017-03-28,278.0,55.0,Decidir,3,,ampla,80,51.8,,0.0,Você fecha MG Special em 51 de 80 deals (64%) — acima da média geral (63%).,"Há 278 dias em Engaging. Nenhum deal do histórico fechou depois de 138 dias; 1291 abertos já passaram disso sem fechar. Não é esforço, é decisão: requalificar ou descartar.",MG Special: USD 55 em jogo — o produto mais barato do catálogo.,
XXUGTDX7,Vicki Laflamme,Celia Rouche,West,MG Special,,,Engaging,2017-03-28,278.0,55.0,Decidir,3,,ampla,80,51.8,,0.0,Você fecha MG Special em 51 de 80 deals (64%) — acima da média geral (63%).,"Há 278 dias em Engaging. Nenhum deal do histórico fechou depois de 138 dias; 1291 abertos já passaram disso sem fechar. Não é esforço, é decisão: requalificar ou descartar.",MG Special: USD 55 em jogo — o produto mais barato do catálogo.,
P9LE92UR,Kary Hendrixson,Summer Sewald,West,MG Special,,,Engaging,2017-03-31,275.0,55.0,Decidir,3,,média,29,51.5,,0.0,Você fecha MG Special em 19 de 29 deals (66%) — acima da média geral (63%).,"Há 275 dias em Engaging. Nenhum deal do histórico fechou depois de 138 dias; 1291 abertos já passaram disso sem fechar. Não é esforço, é decisão: requalificar ou descartar.",MG Special: USD 55 em jogo — o produto mais barato do catálogo.,
WLS5J30E,Elease Gluck,Celia Rouche,West,MG Special,Inity,marketing,Engaging,2017-03-31,275.0,55.0,Decidir,3,,ampla,51,53.0,,0.0,Você fecha MG Special em 33 de 51 deals (65%) — acima da média geral (63%).,"Há 275 dias em Engaging. Nenhum deal do histórico fechou depois de 138 dias; 1291 abertos já passaram disso sem fechar. Não é esforço, é decisão: requalificar ou descartar.",MG Special: USD 55 em jogo — o produto mais barato do catálogo.,
JW4Q5F4Z,Cassey Cress,Rocco Neubert,East,MG Special,,,Engaging,2017-04-01,274.0,55.0,Decidir,3,,pequena,15,51.2,,0.0,Seu histórico em MG Special é 10 de 15 (67%). Base pequena: o score usa 64% (puxado para a sua média de 62%).,"Há 274 dias em Engaging. Nenhum deal do histórico fechou depois de 138 dias; 1291 abertos já passaram disso sem fechar. Não é esforço, é decisão: requalificar ou descartar.",MG Special: USD 55 em jogo — o produto mais barato do catálogo.,
HVT28XPH,Vicki Laflamme,Celia Rouche,West,MG Special,,,Engaging,2017-04-03,272.0,55.0,Decidir,3,,ampla,80,51.8,,0.0,Você fecha MG Special em 51 de 80 deals (64%) — acima da média geral (63%).,"Há 272 dias em Engaging. Nenhum deal do histórico fechou depois de 138 dias; 1291 abertos já passaram disso sem fechar. Não é esforço, é decisão: requalificar ou descartar.",MG Special: USD 55 em jogo — o produto mais barato do catálogo.,
VM0MHPAO,Wilburn Farren,Cara Losch,East,MG Special,,,Engaging,2017-04-03,272.0,55.0,Decidir,3,,pequena,11,61.1,,0.0,Seu histórico em MG Special é 7 de 11 (64%). Base pequena: o score usa 66% (puxado para a sua média de 70%).,"Há 272 dias em Engaging. Nenhum deal do histórico fechou depois de 138 dias; 1291 abertos já passaram disso sem fechar. Não é esforço, é decisão: requalificar ou descartar.",MG Special: USD 55 em jogo — o produto mais barato do catálogo.,
BPOTQCFG,Elease Gluck,Celia Rouche,West,MG Special,,,Engaging,2017-04-04,271.0,55.0,Decidir,3,,ampla,51,53.0,,0.0,Você fecha MG Special em 33 de 51 deals (65%) — acima da média geral (63%).,"Há 271 dias em Engaging. Nenhum deal do histórico fechou depois de 138 dias; 1291 abertos já passaram disso sem fechar. Não é esforço, é decisão: requalificar ou descartar.",MG Special: USD 55 em jogo — o produto mais barato do catálogo.,
9ILB20UV,Markita Hansen,Celia Rouche,West,MG Special,,,Engaging,2017-04-05,270.0,55.0,Decidir,3,,ampla,54,22.7,,0.0,Seu histórico em MG Special é 28 de 54 (52%) — abaixo da sua média (57%) e da geral (63%).,"Há 270 dias em Engaging. Nenhum deal do histórico fechou depois de 138 dias; 1291 abertos já passaram disso sem fechar. Não é esforço, é decisão: requalificar ou descartar.",MG Special: USD 55 em jogo — o produto mais barato do catálogo.,
HPIKEMB9,Elease Gluck,Celia Rouche,West,MG Special,,,Engaging,2017-04-06,269.0,55.0,Decidir,3,,ampla,51,53.0,,0.0,Você fecha MG Special em 33 de 51 deals (65%) — acima da média geral (63%).,"Há 269 dias em Engaging. Nenhum deal do histórico fechou depois de 138 dias; 1291 abertos já passaram disso sem fechar. Não é esforço, é decisão: requalificar ou descartar.",MG Special: USD 55 em jogo — o produto mais barato do catálogo.,
45B6VA2Y,Violet Mclelland,Cara Losch,East,MG Special,,,Engaging,2017-04-09,266.0,55.0,Decidir,3,,ampla,108,56.0,,0.0,Você fecha MG Special em 71 de 108 deals (66%) — acima da média geral (63%).,"Há 266 dias em Engaging. Nenhum deal do histórico fechou depois de 138 dias; 1291 abertos já passaram disso sem fechar. Não é esforço, é decisão: requalificar ou descartar.",MG Special: USD 55 em jogo — o produto mais barato do catálogo.,
FN1QX0BQ,Violet Mclelland,Cara Losch,East,MG Special,,,Engaging,2017-04-11,264.0,55.0,Decidir,3,,ampla,108,56.0,,0.0,Você fecha MG Special em 71 de 108 deals (66%) — acima da média geral (63%).,"Há 264 dias em Engaging. Nenhum deal do histórico fechou depois de 138 dias; 1291 abertos já passaram disso sem fechar. Não é esforço, é decisão: requalificar ou descartar.",MG Special: USD 55 em jogo — o produto mais barato do catálogo.,
3P7QQSVF,Vicki Laflamme,Celia Rouche,West,MG Special,,,Engaging,2017-04-12,263.0,55.0,Decidir,3,,ampla,80,51.8,,0.0,Você fecha MG Special em 51 de 80 deals (64%) — acima da média geral (63%).,"Há 263 dias em Engaging. Nenhum deal do histórico fechou depois de 138 dias; 1291 abertos já passaram disso sem fechar. Não é esforço, é decisão: requalificar ou descartar.",MG Special: USD 55 em jogo — o produto mais barato do catálogo.,
X8GGF9MG,Rosalina Dieter,Celia Rouche,West,MG Special,Dontechi,software,Engaging,2017-04-12,263.0,55.0,Decidir,3,,ampla,52,43.3,,0.0,Seu histórico em MG Special é 30 de 52 (58%) — abaixo da sua média (65%) e da geral (63%).,"Há 263 dias em Engaging. Nenhum deal do histórico fechou depois de 138 dias; 1291 abertos já passaram disso sem fechar. Não é esforço, é decisão: requalificar ou descartar.",MG Special: USD 55 em jogo — o produto mais barato do catálogo.,
COM9RNBL,Markita Hansen,Celia Rouche,West,MG Special,,,Engaging,2017-04-14,261.0,55.0,Decidir,3,,ampla,54,22.7,,0.0,Seu histórico em MG Special é 28 de 54 (52%) — abaixo da sua média (57%) e da geral (63%).,"Há 261 dias em Engaging. Nenhum deal do histórico fechou depois de 138 dias; 1291 abertos já passaram disso sem fechar. Não é esforço, é decisão: requalificar ou descartar.",MG Special: USD 55 em jogo — o produto mais barato do catálogo.,
ANRCHVJM,Violet Mclelland,Cara Losch,East,MG Special,Plusstrip,entertainment,Engaging,2017-04-15,260.0,55.0,Decidir,3,,ampla,108,56.0,,0.0,Você fecha MG Special em 71 de 108 deals (66%) — acima da média geral (63%).,"Há 260 dias em Engaging. Nenhum deal do histórico fechou depois de 138 dias; 1291 abertos já passaram disso sem fechar. Não é esforço, é decisão: requalificar ou descartar.",MG Special: USD 55 em jogo — o produto mais barato do catálogo.,
GACPNKGI,Elease Gluck,Celia Rouche,West,MG Special,,,Engaging,2017-04-17,258.0,55.0,Decidir,3,,ampla,51,53.0,,0.0,Você fecha MG Special em 33 de 51 deals (65%) — acima da média geral (63%).,"Há 258 dias em Engaging. Nenhum deal do histórico fechou depois de 138 dias; 1291 abertos já passaram disso sem fechar. Não é esforço, é decisão: requalificar ou descartar.",MG Special: USD 55 em jogo — o produto mais barato do catálogo.,
49ZS7GTS,Vicki Laflamme,Celia Rouche,West,MG Special,,,Engaging,2017-04-18,257.0,55.0,Decidir,3,,ampla,80,51.8,,0.0,Você fecha MG Special em 51 de 80 deals (64%) — acima da média geral (63%).,"Há 257 dias em Engaging. Nenhum deal do histórico fechou depois de 138 dias; 1291 abertos já passaram disso sem fechar. Não é esforço, é decisão: requalificar ou descartar.",MG Special: USD 55 em jogo — o produto mais barato do catálogo.,
5K0ZFCVO,Violet Mclelland,Cara Losch,East,MG Special,,,Engaging,2017-04-18,257.0,55.0,Decidir,3,,ampla,108,56.0,,0.0,Você fecha MG Special em 71 de 108 deals (66%) — acima da média geral (63%).,"Há 257 dias em Engaging. Nenhum deal do histórico fechou depois de 138 dias; 1291 abertos já passaram disso sem fechar. Não é esforço, é decisão: requalificar ou descartar.",MG Special: USD 55 em jogo — o produto mais barato do catálogo.,
6AEVX11M,Violet Mclelland,Cara Losch,East,MG Special,,,Engaging,2017-04-18,257.0,55.0,Decidir,3,,ampla,108,56.0,,0.0,Você fecha MG Special em 71 de 108 deals (66%) — acima da média geral (63%).,"Há 257 dias em Engaging. Nenhum deal do histórico fechou depois de 138 dias; 1291 abertos já passaram disso sem fechar. Não é esforço, é decisão: requalificar ou descartar.",MG Special: USD 55 em jogo — o produto mais barato do catálogo.,
C32E4E1D,Kami Bicknell,Summer Sewald,West,MG Special,,,Engaging,2017-04-20,255.0,55.0,Decidir,3,,média,28,65.7,,0.0,Você fecha MG Special em 21 de 28 deals (75%) — bem acima da média geral (63%).,"Há 255 dias em Engaging. Nenhum deal do histórico fechou depois de 138 dias; 1291 abertos já passaram disso sem fechar. Não é esforço, é decisão: requalificar ou descartar.",MG Special: USD 55 em jogo — o produto mais barato do catálogo.,
61E7IHAY,Violet Mclelland,Cara Losch,East,MG Special,,,Engaging,2017-04-22,253.0,55.0,Decidir,3,,ampla,108,56.0,,0.0,Você fecha MG Special em 71 de 108 deals (66%) — acima da média geral (63%).,"Há 253 dias em Engaging. Nenhum deal do histórico fechou depois de 138 dias; 1291 abertos já passaram disso sem fechar. Não é esforço, é decisão: requalificar ou descartar.",MG Special: USD 55 em jogo — o produto mais barato do catálogo.,
IIVP87B8,Maureen Marcano,Summer Sewald,West,MG Special,,,Engaging,2017-04-22,253.0,55.0,Decidir,3,,média,23,64.8,,0.0,Você fecha MG Special em 15 de 23 deals (65%) — acima da média geral (63%).,"Há 253 dias em Engaging. Nenhum deal do histórico fechou depois de 138 dias; 1291 abertos já passaram disso sem fechar. Não é esforço, é decisão: requalificar ou descartar.",MG Special: USD 55 em jogo — o produto mais barato do catálogo.,
KTC0RC8I,James Ascencio,Summer Sewald,West,MG Special,,,Engaging,2017-04-23,252.0,55.0,Decidir,3,,pequena,16,59.4,,0.0,Seu histórico em MG Special é 11 de 16 (69%). Base pequena: o score usa 66% (puxado para a sua média de 66%).,"Há 252 dias em Engaging. Nenhum deal do histórico fechou depois de 138 dias; 1291 abertos já passaram disso sem fechar. Não é esforço, é decisão: requalificar ou descartar.",MG Special: USD 55 em jogo — o produto mais barato do catálogo.,
M9GP930T,Rosalina Dieter,Celia Rouche,West,MG Special,,,Engaging,2017-04-23,252.0,55.0,Decidir,3,,ampla,52,43.3,,0.0,Seu histórico em MG Special é 30 de 52 (58%) — abaixo da sua média (65%) e da geral (63%).,"Há 252 dias em Engaging. Nenhum deal do histórico fechou depois de 138 dias; 1291 abertos já passaram disso sem fechar. Não é esforço, é decisão: requalificar ou descartar.",MG Special: USD 55 em jogo — o produto mais barato do catálogo.,
INKH0Y59,Vicki Laflamme,Celia Rouche,West,MG Special,,,Engaging,2017-04-24,251.0,55.0,Decidir,3,,ampla,80,51.8,,0.0,Você fecha MG Special em 51 de 80 deals (64%) — acima da média geral (63%).,"Há 251 dias em Engaging. Nenhum deal do histórico fechou depois de 138 dias; 1291 abertos já passaram disso sem fechar. Não é esforço, é decisão: requalificar ou descartar.",MG Special: USD 55 em jogo — o produto mais barato do catálogo.,
OSMGVV1S,Vicki Laflamme,Celia Rouche,West,MG Special,,,Engaging,2017-04-24,251.0,55.0,Decidir,3,,ampla,80,51.8,,0.0,Você fecha MG Special em 51 de 80 deals (64%) — acima da média geral (63%).,"Há 251 dias em Engaging. Nenhum deal do histórico fechou depois de 138 dias; 1291 abertos já passaram disso sem fechar. Não é esforço, é decisão: requalificar ou descartar.",MG Special: USD 55 em jogo — o produto mais barato do catálogo.,
7882RJGY,Wilburn Farren,Cara Losch,East,MG Special,,,Engaging,2017-04-27,248.0,55.0,Decidir,3,,pequena,11,61.1,,0.0,Seu histórico em MG Special é 7 de 11 (64%). Base pequena: o score usa 66% (puxado para a sua média de 70%).,"Há 248 dias em Engaging. Nenhum deal do histórico fechou depois de 138 dias; 1291 abertos já passaram disso sem fechar. Não é esforço, é decisão: requalificar ou descartar.",MG Special: USD 55 em jogo — o produto mais barato do catálogo.,
R9U1QNHQ,Hayden Neloms,Celia Rouche,West,MG Special,Betasoloin,medical,Engaging,2017-04-29,246.0,55.0,Decidir,3,,média,23,73.7,,0.0,Você fecha MG Special em 17 de 23 deals (74%) — bem acima da média geral (63%).,"Há 246 dias em Engaging. Nenhum deal do histórico fechou depois de 138 dias; 1291 abertos já passaram disso sem fechar. Não é esforço, é decisão: requalificar ou descartar.",MG Special: USD 55 em jogo — o produto mais barato do catálogo.,
VP8ERXPR,Cassey Cress,Rocco Neubert,East,MG Special,,,Engaging,2017-04-29,246.0,55.0,Decidir,3,,pequena,15,51.2,,0.0,Seu histórico em MG Special é 10 de 15 (67%). Base pequena: o score usa 64% (puxado para a sua média de 62%).,"Há 246 dias em Engaging. Nenhum deal do histórico fechou depois de 138 dias; 1291 abertos já passaram disso sem fechar. Não é esforço, é decisão: requalificar ou descartar.",MG Special: USD 55 em jogo — o produto mais barato do catálogo.,
J9OP2A5I,Rosalina Dieter,Celia Rouche,West,MG Special,,,Engaging,2017-05-02,243.0,55.0,Decidir,3,,ampla,52,43.3,,0.0,Seu histórico em MG Special é 30 de 52 (58%) — abaixo da sua média (65%) e da geral (63%).,"Há 243 dias em Engaging. Nenhum deal do histórico fechou depois de 138 dias; 1291 abertos já passaram disso sem fechar. Não é esforço, é decisão: requalificar ou descartar.",MG Special: USD 55 em jogo — o produto mais barato do catálogo.,
LR45YFE4,Violet Mclelland,Cara Losch,East,MG Special,Groovestreet,retail,Engaging,2017-05-03,242.0,55.0,Decidir,3,,ampla,108,56.0,,0.0,Você fecha MG Special em 71 de 108 deals (66%) — acima da média geral (63%).,"Há 242 dias em Engaging. Nenhum deal do histórico fechou depois de 138 dias; 1291 abertos já passaram disso sem fechar. Não é esforço, é decisão: requalificar ou descartar.",MG Special: USD 55 em jogo — o produto mais barato do catálogo.,
KF05URX0,Corliss Cosme,Cara Losch,East,MG Special,,,Engaging,2017-05-11,234.0,55.0,Decidir,3,,pequena,16,59.4,,0.0,Seu histórico em MG Special é 11 de 16 (69%). Base pequena: o score usa 66% (puxado para a sua média de 66%).,"Há 234 dias em Engaging. Nenhum deal do histórico fechou depois de 138 dias; 1291 abertos já passaram disso sem fechar. Não é esforço, é decisão: requalificar ou descartar.",MG Special: USD 55 em jogo — o produto mais barato do catálogo.,
7YT7NRV9,Elease Gluck,Celia Rouche,West,MG Special,,,Engaging,2017-05-15,230.0,55.0,Decidir,3,,ampla,51,53.0,,0.0,Você fecha MG Special em 33 de 51 deals (65%) — acima da média geral (63%).,"Há 230 dias em Engaging. Nenhum deal do histórico fechou depois de 138 dias; 1291 abertos já passaram disso sem fechar. Não é esforço, é decisão: requalificar ou descartar.",MG Special: USD 55 em jogo — o produto mais barato do catálogo.,
CX4ZLSDW,Wilburn Farren,Cara Losch,East,MG Special,,,Engaging,2017-05-18,227.0,55.0,Decidir,3,,pequena,11,61.1,,0.0,Seu histórico em MG Special é 7 de 11 (64%). Base pequena: o score usa 66% (puxado para a sua média de 70%).,"Há 227 dias em Engaging. Nenhum deal do histórico fechou depois de 138 dias; 1291 abertos já passaram disso sem fechar. Não é esforço, é decisão: requalificar ou descartar.",MG Special: USD 55 em jogo — o produto mais barato do catálogo.,
OK39IHP1,Rosalina Dieter,Celia Rouche,West,MG Special,,,Engaging,2017-05-18,227.0,55.0,Decidir,3,,ampla,52,43.3,,0.0,Seu histórico em MG Special é 30 de 52 (58%) — abaixo da sua média (65%) e da geral (63%).,"Há 227 dias em Engaging. Nenhum deal do histórico fechou depois de 138 dias; 1291 abertos já passaram disso sem fechar. Não é esforço, é decisão: requalificar ou descartar.",MG Special: USD 55 em jogo — o produto mais barato do catálogo.,
ZJQKUIZ4,Kary Hendrixson,Summer Sewald,West,MG Special,Opentech,finance,Engaging,2017-05-22,223.0,55.0,Decidir,3,,média,29,51.5,,0.0,Você fecha MG Special em 19 de 29 deals (66%) — acima da média geral (63%).,"Há 223 dias em Engaging. Nenhum deal do histórico fechou depois de 138 dias; 1291 abertos já passaram disso sem fechar. Não é esforço, é decisão: requalificar ou descartar.",MG Special: USD 55 em jogo — o produto mais barato do catálogo.,
CYB0NUCJ,Cassey Cress,Rocco Neubert,East,MG Special,,,Engaging,2017-05-23,222.0,55.0,Decidir,3,,pequena,15,51.2,,0.0,Seu histórico em MG Special é 10 de 15 (67%). Base pequena: o score usa 64% (puxado para a sua média de 62%).,"Há 222 dias em Engaging. Nenhum deal do histórico fechou depois de 138 dias; 1291 abertos já passaram disso sem fechar. Não é esforço, é decisão: requalificar ou descartar.",MG Special: USD 55 em jogo — o produto mais barato do catálogo.,
6BIZ2MB6,Maureen Marcano,Summer Sewald,West,MG Special,,,Engaging,2017-05-24,221.0,55.0,Decidir,3,,média,23,64.8,,0.0,Você fecha MG Special em 15 de 23 deals (65%) — acima da média geral (63%).,"Há 221 dias em Engaging. Nenhum deal do histórico fechou depois de 138 dias; 1291 abertos já passaram disso sem fechar. Não é esforço, é decisão: requalificar ou descartar.",MG Special: USD 55 em jogo — o produto mais barato do catálogo.,
E5V4WT18,Vicki Laflamme,Celia Rouche,West,MG Special,Genco Pura Olive Oil Company,retail,Engaging,2017-05-25,220.0,55.0,Decidir,3,,ampla,80,51.8,,0.0,Você fecha MG Special em 51 de 80 deals (64%) — acima da média geral (63%).,"Há 220 dias em Engaging. Nenhum deal do histórico fechou depois de 138 dias; 1291 abertos já passaram disso sem fechar. Não é esforço, é decisão: requalificar ou descartar.",MG Special: USD 55 em jogo — o produto mais barato do catálogo.,
EPSIB2JR,Violet Mclelland,Cara Losch,East,MG Special,Zoomit,entertainment,Engaging,2017-05-26,219.0,55.0,Decidir,3,,ampla,108,56.0,,0.0,Você fecha MG Special em 71 de 108 deals (66%) — acima da média geral (63%).,"Há 219 dias em Engaging. Nenhum deal do histórico fechou depois de 138 dias; 1291 abertos já passaram disso sem fechar. Não é esforço, é decisão: requalificar ou descartar.",MG Special: USD 55 em jogo — o produto mais barato do catálogo.,
SIBR2J01,Maureen Marcano,Summer Sewald,West,MG Special,,,Engaging,2017-05-31,214.0,55.0,Decidir,3,,média,23,64.8,,0.0,Você fecha MG Special em 15 de 23 deals (65%) — acima da média geral (63%).,"Há 214 dias em Engaging. Nenhum deal do histórico fechou depois de 138 dias; 1291 abertos já passaram disso sem fechar. Não é esforço, é decisão: requalificar ou descartar.",MG Special: USD 55 em jogo — o produto mais barato do catálogo.,
ZTVWSE98,Rosalina Dieter,Celia Rouche,West,MG Special,,,Engaging,2017-06-01,213.0,55.0,Decidir,3,,ampla,52,43.3,,0.0,Seu histórico em MG Special é 30 de 52 (58%) — abaixo da sua média (65%) e da geral (63%).,"Há 213 dias em Engaging. Nenhum deal do histórico fechou depois de 138 dias; 1291 abertos já passaram disso sem fechar. Não é esforço, é decisão: requalificar ou descartar.",MG Special: USD 55 em jogo — o produto mais barato do catálogo.,
YTGQKC7A,Rosalina Dieter,Celia Rouche,West,MG Special,Dalttechnology,software,Engaging,2017-06-03,211.0,55.0,Decidir,3,,ampla,52,43.3,,0.0,Seu histórico em MG Special é 30 de 52 (58%) — abaixo da sua média (65%) e da geral (63%).,"Há 211 dias em Engaging. Nenhum deal do histórico fechou depois de 138 dias; 1291 abertos já passaram disso sem fechar. Não é esforço, é decisão: requalificar ou descartar.",MG Special: USD 55 em jogo — o produto mais barato do catálogo.,
XTE9XJTS,Kary Hendrixson,Summer Sewald,West,MG Special,Zencorporation,technology,Engaging,2017-06-04,210.0,55.0,Decidir,3,,média,29,51.5,,0.0,Você fecha MG Special em 19 de 29 deals (66%) — acima da média geral (63%).,"Há 210 dias em Engaging. Nenhum deal do histórico fechou depois de 138 dias; 1291 abertos já passaram disso sem fechar. Não é esforço, é decisão: requalificar ou descartar.",MG Special: USD 55 em jogo — o produto mais barato do catálogo.,
7J0ZLDB1,Zane Levy,Summer Sewald,West,MG Special,,,Engaging,2017-06-05,209.0,55.0,Decidir,3,,média,20,34.6,,0.0,Seu histórico em MG Special é 10 de 20 (50%) — abaixo da sua média (62%) e da geral (63%).,"Há 209 dias em Engaging. Nenhum deal do histórico fechou depois de 138 dias; 1291 abertos já passaram disso sem fechar. Não é esforço, é decisão: requalificar ou descartar.",MG Special: USD 55 em jogo — o produto mais barato do catálogo.,
XQY4Z4KI,Rosie Papadopoulos,Cara Losch,East,MG Special,,,Engaging,2017-06-06,208.0,55.0,Decidir,3,,média,33,48.5,,0.0,Seu histórico em MG Special é 20 de 33 (61%) — abaixo da sua média (64%) e da geral (63%).,"Há 208 dias em Engaging. Nenhum deal do histórico fechou depois de 138 dias; 1291 abertos já passaram disso sem fechar. Não é esforço, é decisão: requalificar ou descartar.",MG Special: USD 55 em jogo — o produto mais barato do catálogo.,
IQMW1VDP,Violet Mclelland,Cara Losch,East,MG Special,,,Engaging,2017-06-07,207.0,55.0,Decidir,3,,ampla,108,56.0,,0.0,Você fecha MG Special em 71 de 108 deals (66%) — acima da média geral (63%).,"Há 207 dias em Engaging. Nenhum deal do histórico fechou depois de 138 dias; 1291 abertos já passaram disso sem fechar. Não é esforço, é decisão: requalificar ou descartar.",MG Special: USD 55 em jogo — o produto mais barato do catálogo.,
RKVXBXBM,Markita Hansen,Celia Rouche,West,MG Special,,,Engaging,2017-06-07,207.0,55.0,Decidir,3,,ampla,54,22.7,,0.0,Seu histórico em MG Special é 28 de 54 (52%) — abaixo da sua média (57%) e da geral (63%).,"Há 207 dias em Engaging. Nenhum deal do histórico fechou depois de 138 dias; 1291 abertos já passaram disso sem fechar. Não é esforço, é decisão: requalificar ou descartar.",MG Special: USD 55 em jogo — o produto mais barato do catálogo.,
S2J63YRV,Rosie Papadopoulos,Cara Losch,East,MG Special,,,Engaging,2017-06-08,206.0,55.0,Decidir,3,,média,33,48.5,,0.0,Seu histórico em MG Special é 20 de 33 (61%) — abaixo da sua média (64%) e da geral (63%).,"Há 206 dias em Engaging. Nenhum deal do histórico fechou depois de 138 dias; 1291 abertos já passaram disso sem fechar. Não é esforço, é decisão: requalificar ou descartar.",MG Special: USD 55 em jogo — o produto mais barato do catálogo.,
FHM7LYZ3,Corliss Cosme,Cara Losch,East,MG Special,,,Engaging,2017-06-09,205.0,55.0,Decidir,3,,pequena,16,59.4,,0.0,Seu histórico em MG Special é 11 de 16 (69%). Base pequena: o score usa 66% (puxado para a sua média de 66%).,"Há 205 dias em Engaging. Nenhum deal do histórico fechou depois de 138 dias; 1291 abertos já passaram disso sem fechar. Não é esforço, é decisão: requalificar ou descartar.",MG Special: USD 55 em jogo — o produto mais barato do catálogo.,
WTAM4BED,Cassey Cress,Rocco Neubert,East,MG Special,,,Engaging,2017-06-13,201.0,55.0,Decidir,3,,pequena,15,51.2,,0.0,Seu histórico em MG Special é 10 de 15 (67%). Base pequena: o score usa 64% (puxado para a sua média de 62%).,"Há 201 dias em Engaging. Nenhum deal do histórico fechou depois de 138 dias; 1291 abertos já passaram disso sem fechar. Não é esforço, é decisão: requalificar ou descartar.",MG Special: USD 55 em jogo — o produto mais barato do catálogo.,
OXNWRI4I,Rosalina Dieter,Celia Rouche,West,MG Special,,,Engaging,2017-06-15,199.0,55.0,Decidir,3,,ampla,52,43.3,,0.0,Seu histórico em MG Special é 30 de 52 (58%) — abaixo da sua média (65%) e da geral (63%).,"Há 199 dias em Engaging. Nenhum deal do histórico fechou depois de 138 dias; 1291 abertos já passaram disso sem fechar. Não é esforço, é decisão: requalificar ou descartar.",MG Special: USD 55 em jogo — o produto mais barato do catálogo.,
0LRVHITK,Violet Mclelland,Cara Losch,East,MG Special,,,Engaging,2017-06-16,198.0,55.0,Decidir,3,,ampla,108,56.0,,0.0,Você fecha MG Special em 71 de 108 deals (66%) — acima da média geral (63%).,"Há 198 dias em Engaging. Nenhum deal do histórico fechou depois de 138 dias; 1291 abertos já passaram disso sem fechar. Não é esforço, é decisão: requalificar ou descartar.",MG Special: USD 55 em jogo — o produto mais barato do catálogo.,
3C5GNT3Q,Vicki Laflamme,Celia Rouche,West,MG Special,,,Engaging,2017-06-16,198.0,55.0,Decidir,3,,ampla,80,51.8,,0.0,Você fecha MG Special em 51 de 80 deals (64%) — acima da média geral (63%).,"Há 198 dias em Engaging. Nenhum deal do histórico fechou depois de 138 dias; 1291 abertos já passaram disso sem fechar. Não é esforço, é decisão: requalificar ou descartar.",MG Special: USD 55 em jogo — o produto mais barato do catálogo.,
L1YN7LDL,Cassey Cress,Rocco Neubert,East,MG Special,Bluth Company,technology,Engaging,2017-06-16,198.0,55.0,Decidir,3,,pequena,15,51.2,,0.0,Seu histórico em MG Special é 10 de 15 (67%). Base pequena: o score usa 64% (puxado para a sua média de 62%).,"Há 198 dias em Engaging. Nenhum deal do histórico fechou depois de 138 dias; 1291 abertos já passaram disso sem fechar. Não é esforço, é decisão: requalificar ou descartar.",MG Special: USD 55 em jogo — o produto mais barato do catálogo.,
E29GOFUV,Elease Gluck,Celia Rouche,West,MG Special,Sumace,retail,Engaging,2017-06-20,194.0,55.0,Decidir,3,,ampla,51,53.0,,0.0,Você fecha MG Special em 33 de 51 deals (65%) — acima da média geral (63%).,"Há 194 dias em Engaging. Nenhum deal do histórico fechou depois de 138 dias; 1291 abertos já passaram disso sem fechar. Não é esforço, é decisão: requalificar ou descartar.",MG Special: USD 55 em jogo — o produto mais barato do catálogo.,
RUFJMV3I,James Ascencio,Summer Sewald,West,MG Special,,,Engaging,2017-06-20,194.0,55.0,Decidir,3,,pequena,16,59.4,,0.0,Seu histórico em MG Special é 11 de 16 (69%). Base pequena: o score usa 66% (puxado para a sua média de 66%).,"Há 194 dias em Engaging. Nenhum deal do histórico fechou depois de 138 dias; 1291 abertos já passaram disso sem fechar. Não é esforço, é decisão: requalificar ou descartar.",MG Special: USD 55 em jogo — o produto mais barato do catálogo.,
VHZFABAC,Daniell Hammack,Rocco Neubert,East,MG Special,,,Engaging,2017-06-22,192.0,55.0,Decidir,3,,pequena,10,43.5,,0.0,Seu histórico em MG Special é 6 de 10 (60%). Base pequena: o score usa 61% (puxado para a sua média de 61%).,"Há 192 dias em Engaging. Nenhum deal do histórico fechou depois de 138 dias; 1291 abertos já passaram disso sem fechar. Não é esforço, é decisão: requalificar ou descartar.",MG Special: USD 55 em jogo — o produto mais barato do catálogo.,
BJOY31DL,Violet Mclelland,Cara Losch,East,MG Special,Betasoloin,medical,Engaging,2017-06-23,191.0,55.0,Decidir,3,,ampla,108,56.0,,0.0,Você fecha MG Special em 71 de 108 deals (66%) — acima da média geral (63%).,"Há 191 dias em Engaging. Nenhum deal do histórico fechou depois de 138 dias; 1291 abertos já passaram disso sem fechar. Não é esforço, é decisão: requalificar ou descartar.",MG Special: USD 55 em jogo — o produto mais barato do catálogo.,
HSYU33MS,Vicki Laflamme,Celia Rouche,West,MG Special,,,Engaging,2017-06-24,190.0,55.0,Decidir,3,,ampla,80,51.8,,0.0,Você fecha MG Special em 51 de 80 deals (64%) — acima da média geral (63%).,"Há 190 dias em Engaging. Nenhum deal do histórico fechou depois de 138 dias; 1291 abertos já passaram disso sem fechar. Não é esforço, é decisão: requalificar ou descartar.",MG Special: USD 55 em jogo — o produto mais barato do catálogo.,
S2SC8AP7,Violet Mclelland,Cara Losch,East,MG Special,,,Engaging,2017-06-25,189.0,55.0,Decidir,3,,ampla,108,56.0,,0.0,Você fecha MG Special em 71 de 108 deals (66%) — acima da média geral (63%).,"Há 189 dias em Engaging. Nenhum deal do histórico fechou depois de 138 dias; 1291 abertos já passaram disso sem fechar. Não é esforço, é decisão: requalificar ou descartar.",MG Special: USD 55 em jogo — o produto mais barato do catálogo.,
HLDA8IA1,Elease Gluck,Celia Rouche,West,MG Special,,,Engaging,2017-07-02,182.0,55.0,Decidir,3,,ampla,51,53.0,,0.0,Você fecha MG Special em 33 de 51 deals (65%) — acima da média geral (63%).,"Há 182 dias em Engaging. Nenhum deal do histórico fechou depois de 138 dias; 1291 abertos já passaram disso sem fechar. Não é esforço, é decisão: requalificar ou descartar.",MG Special: USD 55 em jogo — o produto mais barato do catálogo.,
UGB3A3CE,Maureen Marcano,Summer Sewald,West,MG Special,,,Engaging,2017-07-04,180.0,55.0,Decidir,3,,média,23,64.8,,0.0,Você fecha MG Special em 15 de 23 deals (65%) — acima da média geral (63%).,"Há 180 dias em Engaging. Nenhum deal do histórico fechou depois de 138 dias; 1291 abertos já passaram disso sem fechar. Não é esforço, é decisão: requalificar ou descartar.",MG Special: USD 55 em jogo — o produto mais barato do catálogo.,
ORM1IRQ2,Violet Mclelland,Cara Losch,East,MG Special,,,Engaging,2017-07-07,177.0,55.0,Decidir,3,,ampla,108,56.0,,0.0,Você fecha MG Special em 71 de 108 deals (66%) — acima da média geral (63%).,"Há 177 dias em Engaging. Nenhum deal do histórico fechou depois de 138 dias; 1291 abertos já passaram disso sem fechar. Não é esforço, é decisão: requalificar ou descartar.",MG Special: USD 55 em jogo — o produto mais barato do catálogo.,
D193SPY4,Violet Mclelland,Cara Losch,East,MG Special,Plussunin,retail,Engaging,2017-07-08,176.0,55.0,Decidir,3,,ampla,108,56.0,,0.0,Você fecha MG Special em 71 de 108 deals (66%) — acima da média geral (63%).,"Há 176 dias em Engaging. Nenhum deal do histórico fechou depois de 138 dias; 1291 abertos já passaram disso sem fechar. Não é esforço, é decisão: requalificar ou descartar.",MG Special: USD 55 em jogo — o produto mais barato do catálogo.,
21OMR381,Corliss Cosme,Cara Losch,East,MG Special,,,Engaging,2017-07-12,172.0,55.0,Decidir,3,,pequena,16,59.4,,0.0,Seu histórico em MG Special é 11 de 16 (69%). Base pequena: o score usa 66% (puxado para a sua média de 66%).,"Há 172 dias em Engaging. Nenhum deal do histórico fechou depois de 138 dias; 1291 abertos já passaram disso sem fechar. Não é esforço, é decisão: requalificar ou descartar.",MG Special: USD 55 em jogo — o produto mais barato do catálogo.,
4LOHS2AJ,Rosie Papadopoulos,Cara Losch,East,MG Special,,,Engaging,2017-07-13,171.0,55.0,Decidir,3,,média,33,48.5,,0.0,Seu histórico em MG Special é 20 de 33 (61%) — abaixo da sua média (64%) e da geral (63%).,"Há 171 dias em Engaging. Nenhum deal do histórico fechou depois de 138 dias; 1291 abertos já passaram disso sem fechar. Não é esforço, é decisão: requalificar ou descartar.",MG Special: USD 55 em jogo — o produto mais barato do catálogo.,
8BYEALF9,Vicki Laflamme,Celia Rouche,West,MG Special,,,Engaging,2017-07-14,170.0,55.0,Decidir,3,,ampla,80,51.8,,0.0,Você fecha MG Special em 51 de 80 deals (64%) — acima da média geral (63%).,"Há 170 dias em Engaging. Nenhum deal do histórico fechou depois de 138 dias; 1291 abertos já passaram disso sem fechar. Não é esforço, é decisão: requalificar ou descartar.",MG Special: USD 55 em jogo — o produto mais barato do catálogo.,
CI9S6CST,Rosalina Dieter,Celia Rouche,West,MG Special,,,Engaging,2017-07-15,169.0,55.0,Decidir,3,,ampla,52,43.3,,0.0,Seu histórico em MG Special é 30 de 52 (58%) — abaixo da sua média (65%) e da geral (63%).,"Há 169 dias em Engaging. Nenhum deal do histórico fechou depois de 138 dias; 1291 abertos já passaram disso sem fechar. Não é esforço, é decisão: requalificar ou descartar.",MG Special: USD 55 em jogo — o produto mais barato do catálogo.,
EJDRMHNC,Boris Faz,Rocco Neubert,East,MG Special,,,Engaging,2017-07-17,167.0,55.0,Decidir,3,,pequena,14,56.4,,0.0,Seu histórico em MG Special é 9 de 14 (64%). Base pequena: o score usa 65% (puxado para a sua média de 66%).,"Há 167 dias em Engaging. Nenhum deal do histórico fechou depois de 138 dias; 1291 abertos já passaram disso sem fechar. Não é esforço, é decisão: requalificar ou descartar.",MG Special: USD 55 em jogo — o produto mais barato do catálogo.,
055Z2OAS,Anna Snelling,Dustin Brinkmann,Central,MG Special,Dontechi,software,Engaging,2017-07-19,165.0,55.0,Decidir,3,,ampla,144,68.1,,0.0,Você fecha MG Special em 102 de 144 deals (71%) — acima da média geral (63%).,"Há 165 dias em Engaging. Nenhum deal do histórico fechou depois de 138 dias; 1291 abertos já passaram disso sem fechar. Não é esforço, é decisão: requalificar ou descartar.",MG Special: USD 55 em jogo — o produto mais barato do catálogo.,
8D8JOXP6,Cecily Lampkin,Dustin Brinkmann,Central,MG Special,,,Engaging,2017-07-19,165.0,55.0,Decidir,3,,média,39,56.7,,0.0,Você fecha MG Special em 25 de 39 deals (64%) — acima da média geral (63%).,"Há 165 dias em Engaging. Nenhum deal do histórico fechou depois de 138 dias; 1291 abertos já passaram disso sem fechar. Não é esforço, é decisão: requalificar ou descartar.",MG Special: USD 55 em jogo — o produto mais barato do catálogo.,
HIVUC1C4,Lajuana Vencill,Dustin Brinkmann,Central,MG Special,,,Engaging,2017-07-19,165.0,55.0,Decidir,3,,média,36,18.6,,0.0,Seu histórico em MG Special é 18 de 36 (50%) — abaixo da sua média (55%) e da geral (63%).,"Há 165 dias em Engaging. Nenhum deal do histórico fechou depois de 138 dias; 1291 abertos já passaram disso sem fechar. Não é esforço, é decisão: requalificar ou descartar.",MG Special: USD 55 em jogo — o produto mais barato do catálogo.,
IPHP2GVT,Cecily Lampkin,Dustin Brinkmann,Central,MG Special,,,Engaging,2017-07-19,165.0,55.0,Decidir,3,,média,39,56.7,,0.0,Você fecha MG Special em 25 de 39 deals (64%) — acima da média geral (63%).,"Há 165 dias em Engaging. Nenhum deal do histórico fechou depois de 138 dias; 1291 abertos já passaram disso sem fechar. Não é esforço, é decisão: requalificar ou descartar.",MG Special: USD 55 em jogo — o produto mais barato do catálogo.,
LDK61ORQ,Hayden Neloms,Celia Rouche,West,MG Special,Xx-zobam,entertainment,Engaging,2017-07-19,165.0,55.0,Decidir,3,,média,23,73.7,,0.0,Você fecha MG Special em 17 de 23 deals (74%) — bem acima da média geral (63%).,"Há 165 dias em Engaging. Nenhum deal do histórico fechou depois de 138 dias; 1291 abertos já passaram disso sem fechar. Não é esforço, é decisão: requalificar ou descartar.",MG Special: USD 55 em jogo — o produto mais barato do catálogo.,
Q9VC6GV0,Anna Snelling,Dustin Brinkmann,Central,MG Special,Konmatfix,marketing,Engaging,2017-07-19,165.0,55.0,Decidir,3,,ampla,144,68.1,,0.0,Você fecha MG Special em 102 de 144 deals (71%) — acima da média geral (63%).,"Há 165 dias em Engaging. Nenhum deal do histórico fechou depois de 138 dias; 1291 abertos já passaram disso sem fechar. Não é esforço, é decisão: requalificar ou descartar.",MG Special: USD 55 em jogo — o produto mais barato do catálogo.,
0NSRB3EO,Jonathan Berthelot,Melvin Marxen,Central,MG Special,,,Engaging,2017-07-20,164.0,55.0,Decidir,3,,média,26,73.1,,0.0,Você fecha MG Special em 21 de 26 deals (81%) — bem acima da média geral (63%).,"Há 164 dias em Engaging. Nenhum deal do histórico fechou depois de 138 dias; 1291 abertos já passaram disso sem fechar. Não é esforço, é decisão: requalificar ou descartar.",MG Special: USD 55 em jogo — o produto mais barato do catálogo.,
1R2CLEGQ,Anna Snelling,Dustin Brinkmann,Central,MG Special,,,Engaging,2017-07-20,164.0,55.0,Decidir,3,,ampla,144,68.1,,0.0,Você fecha MG Special em 102 de 144 deals (71%) — acima da média geral (63%).,"Há 164 dias em Engaging. Nenhum deal do histórico fechou depois de 138 dias; 1291 abertos já passaram disso sem fechar. Não é esforço, é decisão: requalificar ou descartar.",MG Special: USD 55 em jogo — o produto mais barato do catálogo.,
DNBR1VHP,Anna Snelling,Dustin Brinkmann,Central,MG Special,Silis,medical,Engaging,2017-07-20,164.0,55.0,Decidir,3,,ampla,144,68.1,,0.0,Você fecha MG Special em 102 de 144 deals (71%) — acima da média geral (63%).,"Há 164 dias em Engaging. Nenhum deal do histórico fechou depois de 138 dias; 1291 abertos já passaram disso sem fechar. Não é esforço, é decisão: requalificar ou descartar.",MG Special: USD 55 em jogo — o produto mais barato do catálogo.,
A3T91VUM,Cecily Lampkin,Dustin Brinkmann,Central,MG Special,,,Engaging,2017-07-21,163.0,55.0,Decidir,3,,média,39,56.7,,0.0,Você fecha MG Special em 25 de 39 deals (64%) — acima da média geral (63%).,"Há 163 dias em Engaging. Nenhum deal do histórico fechou depois de 138 dias; 1291 abertos já passaram disso sem fechar. Não é esforço, é decisão: requalificar ou descartar.",MG Special: USD 55 em jogo — o produto mais barato do catálogo.,
EUBMHJGQ,Versie Hillebrand,Dustin Brinkmann,Central,MG Special,Hottechi,technology,Engaging,2017-07-21,163.0,55.0,Decidir,3,,ampla,169,67.9,,0.0,Você fecha MG Special em 117 de 169 deals (69%) — acima da média geral (63%).,"Há 163 dias em Engaging. Nenhum deal do histórico fechou depois de 138 dias; 1291 abertos já passaram disso sem fechar. Não é esforço, é decisão: requalificar ou descartar.",MG Special: USD 55 em jogo — o produto mais barato do catálogo.,
GE4QGOCI,Moses Frase,Dustin Brinkmann,Central,MG Special,,,Engaging,2017-07-21,163.0,55.0,Decidir,3,,média,46,43.6,,0.0,Seu histórico em MG Special é 26 de 46 (57%) — abaixo da sua média (66%) e da geral (63%).,"Há 163 dias em Engaging. Nenhum deal do histórico fechou depois de 138 dias; 1291 abertos já passaram disso sem fechar. Não é esforço, é decisão: requalificar ou descartar.",MG Special: USD 55 em jogo — o produto mais barato do catálogo.,
GVJFKHNL,Gladys Colclough,Melvin Marxen,Central,MG Special,Silis,medical,Engaging,2017-07-21,163.0,55.0,Decidir,3,,média,49,40.0,,0.0,Seu histórico em MG Special é 30 de 49 (61%) — abaixo da média geral (63%).,"Há 163 dias em Engaging. Nenhum deal do histórico fechou depois de 138 dias; 1291 abertos já passaram disso sem fechar. Não é esforço, é decisão: requalificar ou descartar.",MG Special: USD 55 em jogo — o produto mais barato do catálogo.,
T9QD8U1Y,Darcel Schlecht,Melvin Marxen,Central,MG Special,Betasoloin,medical,Engaging,2017-07-21,163.0,55.0,Decidir,3,,média,43,53.0,,0.0,Você fecha MG Special em 28 de 43 deals (65%) — acima da média geral (63%).,"Há 163 dias em Engaging. Nenhum deal do histórico fechou depois de 138 dias; 1291 abertos já passaram disso sem fechar. Não é esforço, é decisão: requalificar ou descartar.",MG Special: USD 55 em jogo — o produto mais barato do catálogo.,
VJ9K12PY,Lajuana Vencill,Dustin Brinkmann,Central,MG Special,,,Engaging,2017-07-21,163.0,55.0,Decidir,3,,média,36,18.6,,0.0,Seu histórico em MG Special é 18 de 36 (50%) — abaixo da sua média (55%) e da geral (63%).,"Há 163 dias em Engaging. Nenhum deal do histórico fechou depois de 138 dias; 1291 abertos já passaram disso sem fechar. Não é esforço, é decisão: requalificar ou descartar.",MG Special: USD 55 em jogo — o produto mais barato do catálogo.,
33BMGHPN,Gladys Colclough,Melvin Marxen,Central,MG Special,Opentech,finance,Engaging,2017-07-22,162.0,55.0,Decidir,3,,média,49,40.0,,0.0,Seu histórico em MG Special é 30 de 49 (61%) — abaixo da média geral (63%).,"Há 162 dias em Engaging. Nenhum deal do histórico fechou depois de 138 dias; 1291 abertos já passaram disso sem fechar. Não é esforço, é decisão: requalificar ou descartar.",MG Special: USD 55 em jogo — o produto mais barato do catálogo.,
3DATPTEH,Anna Snelling,Dustin Brinkmann,Central,MG Special,,,Engaging,2017-07-22,162.0,55.0,Decidir,3,,ampla,144,68.1,,0.0,Você fecha MG Special em 102 de 144 deals (71%) — acima da média geral (63%).,"Há 162 dias em Engaging. Nenhum deal do histórico fechou depois de 138 dias; 1291 abertos já passaram disso sem fechar. Não é esforço, é decisão: requalificar ou descartar.",MG Special: USD 55 em jogo — o produto mais barato do catálogo.,
4JTH72JR,Versie Hillebrand,Dustin Brinkmann,Central,MG Special,,,Engaging,2017-07-22,162.0,55.0,Decidir,3,,ampla,169,67.9,,0.0,Você fecha MG Special em 117 de 169 deals (69%) — acima da média geral (63%).,"Há 162 dias em Engaging. Nenhum deal do histórico fechou depois de 138 dias; 1291 abertos já passaram disso sem fechar. Não é esforço, é decisão: requalificar ou descartar.",MG Special: USD 55 em jogo — o produto mais barato do catálogo.,
AWCGYWTE,Moses Frase,Dustin Brinkmann,Central,MG Special,Kinnamplus,retail,Engaging,2017-07-22,162.0,55.0,Decidir,3,,média,46,43.6,,0.0,Seu histórico em MG Special é 26 de 46 (57%) — abaixo da sua média (66%) e da geral (63%).,"Há 162 dias em Engaging. Nenhum deal do histórico fechou depois de 138 dias; 1291 abertos já passaram disso sem fechar. Não é esforço, é decisão: requalificar ou descartar.",MG Special: USD 55 em jogo — o produto mais barato do catálogo.,
E26Z10W7,James Ascencio,Summer Sewald,West,MG Special,,,Engaging,2017-07-22,162.0,55.0,Decidir,3,,pequena,16,59.4,,0.0,Seu histórico em MG Special é 11 de 16 (69%). Base pequena: o score usa 66% (puxado para a sua média de 66%).,"Há 162 dias em Engaging. Nenhum deal do histórico fechou depois de 138 dias; 1291 abertos já passaram disso sem fechar. Não é esforço, é decisão: requalificar ou descartar.",MG Special: USD 55 em jogo — o produto mais barato do catálogo.,
FEFNNXH1,Anna Snelling,Dustin Brinkmann,Central,MG Special,Singletechno,retail,Engaging,2017-07-22,162.0,55.0,Decidir,3,,ampla,144,68.1,,0.0,Você fecha MG Special em 102 de 144 deals (71%) — acima da média geral (63%).,"Há 162 dias em Engaging. Nenhum deal do histórico fechou depois de 138 dias; 1291 abertos já passaram disso sem fechar. Não é esforço, é decisão: requalificar ou descartar.",MG Special: USD 55 em jogo — o produto mais barato do catálogo.,
FT5U6NIG,Anna Snelling,Dustin Brinkmann,Central,MG Special,,,Engaging,2017-07-22,162.0,55.0,Decidir,3,,ampla,144,68.1,,0.0,Você fecha MG Special em 102 de 144 deals (71%) — acima da média geral (63%).,"Há 162 dias em Engaging. Nenhum deal do histórico fechou depois de 138 dias; 1291 abertos já passaram disso sem fechar. Não é esforço, é decisão: requalificar ou descartar.",MG Special: USD 55 em jogo — o produto mais barato do catálogo.,
INLVV78V,Versie Hillebrand,Dustin Brinkmann,Central,MG Special,,,Engaging,2017-07-22,162.0,55.0,Decidir,3,,ampla,169,67.9,,0.0,Você fecha MG Special em 117 de 169 deals (69%) — acima da média geral (63%).,"Há 162 dias em Engaging. Nenhum deal do histórico fechou depois de 138 dias; 1291 abertos já passaram disso sem fechar. Não é esforço, é decisão: requalificar ou descartar.",MG Special: USD 55 em jogo — o produto mais barato do catálogo.,
MM79TSUR,Versie Hillebrand,Dustin Brinkmann,Central,MG Special,,,Engaging,2017-07-22,162.0,55.0,Decidir,3,,ampla,169,67.9,,0.0,Você fecha MG Special em 117 de 169 deals (69%) — acima da média geral (63%).,"Há 162 dias em Engaging. Nenhum deal do histórico fechou depois de 138 dias; 1291 abertos já passaram disso sem fechar. Não é esforço, é decisão: requalificar ou descartar.",MG Special: USD 55 em jogo — o produto mais barato do catálogo.,
RQF6II3D,Anna Snelling,Dustin Brinkmann,Central,MG Special,,,Engaging,2017-07-22,162.0,55.0,Decidir,3,,ampla,144,68.1,,0.0,Você fecha MG Special em 102 de 144 deals (71%) — acima da média geral (63%).,"Há 162 dias em Engaging. Nenhum deal do histórico fechou depois de 138 dias; 1291 abertos já passaram disso sem fechar. Não é esforço, é decisão: requalificar ou descartar.",MG Special: USD 55 em jogo — o produto mais barato do catálogo.,
UAX2OR58,Darcel Schlecht,Melvin Marxen,Central,MG Special,,,Engaging,2017-07-22,162.0,55.0,Decidir,3,,média,43,53.0,,0.0,Você fecha MG Special em 28 de 43 deals (65%) — acima da média geral (63%).,"Há 162 dias em Engaging. Nenhum deal do histórico fechou depois de 138 dias; 1291 abertos já passaram disso sem fechar. Não é esforço, é decisão: requalificar ou descartar.",MG Special: USD 55 em jogo — o produto mais barato do catálogo.,
UJTU7DUB,Moses Frase,Dustin Brinkmann,Central,MG Special,,,Engaging,2017-07-22,162.0,55.0,Decidir,3,,média,46,43.6,,0.0,Seu histórico em MG Special é 26 de 46 (57%) — abaixo da sua média (66%) e da geral (63%).,"Há 162 dias em Engaging. Nenhum deal do histórico fechou depois de 138 dias; 1291 abertos já passaram disso sem fechar. Não é esforço, é decisão: requalificar ou descartar.",MG Special: USD 55 em jogo — o produto mais barato do catálogo.,
XNHTLVT1,Gladys Colclough,Melvin Marxen,Central,MG Special,,,Engaging,2017-07-22,162.0,55.0,Decidir,3,,média,49,40.0,,0.0,Seu histórico em MG Special é 30 de 49 (61%) — abaixo da média geral (63%).,"Há 162 dias em Engaging. Nenhum deal do histórico fechou depois de 138 dias; 1291 abertos já passaram disso sem fechar. Não é esforço, é decisão: requalificar ou descartar.",MG Special: USD 55 em jogo — o produto mais barato do catálogo.,
5WSQ6D2E,Gladys Colclough,Melvin Marxen,Central,MG Special,,,Engaging,2017-07-23,161.0,55.0,Decidir,3,,média,49,40.0,,0.0,Seu histórico em MG Special é 30 de 49 (61%) — abaixo da média geral (63%).,"Há 161 dias em Engaging. Nenhum deal do histórico fechou depois de 138 dias; 1291 abertos já passaram disso sem fechar. Não é esforço, é decisão: requalificar ou descartar.",MG Special: USD 55 em jogo — o produto mais barato do catálogo.,
6GG9CSTV,Gladys Colclough,Melvin Marxen,Central,MG Special,,,Engaging,2017-07-23,161.0,55.0,Decidir,3,,média,49,40.0,,0.0,Seu histórico em MG Special é 30 de 49 (61%) — abaixo da média geral (63%).,"Há 161 dias em Engaging. Nenhum deal do histórico fechou depois de 138 dias; 1291 abertos já passaram disso sem fechar. Não é esforço, é decisão: requalificar ou descartar.",MG Special: USD 55 em jogo — o produto mais barato do catálogo.,
IAUXJ05J,Anna Snelling,Dustin Brinkmann,Central,MG Special,,,Engaging,2017-07-23,161.0,55.0,Decidir,3,,ampla,144,68.1,,0.0,Você fecha MG Special em 102 de 144 deals (71%) — acima da média geral (63%).,"Há 161 dias em Engaging. Nenhum deal do histórico fechou depois de 138 dias; 1291 abertos já passaram disso sem fechar. Não é esforço, é decisão: requalificar ou descartar.",MG Special: USD 55 em jogo — o produto mais barato do catálogo.,
J732416R,Anna Snelling,Dustin Brinkmann,Central,MG Special,,,Engaging,2017-07-23,161.0,55.0,Decidir,3,,ampla,144,68.1,,0.0,Você fecha MG Special em 102 de 144 deals (71%) — acima da média geral (63%).,"Há 161 dias em Engaging. Nenhum deal do histórico fechou depois de 138 dias; 1291 abertos já passaram disso sem fechar. Não é esforço, é decisão: requalificar ou descartar.",MG Special: USD 55 em jogo — o produto mais barato do catálogo.,
P3Z2LYCL,Versie Hillebrand,Dustin Brinkmann,Central,MG Special,,,Engaging,2017-07-23,161.0,55.0,Decidir,3,,ampla,169,67.9,,0.0,Você fecha MG Special em 117 de 169 deals (69%) — acima da média geral (63%).,"Há 161 dias em Engaging. Nenhum deal do histórico fechou depois de 138 dias; 1291 abertos já passaram disso sem fechar. Não é esforço, é decisão: requalificar ou descartar.",MG Special: USD 55 em jogo — o produto mais barato do catálogo.,
2TYZRE2R,Moses Frase,Dustin Brinkmann,Central,MG Special,Massive Dynamic,entertainment,Engaging,2017-07-24,160.0,55.0,Decidir,3,,média,46,43.6,,0.0,Seu histórico em MG Special é 26 de 46 (57%) — abaixo da sua média (66%) e da geral (63%).,"Há 160 dias em Engaging. Nenhum deal do histórico fechou depois de 138 dias; 1291 abertos já passaram disso sem fechar. Não é esforço, é decisão: requalificar ou descartar.",MG Special: USD 55 em jogo — o produto mais barato do catálogo.,
7AFBJFP5,Maureen Marcano,Summer Sewald,West,MG Special,,,Engaging,2017-07-24,160.0,55.0,Decidir,3,,média,23,64.8,,0.0,Você fecha MG Special em 15 de 23 deals (65%) — acima da média geral (63%).,"Há 160 dias em Engaging. Nenhum deal do histórico fechou depois de 138 dias; 1291 abertos já passaram disso sem fechar. Não é esforço, é decisão: requalificar ou descartar.",MG Special: USD 55 em jogo — o produto mais barato do catálogo.,
KT4OEP4X,Versie Hillebrand,Dustin Brinkmann,Central,MG Special,,,Engaging,2017-07-24,160.0,55.0,Decidir,3,,ampla,169,67.9,,0.0,Você fecha MG Special em 117 de 169 deals (69%) — acima da média geral (63%).,"Há 160 dias em Engaging. Nenhum deal do histórico fechou depois de 138 dias; 1291 abertos já passaram disso sem fechar. Não é esforço, é decisão: requalificar ou descartar.",MG Special: USD 55 em jogo — o produto mais barato do catálogo.,
ODHVHXKS,Versie Hillebrand,Dustin Brinkmann,Central,MG Special,,,Engaging,2017-07-24,160.0,55.0,Decidir,3,,ampla,169,67.9,,0.0,Você fecha MG Special em 117 de 169 deals (69%) — acima da média geral (63%).,"Há 160 dias em Engaging. Nenhum deal do histórico fechou depois de 138 dias; 1291 abertos já passaram disso sem fechar. Não é esforço, é decisão: requalificar ou descartar.",MG Special: USD 55 em jogo — o produto mais barato do catálogo.,
WSQHC199,Darcel Schlecht,Melvin Marxen,Central,MG Special,,,Engaging,2017-07-24,160.0,55.0,Decidir,3,,média,43,53.0,,0.0,Você fecha MG Special em 28 de 43 deals (65%) — acima da média geral (63%).,"Há 160 dias em Engaging. Nenhum deal do histórico fechou depois de 138 dias; 1291 abertos já passaram disso sem fechar. Não é esforço, é decisão: requalificar ou descartar.",MG Special: USD 55 em jogo — o produto mais barato do catálogo.,
Z7EBMMAE,Versie Hillebrand,Dustin Brinkmann,Central,MG Special,,,Engaging,2017-07-24,160.0,55.0,Decidir,3,,ampla,169,67.9,,0.0,Você fecha MG Special em 117 de 169 deals (69%) — acima da média geral (63%).,"Há 160 dias em Engaging. Nenhum deal do histórico fechou depois de 138 dias; 1291 abertos já passaram disso sem fechar. Não é esforço, é decisão: requalificar ou descartar.",MG Special: USD 55 em jogo — o produto mais barato do catálogo.,
8ODHXBNE,Rosalina Dieter,Celia Rouche,West,MG Special,,,Engaging,2017-07-25,159.0,55.0,Decidir,3,,ampla,52,43.3,,0.0,Seu histórico em MG Special é 30 de 52 (58%) — abaixo da sua média (65%) e da geral (63%).,"Há 159 dias em Engaging. Nenhum deal do histórico fechou depois de 138 dias; 1291 abertos já passaram disso sem fechar. Não é esforço, é decisão: requalificar ou descartar.",MG Special: USD 55 em jogo — o produto mais barato do catálogo.,
CGFLLZZI,Kary Hendrixson,Summer Sewald,West,MG Special,,,Engaging,2017-07-25,159.0,55.0,Decidir,3,,média,29,51.5,,0.0,Você fecha MG Special em 19 de 29 deals (66%) — acima da média geral (63%).,"Há 159 dias em Engaging. Nenhum deal do histórico fechou depois de 138 dias; 1291 abertos já passaram disso sem fechar. Não é esforço, é decisão: requalificar ou descartar.",MG Special: USD 55 em jogo — o produto mais barato do catálogo.,
FHPRER2D,Versie Hillebrand,Dustin Brinkmann,Central,MG Special,Sonron,telecommunications,Engaging,2017-07-25,159.0,55.0,Decidir,3,,ampla,169,67.9,,0.0,Você fecha MG Special em 117 de 169 deals (69%) — acima da média geral (63%).,"Há 159 dias em Engaging. Nenhum deal do histórico fechou depois de 138 dias; 1291 abertos já passaram disso sem fechar. Não é esforço, é decisão: requalificar ou descartar.",MG Special: USD 55 em jogo — o produto mais barato do catálogo.,
GZ6SFRAT,Lajuana Vencill,Dustin Brinkmann,Central,MG Special,Hottechi,technology,Engaging,2017-07-25,159.0,55.0,Decidir,3,,média,36,18.6,,0.0,Seu histórico em MG Special é 18 de 36 (50%) — abaixo da sua média (55%) e da geral (63%).,"Há 159 dias em Engaging. Nenhum deal do histórico fechou depois de 138 dias; 1291 abertos já passaram disso sem fechar. Não é esforço, é decisão: requalificar ou descartar.",MG Special: USD 55 em jogo — o produto mais barato do catálogo.,
HJRM13DI,Marty Freudenburg,Melvin Marxen,Central,MG Special,Treequote,telecommunications,Engaging,2017-07-25,159.0,55.0,Decidir,3,,média,23,60.8,,0.0,Você fecha MG Special em 17 de 23 deals (74%) — bem acima da média geral (63%).,"Há 159 dias em Engaging. Nenhum deal do histórico fechou depois de 138 dias; 1291 abertos já passaram disso sem fechar. Não é esforço, é decisão: requalificar ou descartar.",MG Special: USD 55 em jogo — o produto mais barato do catálogo.,
P91SQBST,Anna Snelling,Dustin Brinkmann,Central,MG Special,Dalttechnology,software,Engaging,2017-07-25,159.0,55.0,Decidir,3,,ampla,144,68.1,,0.0,Você fecha MG Special em 102 de 144 deals (71%) — acima da média geral (63%).,"Há 159 dias em Engaging. Nenhum deal do histórico fechou depois de 138 dias; 1291 abertos já passaram disso sem fechar. Não é esforço, é decisão: requalificar ou descartar.",MG Special: USD 55 em jogo — o produto mais barato do catálogo.,
7RLLNAYC,Gladys Colclough,Melvin Marxen,Central,MG Special,,,Engaging,2017-07-26,158.0,55.0,Decidir,3,,média,49,40.0,,0.0,Seu histórico em MG Special é 30 de 49 (61%) — abaixo da média geral (63%).,"Há 158 dias em Engaging. Nenhum deal do histórico fechou depois de 138 dias; 1291 abertos já passaram disso sem fechar. Não é esforço, é decisão: requalificar ou descartar.",MG Special: USD 55 em jogo — o produto mais barato do catálogo.,
BRDB1I76,Gladys Colclough,Melvin Marxen,Central,MG Special,,,Engaging,2017-07-26,158.0,55.0,Decidir,3,,média,49,40.0,,0.0,Seu histórico em MG Special é 30 de 49 (61%) — abaixo da média geral (63%).,"Há 158 dias em Engaging. Nenhum deal do histórico fechou depois de 138 dias; 1291 abertos já passaram disso sem fechar. Não é esforço, é decisão: requalificar ou descartar.",MG Special: USD 55 em jogo — o produto mais barato do catálogo.,
IK7LMFER,Moses Frase,Dustin Brinkmann,Central,MG Special,,,Engaging,2017-07-26,158.0,55.0,Decidir,3,,média,46,43.6,,0.0,Seu histórico em MG Special é 26 de 46 (57%) — abaixo da sua média (66%) e da geral (63%).,"Há 158 dias em Engaging. Nenhum deal do histórico fechou depois de 138 dias; 1291 abertos já passaram disso sem fechar. Não é esforço, é decisão: requalificar ou descartar.",MG Special: USD 55 em jogo — o produto mais barato do catálogo.,
UVCHXUIG,Anna Snelling,Dustin Brinkmann,Central,MG Special,Konmatfix,marketing,Engaging,2017-07-26,158.0,55.0,Decidir,3,,ampla,144,68.1,,0.0,Você fecha MG Special em 102 de 144 deals (71%) — acima da média geral (63%).,"Há 158 dias em Engaging. Nenhum deal do histórico fechou depois de 138 dias; 1291 abertos já passaram disso sem fechar. Não é esforço, é decisão: requalificar ou descartar.",MG Special: USD 55 em jogo — o produto mais barato do catálogo.,
V02WMIWK,Anna Snelling,Dustin Brinkmann,Central,MG Special,,,Engaging,2017-07-26,158.0,55.0,Decidir,3,,ampla,144,68.1,,0.0,Você fecha MG Special em 102 de 144 deals (71%) — acima da média geral (63%).,"Há 158 dias em Engaging. Nenhum deal do histórico fechou depois de 138 dias; 1291 abertos já passaram disso sem fechar. Não é esforço, é decisão: requalificar ou descartar.",MG Special: USD 55 em jogo — o produto mais barato do catálogo.,
1XJFMYCW,Anna Snelling,Dustin Brinkmann,Central,MG Special,Golddex,finance,Engaging,2017-07-27,157.0,55.0,Decidir,3,,ampla,144,68.1,,0.0,Você fecha MG Special em 102 de 144 deals (71%) — acima da média geral (63%).,"Há 157 dias em Engaging. Nenhum deal do histórico fechou depois de 138 dias; 1291 abertos já passaram disso sem fechar. Não é esforço, é decisão: requalificar ou descartar.",MG Special: USD 55 em jogo — o produto mais barato do catálogo.,
51H02FX1,Niesha Huffines,Melvin Marxen,Central,MG Special,,,Engaging,2017-07-27,157.0,55.0,Decidir,3,,média,22,35.6,,0.0,Seu histórico em MG Special é 12 de 22 (55%) — abaixo da sua média (60%) e da geral (63%).,"Há 157 dias em Engaging. Nenhum deal do histórico fechou depois de 138 dias; 1291 abertos já passaram disso sem fechar. Não é esforço, é decisão: requalificar ou descartar.",MG Special: USD 55 em jogo — o produto mais barato do catálogo.,
WVT3X6IC,Versie Hillebrand,Dustin Brinkmann,Central,MG Special,,,Engaging,2017-07-27,157.0,55.0,Decidir,3,,ampla,169,67.9,,0.0,Você fecha MG Special em 117 de 169 deals (69%) — acima da média geral (63%).,"Há 157 dias em Engaging. Nenhum deal do histórico fechou depois de 138 dias; 1291 abertos já passaram disso sem fechar. Não é esforço, é decisão: requalificar ou descartar.",MG Special: USD 55 em jogo — o produto mais barato do catálogo.,
YYU1J6E1,Anna Snelling,Dustin Brinkmann,Central,MG Special,,,Engaging,2017-07-27,157.0,55.0,Decidir,3,,ampla,144,68.1,,0.0,Você fecha MG Special em 102 de 144 deals (71%) — acima da média geral (63%).,"Há 157 dias em Engaging. Nenhum deal do histórico fechou depois de 138 dias; 1291 abertos já passaram disso sem fechar. Não é esforço, é decisão: requalificar ou descartar.",MG Special: USD 55 em jogo — o produto mais barato do catálogo.,
10QE4JCA,Anna Snelling,Dustin Brinkmann,Central,MG Special,,,Engaging,2017-07-28,156.0,55.0,Decidir,3,,ampla,144,68.1,,0.0,Você fecha MG Special em 102 de 144 deals (71%) — acima da média geral (63%).,"Há 156 dias em Engaging. Nenhum deal do histórico fechou depois de 138 dias; 1291 abertos já passaram disso sem fechar. Não é esforço, é decisão: requalificar ou descartar.",MG Special: USD 55 em jogo — o produto mais barato do catálogo.,
3PPHOXTT,Darcel Schlecht,Melvin Marxen,Central,MG Special,,,Engaging,2017-07-28,156.0,55.0,Decidir,3,,média,43,53.0,,0.0,Você fecha MG Special em 28 de 43 deals (65%) — acima da média geral (63%).,"Há 156 dias em Engaging. Nenhum deal do histórico fechou depois de 138 dias; 1291 abertos já passaram disso sem fechar. Não é esforço, é decisão: requalificar ou descartar.",MG Special: USD 55 em jogo — o produto mais barato do catálogo.,
7W9S4DCZ,Lajuana Vencill,Dustin Brinkmann,Central,MG Special,Dalttechnology,software,Engaging,2017-07-28,156.0,55.0,Decidir,3,,média,36,18.6,,0.0,Seu histórico em MG Special é 18 de 36 (50%) — abaixo da sua média (55%) e da geral (63%).,"Há 156 dias em Engaging. Nenhum deal do histórico fechou depois de 138 dias; 1291 abertos já passaram disso sem fechar. Não é esforço, é decisão: requalificar ou descartar.",MG Special: USD 55 em jogo — o produto mais barato do catálogo.,
M5FP7HGQ,Moses Frase,Dustin Brinkmann,Central,MG Special,,,Engaging,2017-07-28,156.0,55.0,Decidir,3,,média,46,43.6,,0.0,Seu histórico em MG Special é 26 de 46 (57%) — abaixo da sua média (66%) e da geral (63%).,"Há 156 dias em Engaging. Nenhum deal do histórico fechou depois de 138 dias; 1291 abertos já passaram disso sem fechar. Não é esforço, é decisão: requalificar ou descartar.",MG Special: USD 55 em jogo — o produto mais barato do catálogo.,
3A2CCWEG,Cecily Lampkin,Dustin Brinkmann,Central,MG Special,,,Engaging,2017-07-29,155.0,55.0,Decidir,3,,média,39,56.7,,0.0,Você fecha MG Special em 25 de 39 deals (64%) — acima da média geral (63%).,"Há 155 dias em Engaging. Nenhum deal do histórico fechou depois de 138 dias; 1291 abertos já passaram disso sem fechar. Não é esforço, é decisão: requalificar ou descartar.",MG Special: USD 55 em jogo — o produto mais barato do catálogo.,
3FI1J4VO,Gladys Colclough,Melvin Marxen,Central,MG Special,,,Engaging,2017-07-29,155.0,55.0,Decidir,3,,média,49,40.0,,0.0,Seu histórico em MG Special é 30 de 49 (61%) — abaixo da média geral (63%).,"Há 155 dias em Engaging. Nenhum deal do histórico fechou depois de 138 dias; 1291 abertos já passaram disso sem fechar. Não é esforço, é decisão: requalificar ou descartar.",MG Special: USD 55 em jogo — o produto mais barato do catálogo.,
6US3WW0M,Jonathan Berthelot,Melvin Marxen,Central,MG Special,,,Engaging,2017-07-29,155.0,55.0,Decidir,3,,média,26,73.1,,0.0,Você fecha MG Special em 21 de 26 deals (81%) — bem acima da média geral (63%).,"Há 155 dias em Engaging. Nenhum deal do histórico fechou depois de 138 dias; 1291 abertos já passaram disso sem fechar. Não é esforço, é decisão: requalificar ou descartar.",MG Special: USD 55 em jogo — o produto mais barato do catálogo.,
ERTQ4SN3,Lajuana Vencill,Dustin Brinkmann,Central,MG Special,Zumgoity,medical,Engaging,2017-07-29,155.0,55.0,Decidir,3,,média,36,18.6,,0.0,Seu histórico em MG Special é 18 de 36 (50%) — abaixo da sua média (55%) e da geral (63%).,"Há 155 dias em Engaging. Nenhum deal do histórico fechou depois de 138 dias; 1291 abertos já passaram disso sem fechar. Não é esforço, é decisão: requalificar ou descartar.",MG Special: USD 55 em jogo — o produto mais barato do catálogo.,
G40058T1,Versie Hillebrand,Dustin Brinkmann,Central,MG Special,Yearin,retail,Engaging,2017-07-29,155.0,55.0,Decidir,3,,ampla,169,67.9,,0.0,Você fecha MG Special em 117 de 169 deals (69%) — acima da média geral (63%).,"Há 155 dias em Engaging. Nenhum deal do histórico fechou depois de 138 dias; 1291 abertos já passaram disso sem fechar. Não é esforço, é decisão: requalificar ou descartar.",MG Special: USD 55 em jogo — o produto mais barato do catálogo.,
T1SITEI0,Darcel Schlecht,Melvin Marxen,Central,MG Special,Singletechno,retail,Engaging,2017-07-29,155.0,55.0,Decidir,3,,média,43,53.0,,0.0,Você fecha MG Special em 28 de 43 deals (65%) — acima da média geral (63%).,"Há 155 dias em Engaging. Nenhum deal do histórico fechou depois de 138 dias; 1291 abertos já passaram disso sem fechar. Não é esforço, é decisão: requalificar ou descartar.",MG Special: USD 55 em jogo — o produto mais barato do catálogo.,
TQZLDFIJ,Versie Hillebrand,Dustin Brinkmann,Central,MG Special,,,Engaging,2017-07-29,155.0,55.0,Decidir,3,,ampla,169,67.9,,0.0,Você fecha MG Special em 117 de 169 deals (69%) — acima da média geral (63%).,"Há 155 dias em Engaging. Nenhum deal do histórico fechou depois de 138 dias; 1291 abertos já passaram disso sem fechar. Não é esforço, é decisão: requalificar ou descartar.",MG Special: USD 55 em jogo — o produto mais barato do catálogo.,
0M3NCPQX,Versie Hillebrand,Dustin Brinkmann,Central,MG Special,,,Engaging,2017-07-30,154.0,55.0,Decidir,3,,ampla,169,67.9,,0.0,Você fecha MG Special em 117 de 169 deals (69%) — acima da média geral (63%).,"Há 154 dias em Engaging. Nenhum deal do histórico fechou depois de 138 dias; 1291 abertos já passaram disso sem fechar. Não é esforço, é decisão: requalificar ou descartar.",MG Special: USD 55 em jogo — o produto mais barato do catálogo.,
5SNCUQ8Z,Anna Snelling,Dustin Brinkmann,Central,MG Special,,,Engaging,2017-07-30,154.0,55.0,Decidir,3,,ampla,144,68.1,,0.0,Você fecha MG Special em 102 de 144 deals (71%) — acima da média geral (63%).,"Há 154 dias em Engaging. Nenhum deal do histórico fechou depois de 138 dias; 1291 abertos já passaram disso sem fechar. Não é esforço, é decisão: requalificar ou descartar.",MG Special: USD 55 em jogo — o produto mais barato do catálogo.,
5W29OCB8,Lajuana Vencill,Dustin Brinkmann,Central,MG Special,Bioholding,medical,Engaging,2017-07-30,154.0,55.0,Decidir,3,,média,36,18.6,,0.0,Seu histórico em MG Special é 18 de 36 (50%) — abaixo da sua média (55%) e da geral (63%).,"Há 154 dias em Engaging. Nenhum deal do histórico fechou depois de 138 dias; 1291 abertos já passaram disso sem fechar. Não é esforço, é decisão: requalificar ou descartar.",MG Special: USD 55 em jogo — o produto mais barato do catálogo.,
754UOV5F,Marty Freudenburg,Melvin Marxen,Central,MG Special,,,Engaging,2017-07-30,154.0,55.0,Decidir,3,,média,23,60.8,,0.0,Você fecha MG Special em 17 de 23 deals (74%) — bem acima da média geral (63%).,"Há 154 dias em Engaging. Nenhum deal do histórico fechou depois de 138 dias; 1291 abertos já passaram disso sem fechar. Não é esforço, é decisão: requalificar ou descartar.",MG Special: USD 55 em jogo — o produto mais barato do catálogo.,
7COYG1Z2,Kami Bicknell,Summer Sewald,West,MG Special,,,Engaging,2017-07-30,154.0,55.0,Decidir,3,,média,28,65.7,,0.0,Você fecha MG Special em 21 de 28 deals (75%) — bem acima da média geral (63%).,"Há 154 dias em Engaging. Nenhum deal do histórico fechou depois de 138 dias; 1291 abertos já passaram disso sem fechar. Não é esforço, é decisão: requalificar ou descartar.",MG Special: USD 55 em jogo — o produto mais barato do catálogo.,
DJFMG9QI,Moses Frase,Dustin Brinkmann,Central,MG Special,Plusstrip,entertainment,Engaging,2017-07-30,154.0,55.0,Decidir,3,,média,46,43.6,,0.0,Seu histórico em MG Special é 26 de 46 (57%) — abaixo da sua média (66%) e da geral (63%).,"Há 154 dias em Engaging. Nenhum deal do histórico fechou depois de 138 dias; 1291 abertos já passaram disso sem fechar. Não é esforço, é decisão: requalificar ou descartar.",MG Special: USD 55 em jogo — o produto mais barato do catálogo.,
I5AKI9KC,Niesha Huffines,Melvin Marxen,Central,MG Special,,,Engaging,2017-07-30,154.0,55.0,Decidir,3,,média,22,35.6,,0.0,Seu histórico em MG Special é 12 de 22 (55%) — abaixo da sua média (60%) e da geral (63%).,"Há 154 dias em Engaging. Nenhum deal do histórico fechou depois de 138 dias; 1291 abertos já passaram disso sem fechar. Não é esforço, é decisão: requalificar ou descartar.",MG Special: USD 55 em jogo — o produto mais barato do catálogo.,
MK380H70,Anna Snelling,Dustin Brinkmann,Central,MG Special,,,Engaging,2017-07-30,154.0,55.0,Decidir,3,,ampla,144,68.1,,0.0,Você fecha MG Special em 102 de 144 deals (71%) — acima da média geral (63%).,"Há 154 dias em Engaging. Nenhum deal do histórico fechou depois de 138 dias; 1291 abertos já passaram disso sem fechar. Não é esforço, é decisão: requalificar ou descartar.",MG Special: USD 55 em jogo — o produto mais barato do catálogo.,
OJ42ZCHR,Violet Mclelland,Cara Losch,East,MG Special,,,Engaging,2017-07-30,154.0,55.0,Decidir,3,,ampla,108,56.0,,0.0,Você fecha MG Special em 71 de 108 deals (66%) — acima da média geral (63%).,"Há 154 dias em Engaging. Nenhum deal do histórico fechou depois de 138 dias; 1291 abertos já passaram disso sem fechar. Não é esforço, é decisão: requalificar ou descartar.",MG Special: USD 55 em jogo — o produto mais barato do catálogo.,
RTOIXNPC,Gladys Colclough,Melvin Marxen,Central,MG Special,,,Engaging,2017-07-30,154.0,55.0,Decidir,3,,média,49,40.0,,0.0,Seu histórico em MG Special é 30 de 49 (61%) — abaixo da média geral (63%).,"Há 154 dias em Engaging. Nenhum deal do histórico fechou depois de 138 dias; 1291 abertos já passaram disso sem fechar. Não é esforço, é decisão: requalificar ou descartar.",MG Special: USD 55 em jogo — o produto mais barato do catálogo.,
SP9W5IND,Boris Faz,Rocco Neubert,East,MG Special,Acme Corporation,technology,Engaging,2017-07-30,154.0,55.0,Decidir,3,,pequena,14,56.4,,0.0,Seu histórico em MG Special é 9 de 14 (64%). Base pequena: o score usa 65% (puxado para a sua média de 66%).,"Há 154 dias em Engaging. Nenhum deal do histórico fechou depois de 138 dias; 1291 abertos já passaram disso sem fechar. Não é esforço, é decisão: requalificar ou descartar.",MG Special: USD 55 em jogo — o produto mais barato do catálogo.,
EP9JNNF1,Violet Mclelland,Cara Losch,East,MG Special,,,Engaging,2017-07-31,153.0,55.0,Decidir,3,,ampla,108,56.0,,0.0,Você fecha MG Special em 71 de 108 deals (66%) — acima da média geral (63%).,"Há 153 dias em Engaging. Nenhum deal do histórico fechou depois de 138 dias; 1291 abertos já passaram disso sem fechar. Não é esforço, é decisão: requalificar ou descartar.",MG Special: USD 55 em jogo — o produto mais barato do catálogo.,
K63TD0WD,Versie Hillebrand,Dustin Brinkmann,Central,MG Special,,,Engaging,2017-07-31,153.0,55.0,Decidir,3,,ampla,169,67.9,,0.0,Você fecha MG Special em 117 de 169 deals (69%) — acima da média geral (63%).,"Há 153 dias em Engaging. Nenhum deal do histórico fechou depois de 138 dias; 1291 abertos já passaram disso sem fechar. Não é esforço, é decisão: requalificar ou descartar.",MG Special: USD 55 em jogo — o produto mais barato do catálogo.,
QD4ONE04,Anna Snelling,Dustin Brinkmann,Central,MG Special,Rangreen,technology,Engaging,2017-07-31,153.0,55.0,Decidir,3,,ampla,144,68.1,,0.0,Você fecha MG Special em 102 de 144 deals (71%) — acima da média geral (63%).,"Há 153 dias em Engaging. Nenhum deal do histórico fechou depois de 138 dias; 1291 abertos já passaram disso sem fechar. Não é esforço, é decisão: requalificar ou descartar.",MG Special: USD 55 em jogo — o produto mais barato do catálogo.,
YWGU40CP,Darcel Schlecht,Melvin Marxen,Central,MG Special,,,Engaging,2017-07-31,153.0,55.0,Decidir,3,,média,43,53.0,,0.0,Você fecha MG Special em 28 de 43 deals (65%) — acima da média geral (63%).,"Há 153 dias em Engaging. Nenhum deal do histórico fechou depois de 138 dias; 1291 abertos já passaram disso sem fechar. Não é esforço, é decisão: requalificar ou descartar.",MG Special: USD 55 em jogo — o produto mais barato do catálogo.,
1DC9PQ4S,Versie Hillebrand,Dustin Brinkmann,Central,MG Special,,,Engaging,2017-08-01,152.0,55.0,Decidir,3,,ampla,169,67.9,,0.0,Você fecha MG Special em 117 de 169 deals (69%) — acima da média geral (63%).,"Há 152 dias em Engaging. Nenhum deal do histórico fechou depois de 138 dias; 1291 abertos já passaram disso sem fechar. Não é esforço, é decisão: requalificar ou descartar.",MG Special: USD 55 em jogo — o produto mais barato do catálogo.,
1FLN8BTI,Darcel Schlecht,Melvin Marxen,Central,MG Special,Rundofase,technology,Engaging,2017-08-01,152.0,55.0,Decidir,3,,média,43,53.0,,0.0,Você fecha MG Special em 28 de 43 deals (65%) — acima da média geral (63%).,"Há 152 dias em Engaging. Nenhum deal do histórico fechou depois de 138 dias; 1291 abertos já passaram disso sem fechar. Não é esforço, é decisão: requalificar ou descartar.",MG Special: USD 55 em jogo — o produto mais barato do catálogo.,
3FWZBSW1,Versie Hillebrand,Dustin Brinkmann,Central,MG Special,Cancity,retail,Engaging,2017-08-01,152.0,55.0,Decidir,3,,ampla,169,67.9,,0.0,Você fecha MG Special em 117 de 169 deals (69%) — acima da média geral (63%).,"Há 152 dias em Engaging. Nenhum deal do histórico fechou depois de 138 dias; 1291 abertos já passaram disso sem fechar. Não é esforço, é decisão: requalificar ou descartar.",MG Special: USD 55 em jogo — o produto mais barato do catálogo.,
4ZB2W6O7,Anna Snelling,Dustin Brinkmann,Central,MG Special,Plusstrip,entertainment,Engaging,2017-08-01,152.0,55.0,Decidir,3,,ampla,144,68.1,,0.0,Você fecha MG Special em 102 de 144 deals (71%) — acima da média geral (63%).,"Há 152 dias em Engaging. Nenhum deal do histórico fechou depois de 138 dias; 1291 abertos já passaram disso sem fechar. Não é esforço, é decisão: requalificar ou descartar.",MG Special: USD 55 em jogo — o produto mais barato do catálogo.,
A9TEJW6U,Versie Hillebrand,Dustin Brinkmann,Central,MG Special,,,Engaging,2017-08-01,152.0,55.0,Decidir,3,,ampla,169,67.9,,0.0,Você fecha MG Special em 117 de 169 deals (69%) — acima da média geral (63%).,"Há 152 dias em Engaging. Nenhum deal do histórico fechou depois de 138 dias; 1291 abertos já passaram disso sem fechar. Não é esforço, é decisão: requalificar ou descartar.",MG Special: USD 55 em jogo — o produto mais barato do catálogo.,
G78ZK6XI,Gladys Colclough,Melvin Marxen,Central,MG Special,,,Engaging,2017-08-01,152.0,55.0,Decidir,3,,média,49,40.0,,0.0,Seu histórico em MG Special é 30 de 49 (61%) — abaixo da média geral (63%).,"Há 152 dias em Engaging. Nenhum deal do histórico fechou depois de 138 dias; 1291 abertos já passaram disso sem fechar. Não é esforço, é decisão: requalificar ou descartar.",MG Special: USD 55 em jogo — o produto mais barato do catálogo.,
H85L45JM,Anna Snelling,Dustin Brinkmann,Central,MG Special,,,Engaging,2017-08-01,152.0,55.0,Decidir,3,,ampla,144,68.1,,0.0,Você fecha MG Special em 102 de 144 deals (71%) — acima da média geral (63%).,"Há 152 dias em Engaging. Nenhum deal do histórico fechou depois de 138 dias; 1291 abertos já passaram disso sem fechar. Não é esforço, é decisão: requalificar ou descartar.",MG Special: USD 55 em jogo — o produto mais barato do catálogo.,
PR1H7NHK,Versie Hillebrand,Dustin Brinkmann,Central,MG Special,Mathtouch,marketing,Engaging,2017-08-01,152.0,55.0,Decidir,3,,ampla,169,67.9,,0.0,Você fecha MG Special em 117 de 169 deals (69%) — acima da média geral (63%).,"Há 152 dias em Engaging. Nenhum deal do histórico fechou depois de 138 dias; 1291 abertos já passaram disso sem fechar. Não é esforço, é decisão: requalificar ou descartar.",MG Special: USD 55 em jogo — o produto mais barato do catálogo.,
VAL8O4PH,Darcel Schlecht,Melvin Marxen,Central,MG Special,,,Engaging,2017-08-01,152.0,55.0,Decidir,3,,média,43,53.0,,0.0,Você fecha MG Special em 28 de 43 deals (65%) — acima da média geral (63%).,"Há 152 dias em Engaging. Nenhum deal do histórico fechou depois de 138 dias; 1291 abertos já passaram disso sem fechar. Não é esforço, é decisão: requalificar ou descartar.",MG Special: USD 55 em jogo — o produto mais barato do catálogo.,
VIY7P8J6,Versie Hillebrand,Dustin Brinkmann,Central,MG Special,Hatfan,services,Engaging,2017-08-01,152.0,55.0,Decidir,3,,ampla,169,67.9,,0.0,Você fecha MG Special em 117 de 169 deals (69%) — acima da média geral (63%).,"Há 152 dias em Engaging. Nenhum deal do histórico fechou depois de 138 dias; 1291 abertos já passaram disso sem fechar. Não é esforço, é decisão: requalificar ou descartar.",MG Special: USD 55 em jogo — o produto mais barato do catálogo.,
Y7244XW7,Moses Frase,Dustin Brinkmann,Central,MG Special,Plussunin,retail,Engaging,2017-08-01,152.0,55.0,Decidir,3,,média,46,43.6,,0.0,Seu histórico em MG Special é 26 de 46 (57%) — abaixo da sua média (66%) e da geral (63%).,"Há 152 dias em Engaging. Nenhum deal do histórico fechou depois de 138 dias; 1291 abertos já passaram disso sem fechar. Não é esforço, é decisão: requalificar ou descartar.",MG Special: USD 55 em jogo — o produto mais barato do catálogo.,
8LP076IV,Versie Hillebrand,Dustin Brinkmann,Central,MG Special,,,Engaging,2017-08-02,151.0,55.0,Decidir,3,,ampla,169,67.9,,0.0,Você fecha MG Special em 117 de 169 deals (69%) — acima da média geral (63%).,"Há 151 dias em Engaging. Nenhum deal do histórico fechou depois de 138 dias; 1291 abertos já passaram disso sem fechar. Não é esforço, é decisão: requalificar ou descartar.",MG Special: USD 55 em jogo — o produto mais barato do catálogo.,
CWXHKUV5,Versie Hillebrand,Dustin Brinkmann,Central,MG Special,,,Engaging,2017-08-02,151.0,55.0,Decidir,3,,ampla,169,67.9,,0.0,Você fecha MG Special em 117 de 169 deals (69%) — acima da média geral (63%).,"Há 151 dias em Engaging. Nenhum deal do histórico fechou depois de 138 dias; 1291 abertos já passaram disso sem fechar. Não é esforço, é decisão: requalificar ou descartar.",MG Special: USD 55 em jogo — o produto mais barato do catálogo.,
3BA9OPGY,Lajuana Vencill,Dustin Brinkmann,Central,MG Special,,,Engaging,2017-08-03,150.0,55.0,Decidir,3,,média,36,18.6,,0.0,Seu histórico em MG Special é 18 de 36 (50%) — abaixo da sua média (55%) e da geral (63%).,"Há 150 dias em Engaging. Nenhum deal do histórico fechou depois de 138 dias; 1291 abertos já passaram disso sem fechar. Não é esforço, é decisão: requalificar ou descartar.",MG Special: USD 55 em jogo — o produto mais barato do catálogo.,
3G61D5KV,Gladys Colclough,Melvin Marxen,Central,MG Special,,,Engaging,2017-08-03,150.0,55.0,Decidir,3,,média,49,40.0,,0.0,Seu histórico em MG Special é 30 de 49 (61%) — abaixo da média geral (63%).,"Há 150 dias em Engaging. Nenhum deal do histórico fechou depois de 138 dias; 1291 abertos já passaram disso sem fechar. Não é esforço, é decisão: requalificar ou descartar.",MG Special: USD 55 em jogo — o produto mais barato do catálogo.,
NNH4EBG8,Vicki Laflamme,Celia Rouche,West,MG Special,Mathtouch,marketing,Engaging,2017-08-03,150.0,55.0,Decidir,3,,ampla,80,51.8,,0.0,Você fecha MG Special em 51 de 80 deals (64%) — acima da média geral (63%).,"Há 150 dias em Engaging. Nenhum deal do histórico fechou depois de 138 dias; 1291 abertos já passaram disso sem fechar. Não é esforço, é decisão: requalificar ou descartar.",MG Special: USD 55 em jogo — o produto mais barato do catálogo.,
Q1TS5ZKD,Versie Hillebrand,Dustin Brinkmann,Central,MG Special,,,Engaging,2017-08-03,150.0,55.0,Decidir,3,,ampla,169,67.9,,0.0,Você fecha MG Special em 117 de 169 deals (69%) — acima da média geral (63%).,"Há 150 dias em Engaging. Nenhum deal do histórico fechou depois de 138 dias; 1291 abertos já passaram disso sem fechar. Não é esforço, é decisão: requalificar ou descartar.",MG Special: USD 55 em jogo — o produto mais barato do catálogo.,
RD6Y5R4P,Kami Bicknell,Summer Sewald,West,MG Special,Cancity,retail,Engaging,2017-08-03,150.0,55.0,Decidir,3,,média,28,65.7,,0.0,Você fecha MG Special em 21 de 28 deals (75%) — bem acima da média geral (63%).,"Há 150 dias em Engaging. Nenhum deal do histórico fechou depois de 138 dias; 1291 abertos já passaram disso sem fechar. Não é esforço, é decisão: requalificar ou descartar.",MG Special: USD 55 em jogo — o produto mais barato do catálogo.,
SUUVV6RP,Niesha Huffines,Melvin Marxen,Central,MG Special,,,Engaging,2017-08-03,150.0,55.0,Decidir,3,,média,22,35.6,,0.0,Seu histórico em MG Special é 12 de 22 (55%) — abaixo da sua média (60%) e da geral (63%).,"Há 150 dias em Engaging. Nenhum deal do histórico fechou depois de 138 dias; 1291 abertos já passaram disso sem fechar. Não é esforço, é decisão: requalificar ou descartar.",MG Special: USD 55 em jogo — o produto mais barato do catálogo.,
TIPXNDS2,Gladys Colclough,Melvin Marxen,Central,MG Special,Betatech,medical,Engaging,2017-08-03,150.0,55.0,Decidir,3,,média,49,40.0,,0.0,Seu histórico em MG Special é 30 de 49 (61%) — abaixo da média geral (63%).,"Há 150 dias em Engaging. Nenhum deal do histórico fechou depois de 138 dias; 1291 abertos já passaram disso sem fechar. Não é esforço, é decisão: requalificar ou descartar.",MG Special: USD 55 em jogo — o produto mais barato do catálogo.,
ULJG457F,Anna Snelling,Dustin Brinkmann,Central,MG Special,,,Engaging,2017-08-03,150.0,55.0,Decidir,3,,ampla,144,68.1,,0.0,Você fecha MG Special em 102 de 144 deals (71%) — acima da média geral (63%).,"Há 150 dias em Engaging. Nenhum deal do histórico fechou depois de 138 dias; 1291 abertos já passaram disso sem fechar. Não é esforço, é decisão: requalificar ou descartar.",MG Special: USD 55 em jogo — o produto mais barato do catálogo.,
51VR0RD3,Violet Mclelland,Cara Losch,East,MG Special,,,Engaging,2017-08-04,149.0,55.0,Decidir,3,,ampla,108,56.0,,0.0,Você fecha MG Special em 71 de 108 deals (66%) — acima da média geral (63%).,"Há 149 dias em Engaging. Nenhum deal do histórico fechou depois de 138 dias; 1291 abertos já passaram disso sem fechar. Não é esforço, é decisão: requalificar ou descartar.",MG Special: USD 55 em jogo — o produto mais barato do catálogo.,
5UFU5IO4,Corliss Cosme,Cara Losch,East,MG Special,Cancity,retail,Engaging,2017-08-04,149.0,55.0,Decidir,3,,pequena,16,59.4,,0.0,Seu histórico em MG Special é 11 de 16 (69%). Base pequena: o score usa 66% (puxado para a sua média de 66%).,"Há 149 dias em Engaging. Nenhum deal do histórico fechou depois de 138 dias; 1291 abertos já passaram disso sem fechar. Não é esforço, é decisão: requalificar ou descartar.",MG Special: USD 55 em jogo — o produto mais barato do catálogo.,
ZCUMC0XC,Gladys Colclough,Melvin Marxen,Central,MG Special,,,Engaging,2017-08-04,149.0,55.0,Decidir,3,,média,49,40.0,,0.0,Seu histórico em MG Special é 30 de 49 (61%) — abaixo da média geral (63%).,"Há 149 dias em Engaging. Nenhum deal do histórico fechou depois de 138 dias; 1291 abertos já passaram disso sem fechar. Não é esforço, é decisão: requalificar ou descartar.",MG Special: USD 55 em jogo — o produto mais barato do catálogo.,
3A54O8JT,Versie Hillebrand,Dustin Brinkmann,Central,MG Special,,,Engaging,2017-08-05,148.0,55.0,Decidir,3,,ampla,169,67.9,,0.0,Você fecha MG Special em 117 de 169 deals (69%) — acima da média geral (63%).,"Há 148 dias em Engaging. Nenhum deal do histórico fechou depois de 138 dias; 1291 abertos já passaram disso sem fechar. Não é esforço, é decisão: requalificar ou descartar.",MG Special: USD 55 em jogo — o produto mais barato do catálogo.,
7DOGGIXI,Elease Gluck,Celia Rouche,West,MG Special,Bioplex,medical,Engaging,2017-08-05,148.0,55.0,Decidir,3,,ampla,51,53.0,,0.0,Você fecha MG Special em 33 de 51 deals (65%) — acima da média geral (63%).,"Há 148 dias em Engaging. Nenhum deal do histórico fechou depois de 138 dias; 1291 abertos já passaram disso sem fechar. Não é esforço, é decisão: requalificar ou descartar.",MG Special: USD 55 em jogo — o produto mais barato do catálogo.,
80QJ0BQH,Anna Snelling,Dustin Brinkmann,Central,MG Special,,,Engaging,2017-08-05,148.0,55.0,Decidir,3,,ampla,144,68.1,,0.0,Você fecha MG Special em 102 de 144 deals (71%) — acima da média geral (63%).,"Há 148 dias em Engaging. Nenhum deal do histórico fechou depois de 138 dias; 1291 abertos já passaram disso sem fechar. Não é esforço, é decisão: requalificar ou descartar.",MG Special: USD 55 em jogo — o produto mais barato do catálogo.,
DAAHNY6T,Anna Snelling,Dustin Brinkmann,Central,MG Special,,,Engaging,2017-08-05,148.0,55.0,Decidir,3,,ampla,144,68.1,,0.0,Você fecha MG Special em 102 de 144 deals (71%) — acima da média geral (63%).,"Há 148 dias em Engaging. Nenhum deal do histórico fechou depois de 138 dias; 1291 abertos já passaram disso sem fechar. Não é esforço, é decisão: requalificar ou descartar.",MG Special: USD 55 em jogo — o produto mais barato do catálogo.,
AV72Y65Y,Cecily Lampkin,Dustin Brinkmann,Central,MG Special,Streethex,retail,Engaging,2017-08-06,147.0,55.0,Decidir,3,,média,39,56.7,,0.0,Você fecha MG Special em 25 de 39 deals (64%) — acima da média geral (63%).,"Há 147 dias em Engaging. Nenhum deal do histórico fechou depois de 138 dias; 1291 abertos já passaram disso sem fechar. Não é esforço, é decisão: requalificar ou descartar.",MG Special: USD 55 em jogo — o produto mais barato do catálogo.,
ZGK1AWBD,Boris Faz,Rocco Neubert,East,MG Special,Vehement Capital Partners,finance,Engaging,2017-08-06,147.0,55.0,Decidir,3,,pequena,14,56.4,,0.0,Seu histórico em MG Special é 9 de 14 (64%). Base pequena: o score usa 65% (puxado para a sua média de 66%).,"Há 147 dias em Engaging. Nenhum deal do histórico fechou depois de 138 dias; 1291 abertos já passaram disso sem fechar. Não é esforço, é decisão: requalificar ou descartar.",MG Special: USD 55 em jogo — o produto mais barato do catálogo.,
DYO98F6J,Marty Freudenburg,Melvin Marxen,Central,MG Special,,,Engaging,2017-08-10,143.0,55.0,Decidir,3,,média,23,60.8,,0.0,Você fecha MG Special em 17 de 23 deals (74%) — bem acima da média geral (63%).,"Há 143 dias em Engaging. Nenhum deal do histórico fechou depois de 138 dias; 1291 abertos já passaram disso sem fechar. Não é esforço, é decisão: requalificar ou descartar.",MG Special: USD 55 em jogo — o produto mais barato do catálogo.,
VJSI29OF,Versie Hillebrand,Dustin Brinkmann,Central,MG Special,,,Engaging,2017-08-11,142.0,55.0,Decidir,3,,ampla,169,67.9,,0.0,Você fecha MG Special em 117 de 169 deals (69%) — acima da média geral (63%).,"Há 142 dias em Engaging. Nenhum deal do histórico fechou depois de 138 dias; 1291 abertos já passaram disso sem fechar. Não é esforço, é decisão: requalificar ou descartar.",MG Special: USD 55 em jogo — o produto mais barato do catálogo.,
Z7Q2USU1,Markita Hansen,Celia Rouche,West,MG Special,,,Engaging,2017-08-11,142.0,55.0,Decidir,3,,ampla,54,22.7,,0.0,Seu histórico em MG Special é 28 de 54 (52%) — abaixo da sua média (57%) e da geral (63%).,"Há 142 dias em Engaging. Nenhum deal do histórico fechou depois de 138 dias; 1291 abertos já passaram disso sem fechar. Não é esforço, é decisão: requalificar ou descartar.",MG Special: USD 55 em jogo — o produto mais barato do catálogo.,
44Q1W18Y,Moses Frase,Dustin Brinkmann,Central,MG Special,Zoomit,entertainment,Engaging,2017-08-12,141.0,55.0,Decidir,3,,média,46,43.6,,0.0,Seu histórico em MG Special é 26 de 46 (57%) — abaixo da sua média (66%) e da geral (63%).,"Há 141 dias em Engaging. Nenhum deal do histórico fechou depois de 138 dias; 1291 abertos já passaram disso sem fechar. Não é esforço, é decisão: requalificar ou descartar.",MG Special: USD 55 em jogo — o produto mais barato do catálogo.,
7ZN8YCH8,Versie Hillebrand,Dustin Brinkmann,Central,MG Special,Gekko & Co,retail,Engaging,2017-08-12,141.0,55.0,Decidir,3,,ampla,169,67.9,,0.0,Você fecha MG Special em 117 de 169 deals (69%) — acima da média geral (63%).,"Há 141 dias em Engaging. Nenhum deal do histórico fechou depois de 138 dias; 1291 abertos já passaram disso sem fechar. Não é esforço, é decisão: requalificar ou descartar.",MG Special: USD 55 em jogo — o produto mais barato do catálogo.,
HMWIP0F2,Darcel Schlecht,Melvin Marxen,Central,MG Special,Finjob,employment,Engaging,2017-08-12,141.0,55.0,Decidir,3,,média,43,53.0,,0.0,Você fecha MG Special em 28 de 43 deals (65%) — acima da média geral (63%).,"Há 141 dias em Engaging. Nenhum deal do histórico fechou depois de 138 dias; 1291 abertos já passaram disso sem fechar. Não é esforço, é decisão: requalificar ou descartar.",MG Special: USD 55 em jogo — o produto mais barato do catálogo.,
LT111IZL,Moses Frase,Dustin Brinkmann,Central,MG Special,,,Engaging,2017-08-12,141.0,55.0,Decidir,3,,média,46,43.6,,0.0,Seu histórico em MG Special é 26 de 46 (57%) — abaixo da sua média (66%) e da geral (63%).,"Há 141 dias em Engaging. Nenhum deal do histórico fechou depois de 138 dias; 1291 abertos já passaram disso sem fechar. Não é esforço, é decisão: requalificar ou descartar.",MG Special: USD 55 em jogo — o produto mais barato do catálogo.,
QFRZLXF3,Cecily Lampkin,Dustin Brinkmann,Central,MG Special,,,Engaging,2017-08-12,141.0,55.0,Decidir,3,,média,39,56.7,,0.0,Você fecha MG Special em 25 de 39 deals (64%) — acima da média geral (63%).,"Há 141 dias em Engaging. Nenhum deal do histórico fechou depois de 138 dias; 1291 abertos já passaram disso sem fechar. Não é esforço, é decisão: requalificar ou descartar.",MG Special: USD 55 em jogo — o produto mais barato do catálogo.,
QHY85D44,Moses Frase,Dustin Brinkmann,Central,MG Special,,,Engaging,2017-08-12,141.0,55.0,Decidir,3,,média,46,43.6,,0.0,Seu histórico em MG Special é 26 de 46 (57%) — abaixo da sua média (66%) e da geral (63%).,"Há 141 dias em Engaging. Nenhum deal do histórico fechou depois de 138 dias; 1291 abertos já passaram disso sem fechar. Não é esforço, é decisão: requalificar ou descartar.",MG Special: USD 55 em jogo — o produto mais barato do catálogo.,
PXNDLIL2,Lajuana Vencill,Dustin Brinkmann,Central,MG Special,Initech,telecommunications,Engaging,2017-08-13,140.0,55.0,Decidir,3,,média,36,18.6,,0.0,Seu histórico em MG Special é 18 de 36 (50%) — abaixo da sua média (55%) e da geral (63%).,"Há 140 dias em Engaging. Nenhum deal do histórico fechou depois de 138 dias; 1291 abertos já passaram disso sem fechar. Não é esforço, é decisão: requalificar ou descartar.",MG Special: USD 55 em jogo — o produto mais barato do catálogo.,
USS2SNQI,Maureen Marcano,Summer Sewald,West,MG Special,,,Engaging,2017-08-13,140.0,55.0,Decidir,3,,média,23,64.8,,0.0,Você fecha MG Special em 15 de 23 deals (65%) — acima da média geral (63%).,"Há 140 dias em Engaging. Nenhum deal do histórico fechou depois de 138 dias; 1291 abertos já passaram disso sem fechar. Não é esforço, é decisão: requalificar ou descartar.",MG Special: USD 55 em jogo — o produto mais barato do catálogo.,
0GS0L5VR,Anna Snelling,Dustin Brinkmann,Central,MG Special,,,Engaging,2017-08-14,139.0,55.0,Decidir,3,,ampla,144,68.1,,0.0,Você fecha MG Special em 102 de 144 deals (71%) — acima da média geral (63%).,"Há 139 dias em Engaging. Nenhum deal do histórico fechou depois de 138 dias; 1291 abertos já passaram disso sem fechar. Não é esforço, é decisão: requalificar ou descartar.",MG Special: USD 55 em jogo — o produto mais barato do catálogo.,
8FGW6RSX,Elease Gluck,Celia Rouche,West,MG Special,,,Engaging,2017-08-14,139.0,55.0,Decidir,3,,ampla,51,53.0,,0.0,Você fecha MG Special em 33 de 51 deals (65%) — acima da média geral (63%).,"Há 139 dias em Engaging. Nenhum deal do histórico fechou depois de 138 dias; 1291 abertos já passaram disso sem fechar. Não é esforço, é decisão: requalificar ou descartar.",MG Special: USD 55 em jogo — o produto mais barato do catálogo.,
NPORW46K,Anna Snelling,Dustin Brinkmann,Central,MG Special,,,Engaging,2017-08-14,139.0,55.0,Decidir,3,,ampla,144,68.1,,0.0,Você fecha MG Special em 102 de 144 deals (71%) — acima da média geral (63%).,"Há 139 dias em Engaging. Nenhum deal do histórico fechou depois de 138 dias; 1291 abertos já passaram disso sem fechar. Não é esforço, é decisão: requalificar ou descartar.",MG Special: USD 55 em jogo — o produto mais barato do catálogo.,
